GTIN,상품분류코드,상품분류명,상품명(대표),상품명(국문),상품명(영문),상품명(기타),품목명,모델명,제품번호,회사정보,수입 상품 구분,국가정보,브랜드 소유회사,브랜드명,상품 단위,규격정보,상품 구성,포장단위별 수량,순중량(Net Weight),총중량(Gross Weight),가로(cm),세로(cm),높이(cm),과세형태,상품 형태,상품 포장 재질,분리배출표시,성인용 상품 여부,어린이용 상품 여부,보관 취급 주의사항,AS책임자(반품/교환주소),전화번호(교환문의),마케팅 문구,기타,원재료 전체텍스트,등록일시,수정일시,보정이미지 1000 JPG,보정이미지 1000 PNG,썸네일 250 JPG,썸네일 250 PNG,영양성분,미디어 종류(138624),부가기능(138637),연결방식(138641),부가기능(138655),충전시간(H)(138656),연료(138657),종류(138658),유선속도(138660),구성(138663),운영체제(138664),플레이어(138665),온라인지원(138666),종류(138667),저장매체(138668),화소(만)(138669),화면크기(인치)(138675),제품분류(138683),SSD(138685),부가기능(138690),HDD 용량(GB)(138691),센서크기(138695),마운트(138697),키패드 타입(138698),필터구경(mm)(138700),부가기능(138701),부가기능(138702),최대조리개(F)(138704),VGA 슬롯(138705),응답속도(GTG)(138706),내장 CPU(138707),사진 최대 해상도(138708),동영상 최대 해상도(138709),사진 화소(만)(138710),동영상 화소(만)(138711),건조용량(kg)(138712),전기렌지 화구(138713),동적 명암비(138714),냉동고(138715),인터페이스(138717),쓰기속도(Mb/s)(138718),인터페이스(138719),형태(138720),전기찜기 종류(138721),제과기 종류(138722),룸개수(138723),형태(138725),응답속도(138727),업소용 기능(138728),자판기 종류(138730),DMB종류(138731),PC 레이팅(138733),메모리방식(138734),녹즙방식(138735),그릴 위치(138736),설계 전력(W)(138737),제조 공정(138738),L3 캐시(138739),L2 캐시(138740),L1 캐시(138741),동작 클럭(GHz)(138742),연산 체계(138743),팬(138744),렌지후드 풍량(138745),조명(138746),제조기(138747),기타주방가전(138748),탕기용량(L)(138749),멀티스타일(138750),형태(138751),컵종류(138752),형태(138753),메모리(개)(138754),조리실 코팅(138755),사용방식(138757),선택메뉴(138758),종류(138759),노즐종류(138760),추출기능(138761),세척방식(138762),사용얼음(138763),전기팬 형태(138764),요구르트 컵갯수(138765),전기포트 종류(138766),보관와인(병)(138767),세탁용량(kg)(138787),특징(138829),주요소재(138832),코팅종류(138833),순환방식(138856),부가기능(138857),용도(138858),물탱크용량(ml)(138859),탱크용량(L)(138860),발열량(kcal/h)(138861),바람형태(138862),부가기능(138863),취수구(138864),출수방식(138865),냉방효율(W/W)(138866),eMMC(138869),제습효율(L/kWh)(138870),축개수(138874),패닝 작동범위(138875),롤링 작동범위(138876),틸팅 작동범위(138877),공기이동거리(m)(138878),크기(138879),조작부(138880),정수단계(138881),기본 명암비(?:1)(138882),형태(138888),부가기능(138889),단수(138890),형태(138891),형태(138892),최소길이(cm)(138893),최대적재무게(kg)(138894),최대길이(cm)(138895),재질(138896),최대거치사이즈(cm)(138901),최소거치사이즈(cm)(138902),핸들수(138903),부가기능(138904),배터리용량(mAh)(138905),전원(138906),부가기능(138926),채널(138927),소음(dB)(138930),부가기능(138931),외부연결(138932),램프수명(138933),특징(138955),노트북수납(138956),최대 주사율(138960),종류(138961),깊이(mm)(138963),높이(mm)(138964),가로(mm)(138965),지원기종(138966),화면크기(138967),유형(138973),청정방식(138979),화면크기(138984),연결방식(138994),스마트폰연결(OTG)(138995),기타특징(139002),해상도(139008),기능(139024),사용부위(139033),특징(139056),2in1(139060),인증(139061),특징(139062),스마트폰지원(139063),부가기능(139077),종류(139078),부가기능(139079),전자파흡수율(W/kg)(139080),형태(139084),최대 사용시간(H)(139168),충전시간(H)(139169),LAN 포트수(139184),WAN 포트수(139185),주파수(139186),조작방식(139191),용량(인용)(139192),종류(139193),구성품(139194),부가기능(139195),충전방식(139196),단계조절(139197),면도방식(139198),부가기능(139221),소음(dB)(139223),타이머(H)(139224),물통용량(L)(139225),제습면적(㎡)(139226),제습용량(L)(139227),필터(139228),부가기능(139229),형태(139230),부가기능(139232),날개크기(cm)(139233),형태(139234),타이머(H)(139243),풍속조절단계수(139246),선길이(m)(139249),배터리종류(139251),사용시간(H)(139252),충전시간(H)(139253),조작부(139254),충전방식(139256),부가기능(139257),흡입력(W)(139258),연장관(139260),부가기능(139262),날개수(139263),안전인증(139265),사용시간(H)(139266),충전시간(H)(139267),먼지통 용량(L)(139268),부가기능(139269),필터(139270),요리종류(139276),부가기능(139277),안전장치(139278),음성지원(139279),살균방식(139284),흡입력조절(139285),감지센서(139286),흡입력(W)(139287),청소방식(139288),흡입방식(139289),타입(139290),부가기능(139291),코드길이(m)(139292),스팀조절(139293),예열시간(S)(139294),물통용량(ml)(139297),부가기능(139298),스팀방식(139299),구분(139300),탱크용량(L)(139301),형태(139302),먼지통 용량(L)(139303),진공도(mmH2O)(139304),흡입력(W)(139305),타입(139306),종류(139307),부가기능(139309),사용시간(M)(139311),충전시간(M)(139312),배터리종류(139313),카메라내장(139314),센서(139315),청소모드(139316),구분(139317),기능(139389),연출헤어(139390),제품구성(139391),타입(139392),부가기능(139394),안전기능(139395),최고온도(139403),최저온도(139404),온도조절방식(139406),온도조절여부(139407),제품구성(139408),전원코드 길이(m)(139409),안전기능(139432),세기조절(139433),온도조절(139434),제품구성(139435),조작방식(139436),부가기능(139482),냉방능력(kW)(139483),냉방면적(㎡)(139484),타입(139485),바람방향(139492),난방능력(kW)(139496),소비전력(W)(139502),사용전원(139504),편의기능(139505),보안/안전기능(139506),난방면적(㎡)(139508),구성(139513),용도(139514),보안 방식(139515),TPEG 사업자(139516),실시간 교통정보(139517),메모리(139518),난방소비전력(kW)(139521),GPS(139523),촬영시야각(139524),녹화화질(139525),냉방소비전력(kW)(139527),최대발열량(kcal/h)(139538),색상(139546),안전장치(139549),형태(139551),종류(139552),필터(139558),기타특징(139569),공기청정기능(139570),사용면적(㎡)(139572),월 소비전력(kW)(139573),안전기능(139574),디스크수(장)(139575),인증(139576),단자(139580),백라이트(139581),화면비율(139582),블루투스(139583),무선랜(139584),SSD 인터페이스(139585),HDD 용량(139586),기타 GPU(139587),AMD GPU(139588),최대 출력(W)(139589),SSHD 용량(139590),mSATA 용량(139591),렌즈마운트(139592),인텔 GPU(139593),디스플레이 특징(139594),화면크기(cm)(139595),메모리 타입(139596),메모리 용량(139597),CPU속도(139598),CPU(139599),보관 개수(139601),기타특징(139604),밴드형태(139605),임피던스(Ohms)(139606),최대ISO감도(139607),NVIDIA GPU(139608),최대소음(dB)(139609),가습기능(139610),최대전원(mW)(139611),감도(dB)(139612),부가기능(139614),드라이버유닛(139615),유닛형태(139616),화면크기(cm)(139617),부가기능(139618),화면크기(cm)(139619),사용면적(㎡)(139620),통신사(139621),밝기(cd/㎡)(139622),TV화면크기(139623),내장메모리(139624),M.2 SSD 용량(139625),대기전력(W)(139626),스탠드 기능(139628),TV 수신(139629),그래픽 메모리(139630),부 입력 단자(139631),주 입력 단자(139632),무게(스탠드포함)(kg)(139633),입출력 포트(139634),영상출력(139635),무게(스탠드제외)(kg)(139636),웹카메라화소(만)(139637),인터페이스(139638),화면 크기(139639),화면비율(139640),추가옵션(139642),게임장르(139643),응답 속도(139644),화면 종류(139645),이용등급(139646),충전기종류(139649),구성품(139650),메모리확장(139651),칩셋(139652),지원거리(139654),제품 형태(139655),캡방식(139656),색상(139657),카세트데크종류(139658),MD전송방식(139659),라디오형태(139660),워크맨지원(139661),CDP종류(139662),형태(139663),밴드방식(139664),선형태(139665),커넥터(139666),배터리 용량(139667),색상(139668),휠 조정(139669),전원(139670),무선 방식(139671),흑백스캔속도(139672),컬러스캔속도(139673),모뎀 속도(139674),기본 메모리(139675),쿨링팬 두께(139676),SATA 커넥터(139677),GPU 클럭(MHz)(139678),최대조리개(F)(139679),접사거리(cm)(139680),동영상 해상도(139681),ATX 12V 규격(139682),재생시간(H)(139683),전원공급(139684),칩셋(139685),램 타이밍(139686),내부포트(139687),PFC 회로(139688),메인전원 커넥터(139689),3.5 베이(내부)(139690),3.5 베이(외부)(139691),5.25 베이(139692),냉각방식(139693),외부포트(139694),재질(139695),카드 크기(139696),메모리 대역폭(139697),소음도(dB)(139698),메모리 클럭(MHz)(139699),메모리 슬롯(139700),최대 메모리(139701),사용 장치(139702),분류(139703),HDD 타입(139704),헤드셋 형태(139705),동영상 프레임(139706),내장마이크 유무(139707),이미지센서(139708),리모컨(139709),GPS안테나(139713),GPS형태(139714),듀얼코어(139715),오디오종류(139716),LCD형태(139717),전원공급(139719),싱글코어(MHz)(139720),해상도(139721),액정크기(인치(inch))(139722),DMB(139723),지원방식(139725),입력 단자(139726),최대 출력(W)(139727),정격 출력(W)(139728),채널(139729),디지털줌(배)(139730),게임기기(139731),출력 단자(139732),패널 종류(139733),기본 명암비(?:1)(139734),밝기(cd/㎡)(139735),최대 해상도(139736),형태(139748),부가기능(139757),무선속도(139758),전압(139773),부가기능(139789),무선방식(139790),채널(139809),용도(139810),형태(139811),재질(139816),타입(139820),칩셋(139844),아이템(139860),가입유형(139863),화면비율(139864),프로젝터 화면비(139869),스크린 설치방식(139870),VTR 헤드(139871),해상도(139872),종류(139873),정화단계(139874),필터 종류(139875),기능(139876),도어개수(139877),용량(인용)(139879),용도(139880),용량(L)(139881),튀김기 용량(L)(139882),액정보호필름(139883),제빵기 용량(g)(139884),토스터 형태(139885),포트용량(L)(139886),용량(잔)(139887),광학줌(배)(139889),용량(L)(139890),그릴(139891),화구수(139892),충전관련종류(139893),보호필름종류(139894),케이스종류(139895),방식(139896),타입(139897),이발기(139898),헤어스타일러(139899),면도날(139901),형태(139903),디스플레이(139906),녹음(139907),타입(139908),세트채널(139909),종류(139910),형태(139912),종류(139913),스크린 크기(139916),프로젝터 해상도(139917),배속(139918),메모리종류(139919),출력(139920),CD갯수(139921),용량(139922),버퍼(139923),회전수(139924),용량(139925),용도(139926),팬 크기(139927),파워규격(139928),메인보드 규격(139929),파워 유무(139930),인터페이스(139931),메모리(139932),CDP형태(139933),형태(139934),인터페이스(139935),출력(139936),버스 클럭(139937),규격(139938),메모리 규격(139939),용량(139940),작업 영역(139941),인식 방식(139942),스캐너해상도(dpi)(139943),흑백인쇄속도(139944),코어 형태(139945),인텔-코어(139946),AMD-코어(139947),소켓(139948),방식(139949),방식(139950),최대감도(139951),방식(139952),칩셋(139953),사용인원(139954),발열방식(139955),형태(139956),버튼수(139957),HDD(GB)(139958),RAM(139959),CPU(139963),렌즈종류(139965),인터페이스(139966),모드(bit)(139967),기록매체(139971),형태(139972),최대분무량(cc)(139973),광학줌(139974),종류(139975),연결방식(139976),컬러인쇄속도(139977),용량(139978),물탱크용량(L)(139979),작동방식(139980),해상도(dpi)(139981),가습방식(139982),앰프종류(139983),인터페이스(139984),형태(139985),쿨링팬 개수(139986),파워 규격(139987),노트북보안기(139988),램프 종류(139989),프로젝터 밝기(139990),정격 출력(W)(139991),포트수(139992),미디어특성(139993),용량(139994),프로젝터 방식(139995),포트수(139996),CPU소켓(139997),종류(139998),기능(139999),세척코스(140000),정수방식(140001),추출방식(140002),베어링(140003),무선규격(140006),케이스 크기(140007),인터페이스(140008),부가 기능(140009),읽기속도(Mb/s)(140010),인터페이스(140011),칩셋(140016),부가기능(140021),저장매체(140025),초당프레임(140026),녹화해상도(140027),녹화방식(140028),녹화채널(140029),부가기능(140030),전원방식(140031),결제방식(140032),통신방식(140033),내비게이션 MAP(140034),프로세스 구성(140035),블루투스버전(140036),스트림 프로세서(140041),쓰기속도(MB/s)(140042),읽기속도(MB/s)(140043),쿠다 프로세서(140056),평균온도(140080),최고온도(140081),지속시간(H)(140082),음성출력(140092),영상출력(140093),HDD장착공간(140094),안테나(140118),길이(cm)(140141),컨트롤러(140165),HDD방식(140169),부가기능(140173),PC연결방식(140174),VGA 단자(140175),포트 수(140176),부가기능(140177),부가기능(140178),용량(mAh)(140179),기능(140182),PCI-E 커넥터(140185),부가기능(140186),부가기능(140187),저장장치 단자(140188),메모리 종류(140189),출력단자(140199),부가기능(140224),주요특징(140225),부가기능(140226),부가기능(140227),부가기능(140228),부가기능(140229),부가기능(140230),부가기능(140231),카세트데크수(140232),턴테이블 종류(140233),디지털액자 크기(140234),데크 종류(140235),DMB크기(140236),최소촬영거리(cm)(140237),용량(L)(140239),속도(140240),부가기능(140244),부가기능(140245),부가기능(140246),배율(140247),종류(140249),조명타입(140250),메모리타입(140255),규격(140256),배터리 용량(mAh)(140258),조리개값(F)(140259),저장방식(140260),XD카드 타입(140261),바운스(140262),배터리타입(140263),용량(mAh)(140264),헤드타입(140265),호환성(140266),필름크기(140267),GPS칩(140268),액세서리구분(140269),외장메모리타입(140270),배터리(140271),배터리 타입(140272),해상도(140273),운영체제(140274),ODD(140275),시리즈(140276),조절단계(140277),가스종류(140278),난방방식(140279),기타종류(140280),LCD타입(140282),VGA제품군(140284),조절단계(140285),칩셋 제조사(140286),유량(L)(140288),사용면적(㎡)(140289),핀수(140290),스타일(140292),코어명(AMD)(140293),코어명(인텔)(140294),종류(140295),배터리종류(140296),연료(140297),전원(140300),충전기종류(140302),필터종류(140304),형태별(140305),최저조도(lux)(140306),분무구(140307),연속가습시간(H)(140308),손잡이 형태(140310),발열판코팅(140311),지원메모리(140312),광학줌(140314),이미지센서(140315),구성언어(140317),HDD 용량(140318),부가기능(140319),저장방식(140320),최소셔터스피드(1/?초)(140321),최대연속촬영속도(매/초당)(140322),색상계열(140323),부가기능(140325),부가기능(140326),부가기능(140327),부가기능(140328),부가기능(140329),부가기능(140330),부가기능(140331),부가기능(140332),부가기능(140333),부가기능(140334),부가기능(140335),부가기능(140336),부가기능(140337),부가기능(140338),부가기능(140339),부가기능(140340),인터페이스(140341),부가기능(140342),부가기능(140343),부가기능(140344),부가기능(140345),용량(140346),부가기능(140347),부가기능(140348),부가기능(140349),종류(140350),지향성(140351),연결선 형태(140352),입력방식(140361),부가기능(140362),무선네트워크(140364),해상도(140366),규격(140372),광원(140379),HDD크기(140380),부가기능(140381),배터리타입(140382),인터넷강의(140383),발음(140384),시험콘텐츠(140385),회화콘텐츠(140386),최대속도(140387),무선방식(140388),연결방식(140389),타입(140395),사전(140396),센서방식(140398),부가기능(140401),메모리방식(140402),부가기능(140406),정격전압(140674),주요 사양(140677),부품보유기간(140680),이동통신 가입조건(140681),실외기 포함여부(140682),에너지효율(140684),출시년월(140686),맵 업데이트 비용 및 무상기간(140691),냉난방면적(140694),추가설치비용(140695),제품 소재(140698),KC인증번호(140740),사용방법(140746),KC인증 필 유무(140856),사용연령(140864),KC인증정보(140870),재질/원료/성분명(140878),용도(140902),홈페이지 주소(140903),내열온도(140905),내냉온도(140906),영업신고(허가)번호(140921),인증/상세정보(140923),인증(140933),품질보증기간(140940),자가검사번호(140943),입력전압(140948),출력전압(140949),종류(140952),주파수(140954),드라이버 길이(140955),제조년월(140958),섬유제품 취급에 관한 표시(140959),최대하중(140961),섬유의 조성 및 혼용율(140962),제품특징(140963),사용용도(140964),가격(140966),보존제(140972),안전기준적합확인신고번호(140975),제형(140976),주요물질(140980)
8804706170546,7221301,디지털/가전>음향가전>스피커>블루투스스피커,엑토 actto 포시 블루투스 스피커 357g,actto 포시 블루투스 스피커,actto POSH BLUETOOTH SPEAKER,,,BTS-12,BTS-12,"구분=업소/업자|:|이름=주식회사 엑토|:|주소=부산 사상구 사상로 355번길 9 엑토빌딩|:|서울 용산구 한강대로 43길8, 104동 B105호|:|상해시 송강구 소곤산진 대강공업구 팽풍로 608
구분=제조/생산|:|이름=SHENZHEN YAYUSI ELECTRONIC TECHNOLOGY CO.,LTD.|:|주소=",수입제품,원산지=중국,주식회사 엑토,엑토|:|actto,단일,용량=357g,포시 블루투스 스피커 + Micro 5Pin 충전 케이블 + AUX 케이블 + 사용 설명서,1,357.0,468.0,19.2,9.4,7.6,,육면체형,,,N,N,"제품 사용전 반드시 사용설명서를 읽어주십시오 
포장 개봉 시 손을 다치지 않도록 주의하십시오. 절단 부분에 상처를 입을 수 있습니다 
임의로 분해, 조립하지 마십시오 
제품의 사양은 성능 개선을 위해 사전에 예고없이 변경될 수 있습니다 
화기근처에 두지 말것  ",,080-302-9981,,"기자재 명칭: 특정소출력 무선기기 (무선데이터통신시스템용 무선기기)

제품스펙
사이즈: 165 x 70 x 50mm 
충전 케이블 길이: 100cm 
AUX 케이블 길이: 95cm 
버전: 블루투스 3.0 
블루투스 주파수: 2.4GHz 
작동범위: 10m 
순간최대출력: 3W x 2
입력: DC 5V 
주파수범위: 150Hz~18KHz 
감도: 85dB 
임피던스: 40Ω 
왜율: ≤1% 
연결방식: 블루투스, 3.5mm AUX, TF(MicroSD) 카드 
충전방식: Micro 5Pin케이블 연결 
지원통신방식: HSP/HFP/A2DP/AVRCP
배터리: 리튬이온배터리내장 
배터리용량: 1800mAh 
충전전압: DC 3.7V 
충전시간: 3시간 
재생시간: 4~10시간 
대기시간: 약 100시간 
드라이버 유닛: 38.1mm

재질: ABS, Fabric, UV

제조시기: 별도표시 M0417BTS12",,2018-12-20 14:33:13,2018-12-20 14:33:13,https://firebasestorage.googleapis.com/v0/b/steady-copilot-206205.appspot.com/o/goods%2Ffcdec800-df6b-409b-b217-39102b355f1c%2Ffcdec800-df6b-409b-b217-39102b355f1c_front_angle_1000.jpg?alt=media&token=dbf7be1f-4c99-4914-8096-bf830f610be5,https://firebasestorage.googleapis.com/v0/b/steady-copilot-206205.appspot.com/o/goods%2Ffcdec800-df6b-409b-b217-39102b355f1c%2Ffcdec800-df6b-409b-b217-39102b355f1c_front_angle_1000.png?alt=media&token=7af48be2-fccf-430a-a879-53198c08c27d,https://firebasestorage.googleapis.com/v0/b/steady-copilot-206205.appspot.com/o/goods%2Ffcdec800-df6b-409b-b217-39102b355f1c%2Ffcdec800-df6b-409b-b217-39102b355f1c_front_angle_250.jpg?alt=media&token=0480b229-d225-4007-b88a-1e579c02b8fd,https://firebasestorage.googleapis.com/v0/b/steady-copilot-206205.appspot.com/o/goods%2Ffcdec800-df6b-409b-b217-39102b355f1c%2Ffcdec800-df6b-409b-b217-39102b355f1c_front_angle_250.png?alt=media&token=2547cb3c-f53c-48e2-a618-bdd19f2d64f1,,,,,,,,,,,,,,,,,,,,,,,,,,,,,,,,,,,,,,,,,,,,,,,,,,,,,,,,,,,,,,,,,,,,,,,,,,,,,,,,,,,,,,,,,,,,,,,,,,,,,,,,,,,,,,,,,,,,,,,,,,,,,,,,,,,,,,,,,,,,,,,,,,,,,,,,,,,,,,,,,,,,,,,,,,,,,,,,,,,,,,,,,,,,,,,,,,,,,,,,,,,,,,,,,,,,,,,,,,,,,,,,,,,,,,,,,,,,,,,,,,,,,,,,,,,,,,,,,,,,,,,,,,,,,,,,,,,,,,,,,,,,,,,,,,,,,,,,,,,,,,,,,,,,,,,,,,,,,,,,,,,,,,,,,,,,,,,,,,,,,,,,,,,,,,,,,,,,,,,,,,,,,,,,,,,,,,,,,,,,,,,,,,,,,,,,,,,,,,,,,,,,,,,,,,,,,,,,,,,,,,,,,,,,,,,,,,,,,,,,,,,,,,,,,,,,,,,,,,,,,,,,,,,,,,,,,,,,,,,,,,,,,,,,,,,,,,,,,,,,,,,,,,,,,,,,,,,,,,,,,,,,,,,,,,,,,,,,,,,,,,,,,,,,,,,,,,,,,,,,,,,,,,,,,,,,,,,,,,,,,,,,,,,,,,,,,,,,,,,,,,,,,,,,,,,,,,,,,,,,,,,,,,,,,,,,,,,,,,,,,,,,,,,,,,,,,,,,,,,,,,,,,,,,,,,,,,,,,,,,,,,,,,,,,,,,,,,,,,,,,,,,,,,,,,,,,,,,,,,,,,,,,,,,,,,,,,,,,,,,,,,,,,,,,,,,,,,,MSIP-CMI-ACT-BTS-12,,Y,,,,,,,,,,,,,,,,,,,,,,,,,,,,
8804706211096,7281001,디지털/가전>카메라/캠코더용품>카드리더기>멀티리더기,엑토 픽셀카드리더(CRD-19) 8g,픽셀카드리더(CRD-19),PIXEL CARD READER(CRD-19),,,CRD-19,CRD-19,"구분=제조/생산|:|이름=GHI International Ltd.|:|주소=
구분=제조/판매|:|이름=주식회사 엑토|:|주소=부산 사상구 사상로 355번길 9 엑토빌딩|:|서울 용산구 한강대로 43길8, 104동 B105호|:|상해시 공강구 소곤산진 대강공업구 팽풍로 608",수입제품,원산지=중국,주식회사 엑토,엑토|:|actto,단일,용량=8g,,1,8.0,,,,,,기타유형,,"종이,플라스틱(페트/PET)",N,N,"지원되는 카드의 종류를 반드시 확인하고 구입하십시오.
메모리 카드의 종류에 따라 Reading  Capacity의 차이가 있습니다
카드리더에 메모리 카드를 삽입 시 앞, 뒷면을 잘 확인해서 넣어 주십시오
여러 종류의 메모리 카드를 동시에 사용 시 전력 부족으로 오작동이 발생할 수 있습니다
포장 개봉시 손을 다치지 않도록 주의하십시오.
절단 부분에 상처를 입을 수 있습니다
임의로 분해,조립하지 마십시오
제품의 사양은 성능 개선을 위해 사전에 예고 없이 변경될 수 있습니다.
화기근처에 두지 말것",,080-302-9981,"휴대가 용이한 미니 사이즈 카드리더
최대 128GB 메모리 카드 인식 가능
480Mbps의 초고속 전송 속도","Micro SD 최대 128GB 인식
Micro SD(TF) / Micro SDHC / Micro SDXC class 10

SD 최대 128GB 인식

SD/SDHC / SDXC class 10 /  *Mini SD / Mini SDXC / MMC / RS-MMC
*표시한 메모리 카드는 사용 시 어댑터가 필요합니다.

제품 스펙 사이즈 44.5(W) x 16(L) x 9(H)mm 무게 8g 케이블 길이 60mm 인터페이스 USB 2.0
전송속도 480Mbps OS Windows Xp/VISTA/7/8/10/ Mac 10.6 이상
",,2018-12-28 01:42:05,2018-12-28 01:42:05,https://firebasestorage.googleapis.com/v0/b/steady-copilot-206205.appspot.com/o/goods%2F191e3cae-5bfd-43e9-b93d-57dfad6f9933%2F191e3cae-5bfd-43e9-b93d-57dfad6f9933_front_angle_1000.jpg?alt=media&token=50fb2a49-2834-45ff-a093-016c0402a881,https://firebasestorage.googleapis.com/v0/b/steady-copilot-206205.appspot.com/o/goods%2F191e3cae-5bfd-43e9-b93d-57dfad6f9933%2F191e3cae-5bfd-43e9-b93d-57dfad6f9933_front_angle_1000.png?alt=media&token=46d2e70a-90e2-4a24-88bb-4a3b40109db7,https://firebasestorage.googleapis.com/v0/b/steady-copilot-206205.appspot.com/o/goods%2F191e3cae-5bfd-43e9-b93d-57dfad6f9933%2F191e3cae-5bfd-43e9-b93d-57dfad6f9933_front_angle_250.jpg?alt=media&token=b709c9a0-7f84-4491-91ad-13b35020c962,https://firebasestorage.googleapis.com/v0/b/steady-copilot-206205.appspot.com/o/goods%2F191e3cae-5bfd-43e9-b93d-57dfad6f9933%2F191e3cae-5bfd-43e9-b93d-57dfad6f9933_front_angle_250.png?alt=media&token=f8276e8e-a9e8-4eb4-800b-df6f66847a0f,,,,,,,,,,,,,,,,,,,,,,,,,,,,,,,,,,,,,,,,,,,,,,,,,,,,,,,,,,,,,,,,,,,,,,,,,,,,,,,,,,,,,,,,,,,,,,,,,,,,,,,,,,,,,,,,,,,,,,,,,,,,,,,,,,,,,,,,,,,,,,,,,,,,,,,,,,,,,,,,,,,,,,,,,,,,,,,,,,,,,,,,,,,,,,,,,,,,,,,,,,,,,,,,,,,,,,,,,,,,,,,,,,,,,,,,,,,,,,,,,,,,,,,,,,,,,,,,,,,,,,,,,,,,,,,,,,,,,,,,,,,,,,,,,,,,,,,,,,,,,,,,,,,,,,,,,,,,,,,,,,,,,,,,,,,,,,,,,,,,,,,,,,,,,,,,,,,,,외장형,,,,,,,,,,,,,,,,,,,,,,,,,,,,,,,,,,,,,,,,,,,,,,,,,,,,,,,,,,,,,,,,,,,,,,,,,,,,,,,,,,,,,,,,,,,,,,,,,,,,,,,,,,,,,,,,,,,,,,,,,,,,,,,,,,,,,멀티리더,,,,,,,,,,,,,,,,,,,,,,,,,,,,,,,,,,,,,,,,,,,,,,,,,,,,,,,,,,,,,,,,,,,,,,,,,,,,,,,,,,,,,,,,,,,,,,,,,,,,,,,,,,,,,,,,,,,,,,,,,,,,,,,,,,,,,,,,,,,,,,,,,,,,,,,,,,,,,,,,,,,,,,,,,,,,,,,,,,,,,,,,,,,,,,,,,,,,,,,,,,,,,,,,,,,,,,,,,,,,,,,,,,,,,,,,,,,,,,,,,,,,,,,,,,,,,,,,,,,,,,,,,,ACT-CRD-19 (B),,Y,,,,,,,,,,,,,,,,,,,,,,,,,,,,
8809086625808,7200301,디지털/가전>휴대폰액세서리>휴대폰충전기>충전기,Bexel 벡셀 듀얼포트 고속 충전 어댑터 36W 70(W) X 15.9(T) X 135.5(H)mm,벡셀 듀얼포트 고속 충전 어댑터 36W,,,,WL2QCPD36,,"구분=제조/생산|:|이름=iSonteck Co., Ltd.|:|주소=
구분=수입판매|:|이름=(주)벡셀|:|주소=경북 구미시 산호대로 168(공단동)",수입제품,제조국=중국,(주)벡셀,Bexel,단일,중량=205g|:|규격=70(W) X 15.9(T) X 135.5(H)mm,,1,205.0,,,,,,육면체형,,,N,N,"[[주의사항]]
# 사용 목적 이외의 용도로 사용하지 마십시오.
# 재품을 임의로 분해하거나 수리, 개조하지 마십시오.
# 사용자 임의로 분리, 수리 개조했을 시 무상수리를 받을 수 없습니다.
# 충전 어댑터를 고온 또는 직사광선에 노출되는 장소에서 보관하지 마십시오.
# 젖은 공간 또는 젖은 손으로 충전 어댑터를 연결하거나 연결 해제하지 마십시오.
# 손상된 충전 어댑터를 사용할 시 화재, 감전, 상해를 유발할 수 있습니다.
# 어린이가 본 제품을 가지고 놀지 않도록 반드시 지도해 주십시오.
# 사용하는 기기 및 충전 케이블에 따라 충전속도와 용량은 차이가 날 수 있습니다.",구입판매점,080-933-8855,"# USB to Type-C 듀얼포트 
_ 듀얼포트로 2개 기기 동시충전

# PD 18(MAX 27.6W 고속충전)
_ 노트북, 스마트폰 등 스마트 고속충전 지원

# 퀼컴 퀵차지 3.0
_ 급석 충전 기술 탑재로 최대 80% 빠른 충전 가능

# 1년 무상품질보증 
_ 제품 구매일롭퉈 1년 ","# 정격입력 : AC 110V-220V / 50Hz-60Hz / 0.6A
# 정격출력 : USB(5V/3A, 9V/2A,, 12V/1.5A), Type-C(5/3A, 9V/2.7A, 12V/2,3A)
",,2020-06-22 17:29:43,2020-10-17 21:20:11,https://firebasestorage.googleapis.com/v0/b/steady-copilot-206205.appspot.com/o/goods%2F09c0e4c0-7b8b-4bb7-9f8b-7481b36f3840%2F09c0e4c0-7b8b-4bb7-9f8b-7481b36f3840_front_angle_1000.jpg?alt=media&token=95debc36-0d36-4a5a-8cf3-190f6f33b159,https://firebasestorage.googleapis.com/v0/b/steady-copilot-206205.appspot.com/o/goods%2F09c0e4c0-7b8b-4bb7-9f8b-7481b36f3840%2F09c0e4c0-7b8b-4bb7-9f8b-7481b36f3840_front_angle_1000.png?alt=media&token=09fdc9ac-c016-4ba8-8354-0b7c9d55e57f,https://firebasestorage.googleapis.com/v0/b/steady-copilot-206205.appspot.com/o/goods%2F09c0e4c0-7b8b-4bb7-9f8b-7481b36f3840%2F09c0e4c0-7b8b-4bb7-9f8b-7481b36f3840_front_angle_250.jpg?alt=media&token=c800cd86-e02e-45ef-be30-7eb6a963ae0f,https://firebasestorage.googleapis.com/v0/b/steady-copilot-206205.appspot.com/o/goods%2F09c0e4c0-7b8b-4bb7-9f8b-7481b36f3840%2F09c0e4c0-7b8b-4bb7-9f8b-7481b36f3840_front_angle_250.png?alt=media&token=7c88ebe0-3476-4e7b-b38c-5386966284d3,,,,,,,,,,,,,,,,,,,,,,,,,,,,,,,,,,,,,,,,,,,,,,,,,,,,,,,,,,,,,,,,,,,,,,,,,,,,,,,,,,,,,,,,,,,,,,,,,,,,,,,,,,,,,,,,,,,,,,,,,,,,,,,,,,,,,,,,,,,,,,,,,,,,,,,,,,,,,,,,,,,,,,,,,,,,,,,,,,,,,,,,,,,,,,,,,,,,,,,,,,,,,,,,,,,,,,,,,,,,,,,,,,,,,,,,,,,,,,,,,,,,,,,,,,,,,,,,,,,,,,,,,,,,,,,,,,,,,,,,,,,,,,,,,,,,,,,,,,,,,,,,,,,,,,,,,,,,,,,,,,,,,,,,,,,,,,,,,,,,,,,,,,,,,,,,,,,,,,,,,,,,,,,,,,,,,,,,,,,,,,,,,,,,,,,,,,,,,,,,,,,,,,,,,,,,,,,,,,,,,,,,,,,,,,,,,,,,,,,,,,,,,,,,,,,,,,,,,,,,,,,,,,,,,,,,,,,,,,,,,,,,,,,,,,,,,,,,,,,,,,,,,,,,,,,,,,,,,,,,,,,,,,,,,,,,,,,,,,,,,,,,,,,,,,,,,,,,,,,,,,,,,,,,,,,,,,,,,,,,,,,,,,,,,,,,,,,,,,,,,,,,,,,,,,,,,,,,,,,,,,,,,,,,,,,,,,,,,,,,,,,,,,,,,,,,,,,,,,,,,,,,,,,,,,,,,,,,,,,,,,,,,,,,,,,,,,,,,,,,,,,,,,,,,,,,,,,,,,,,,,,,,,,,,,,,,,,,,,,,,,,,,,,,,,,,,,,,ZU101078-19001,,Y,,,,,www.bexel.co.kr,,,,,CE 인증;FCC 인증;RoHS 인증;PSE 인증,구입일로부터 1년,,,,,,,,,,,,,,,,,
8809086625815,7200301,디지털/가전>휴대폰액세서리>휴대폰충전기>충전기,벡셀 듀얼포트 고속충전 어댑터 36W 105g,벡셀 듀얼포트 고속충전 어댑터 36W,Beyond Excellence Bexel®,직류전원장치,,BWC-36WT,,"구분=제조/생산|:|이름=Shenzhen Yiboyuan Electronics Co,. Ltd.|:|주소=
구분=수입판매|:|이름=(주)벡셀|:|주소=경북 구미시 산호대로 168",수입제품,제조국=중국,(주)벡셀,벡셀|:|Bexel®,단일,중량=105g|:|규격=95(W) x 36(T) x 59.5(H)mm,,1,105.0,,,,,,육면체형,,,N,N,"[[주의사항]]
# 사용 목적 이외의 용도로 사용하지 마십시오.
# 제품을 임의로 분해하거나 수리, 개조하지 마십시오.
# 사용자 임의로 분해, 수리, 개조했을 시 무상수리를 받을 수 없습니다.
# 케이블을 고온 또는 직사광선에 노출되는 장소에서 보관 및 사용하지 마십시오.
# 젖은 공간 또는 젖은 손으로 케이블을 연결하거나 연결 해제하지 마십시오.
# 손상된 케이블을 사용할 시 화재, 감전, 상해를 유발할 수 있습니다.
# 어린이가 본 제품을 가지고 놀지 않도록 반드시 지도해 주십시오.
# 케이블에 연결하는 USB포트 및 USB 어댑터에 따라 전송 속도와 충전 속도는 차이가 날 수 있습니다.
# 본 제품은 구매일로부터 1년 무상 A/S가 가능합니다.
# 유통 중 손상되었거나 제품의 성능에 이상이 있는 것으로 확인된 제품은 새 제품과 교환해 드립니다.",구입판매점,080-933-8855,"# 36W
_ 동시 18W 충전
# PD 3.0
_ C타입
# QC 3.0
_ 18W 고속충전
# Qualcomm Quick Charge 3.0
# Bexel Mobile Lifestyle
_ 당신의 일상 속 가치를 더욱 빛낼 벡셀의 새로운 솔루션!
_ 스마트 모바일 라이프의 시작, 벡셀이 함께 합니다.
# USB & TYPE-C 듀얼포트
_ 듀얼포트로 2개 기기 동시충전
# PD 18W
_ 스마트폰, 태블릿 등 스마트 고속 충전 지원
# 퀄컴 퀵차지 3.0
_ 급속 충전 기술 탑재로 최대 80% 빠른 충전 가능
# 1년 무상품질보증
_ 제품 구매일로부터 1년 무상품질보증 서비스
# OUTPUT
_ 18W & QC3.0
# OUTPUT
_ PD 18W
# 최저소비효율 만족제품",,,2020-07-09 17:45:00,2020-07-14 15:40:03,https://firebasestorage.googleapis.com/v0/b/steady-copilot-206205.appspot.com/o/goods%2Ffc4b28ca-4f6b-4ae2-98f1-2fd6024ee8a8%2Ffc4b28ca-4f6b-4ae2-98f1-2fd6024ee8a8_front_angle_1000.jpg?alt=media&token=3ac6188c-b1cb-4fb2-aa14-3434282bc6a7,https://firebasestorage.googleapis.com/v0/b/steady-copilot-206205.appspot.com/o/goods%2Ffc4b28ca-4f6b-4ae2-98f1-2fd6024ee8a8%2Ffc4b28ca-4f6b-4ae2-98f1-2fd6024ee8a8_front_angle_1000.png?alt=media&token=eda3d5ba-aa94-40b4-8f00-76ea9505da7f,https://firebasestorage.googleapis.com/v0/b/steady-copilot-206205.appspot.com/o/goods%2Ffc4b28ca-4f6b-4ae2-98f1-2fd6024ee8a8%2Ffc4b28ca-4f6b-4ae2-98f1-2fd6024ee8a8_front_angle_250.jpg?alt=media&token=df5670bb-5172-4311-90c8-bb556047fdef,https://firebasestorage.googleapis.com/v0/b/steady-copilot-206205.appspot.com/o/goods%2Ffc4b28ca-4f6b-4ae2-98f1-2fd6024ee8a8%2Ffc4b28ca-4f6b-4ae2-98f1-2fd6024ee8a8_front_angle_250.png?alt=media&token=53f52761-7b95-4250-ac60-353466c79e5b,,,,,,,,,,,,,,,,,,,,,,,,,,,,,,,,,,,,,,,,,,,,,,,,,,,,,,,,,,,,,,,,,,,,,,,,,,,,,,,,,,,,,,,,,,,,,,,,,,,,,,,,,,,,,,,,,,,,,,,,,,,,,,,,,,,,,,,,,,,,,,,,,,,,,,,,,,,,,,,,,,,,,,,,,,,,,,,,,,,,,,,,,,,,,,,,,,,,,,,,,,,,,,,,,,,,,,,,,,,,,,,,,,,,,,,,,,,,,,,,,,,,,,,,,,,,,,,,,,,,,,"220V~, 60Hz, 0.6A",,,,,,,,,,,,,,,,,,,,,,,,,,,,,,,,,,,,,,,,,,,,,,,,,,,,,,,,,,,,,,,,,,,,,,,,,,,,,,,,,,,,,,,,,,USB C타입,,,,,,,,,,,,,,,,,,,,,,,,,,,,,,,,,,,,,,,,,,,,,,,,,,,,,,,,,,,,,,,,,,,,,,,,,,,,,,,,,,,,,,,,,,,,,,,,,,,,,,,,,,,,,,,,,,,,,,,,,,,,,,,,,,,,,,,,,,,,,,,,,,,,,,,,,,,,,,,,,,,,,,,,,,,,,,,,,,,,,,,,,,,,,,,,,,,,,,,,,,,"Type-C(5V/3A, 9V/2A, 12V/1.5A), USB-A(5V/3A, 9V/2A, 12V/1.5A)",,,,,,,,,,,,,,,,,,,,,,,,,,,,,,,,,,,,,,,,,,,,,,,,,,,,,,,,,,,,,,,,,,,,,,,,,,,,,,,,,,,,,,,,,,,,,,,,,,,,,,,,,,,,,,,,,,,,,,,,,,,,,,,,,,,,,,,,,,,,,,,,,,,,,,,,,,,,,,,,,,,,,,,,,,,,,,,,,,,,,,,,,,,,,,,,,,,,,,,,,HU10852-20003A,,Y,,전자파적합등록번호 : R-R-Bx1-BWC-36WT,,,www.Bexel.co.kr,,,,,CE 인증;FCC 인증;RoHS 인증;PSE 인증,구입일로부터 1년,,,,,,,,,,,,,,,,,
8806388919161,7200302,디지털/가전>휴대폰액세서리>휴대폰충전기>젠더/케이블,엑스트라 C to C타입 고속충전 케이블 3A 1.5m,엑스트라 C to C타입 고속충전 케이블 3A,Xtra C TO C PD TYPE Fast Charging USE CABLE 3A,,,Xtra cable (C to C),,"구분=판매|:|이름=(주)알토디자인|:|주소=
구분=수입|:|이름=(주)알토디자인|:|주소=
구분=연구개발(R&D)|:|이름=(주)알토디자인|:|주소=",수입제품,제조국=중국,(주)알토디자인,엑스트라|:|X'tra,단일,(규격)=약 1.5m ,,1,,50.0,8.0,16.0,1.8,,육면체형,,종이,N,N,"[[주의 사항]]
# 스마트 기기 또는 충전기 어뎁터에 따라 데이터 및 충전속도 차이가 날 수 있습니다.
# 애완동물의 침, 이물질, 유아의 손이 케이블 단자에 닿지 않도록 하여 주십시오.
# 사용자의 부주의로 인해 제품이 파손, 분해, 변질, 침수 되었을 경우 등은 책임지지 않습니다.
# 충전기에 케이블 커넥터가 연결 된 상태에서 전원 공급이 중단된 후 다시 전원을 연결할 경우 보호회로가 작동되어 동작하지 않을 수 있습니다. 이 경우, 다시 연결하여 주십시오.
# 충전 용량이 3A를 초과하는 기기에는 접속하지 마십시오.",제품 구입처,1566-2350,"# 최대 20V 3A 고속충전 지원
# 데이터 전송
_ Data Sync
# Long Length
# MAX 60W
# 스마크 기기 ↔ 충전기
_ C타입 고속충전 지원
_ 스마트폰/태블릿PC
# 노트북 ↔ 충전기
_ PD포트 지원
_ 노트북 충전
# 스마트 기기 ↔ 노트북
_ 충전 & 데이터 전송
_ 스마트폰/태블릿PC","# 생산물 배상책임보험 가입인증
_ SAMSUNG
_ 삼성화재
_ 8193554367",,2023-03-08 13:34:59,2023-03-15 07:00:06,https://firebasestorage.googleapis.com/v0/b/steady-copilot-206205.appspot.com/o/goods%2Fb66a600d-58a5-4494-2df8-fdda0051c9f6%2Fb66a600d-58a5-4494-2df8-fdda0051c9f6_front_angle_1000.jpg?alt=media&token=b71889c9-0424-4deb-b87f-ae8c67e439f3,https://firebasestorage.googleapis.com/v0/b/steady-copilot-206205.appspot.com/o/goods%2Fb66a600d-58a5-4494-2df8-fdda0051c9f6%2Fb66a600d-58a5-4494-2df8-fdda0051c9f6_front_angle_1000.png?alt=media&token=1a4711ed-01c2-4d7e-ba4d-d215b5d9b13b,https://firebasestorage.googleapis.com/v0/b/steady-copilot-206205.appspot.com/o/goods%2Fb66a600d-58a5-4494-2df8-fdda0051c9f6%2Fb66a600d-58a5-4494-2df8-fdda0051c9f6_front_angle_250.jpg?alt=media&token=0380b32c-a186-41b1-974c-d10f4d32894b,https://firebasestorage.googleapis.com/v0/b/steady-copilot-206205.appspot.com/o/goods%2Fb66a600d-58a5-4494-2df8-fdda0051c9f6%2Fb66a600d-58a5-4494-2df8-fdda0051c9f6_front_angle_250.png?alt=media&token=a7f9d1f3-a244-4988-ad40-4fbb040bdcd8,,,,,,,,,,,,,,,,,,,,,,,,,,,,,,,,,,,,,,,,,,,,,,,,,,,,,,,,,,,,,,,,,,,,,,,,,,,,,,,,,,,,,,,,,,,,,,,,,,,,,,,,,,,,,,,,,,,,,,,,,,,,,,,,,,,,,,,,,,,,,,,,,,,,,,,,,,,,,,,,,,,,,,,,,,,,,,,,,,,,,,,,,,,,1.5,,,,,,,,,,,,,,,,,,,,,,,,,,,,,,,,,,,,,,,,,,,,,,,,,,,,,,,,,,,,,,,,,,,,,,,,,,60,,,,,,,,,,,,,,,,,화이트,,,,,,,,,,,,,,,,,,,,,,,,,,,,,,,,,,,,,,,,,,,,,,,,,,,,,,,,,,,,,,,,,,,,,,,,,,,,,,,,,,,,,,,,,,,,,,,,,,,,,,,,,,,,,,,,,,,,,,,,,,,,,,,,,,,,,,,,,,,,,,,,,,,,,,,,,,,,,,,,,,,,,,,,,,,,,,,,,,,,,,,,,,,,,,,,,,,,,,,,,,,,,,,,,,,,,,,,,,,,,,,,,,,,,,,,,,,,,,,,,,,,,,,,,,,,,,,,,,,,,,,,,,,,,,,,,,,,,,,,,,,,,,,,,,,,,,,,,,,,,,,,,,,,,,,,,,,,,,,,150.0,,,,,,,,,,,,,,,,,,,,,,,,,,,,,,,,,,,,,,,,,,,,,,,,,,,,,,,,,,,,,,,,,,,,,,,,,,,,,,,,,,,,,,,,,,,,,,,,,,,,,,,,,,,,,,,,,,,,,,,,,,,,,,,,,,,,,,,,,,,,,,,,,,,,,,,,,,,,,,,N,,,재질 :: PVC 및 금속,,,,,,,,,,,,,,,2021년 05월,,,,"# 제품의 'C타입 커넥터'를 스마트 기기에 연결한 후, PD포트(C타입)가 있는 충전기에 맞은편 'C타입 커넥터'를 연결하면 충전을 시작합니다. (커넥터 양 방향 - 자유롭게 사용)
# 본 케이블은 PD 20V 3A를 지원하여, 최대 60W의 안정적인 고속충전이 가능합니다.
# PD포트(C타입)가 있는 노트북에 스마트 기기를 연결 시, 충전 및 데이터 전송이 가능합니다.",,,,,,
8806388919222,7200302,디지털/가전>휴대폰액세서리>휴대폰충전기>젠더/케이블,"엑스트라 3 in 1(5핀, 8핀, C타입) 고속 통합 케이블 1.5m","엑스트라 3 in 1(5핀,8핀,C타입) 케이블","Xtra 3-IN-1 5PIN, 8PIN, C-TYPE USB CHARGING CABLE","엑스트라 3 IN 1(5핀,8핀,C타입) 타입",,Xtra cable (3-in-1 type),,구분=제조/판매|:|이름=(주)알토디자인|:|주소=,수입제품,제조국=중국,(주)알토디자인,엑스트라|:|X'tra,단일,(규격)=1.5M,,1,,60.5,8.5,15.0,2.0,,육면체형,,종이,N,N,"[[CAUTION]]
# 케이블을 무리한 힘으로 잡아 당기거나 구부리지 마십시오.
# 애완동물의 침, 이물질, 유아의 손이 케이블 단자에 닿지 않도록 하여 주십시오.
# 충전기에 케이블 커넥터가 연결 된 상태에서 전원 공급이 중단된 후 다시 전원을 연결 할 경우 보호 회로가 작동되어 동작하지 않을 수 있습니다. 이 경우 커넥터를 뽑은 후 다시 접속해 주십시오.
# 사용자의 부주의로 인해 제품이 파손, 분해, 변질, 침수 되었을 경우 등은 책임지지 않습니다.",제품 구입처,1566-2350,"# X'tra Attractice and trendy design
# APPLE 8 PIN + MICRO 5 PIN + C TYPE
# Charging
_ C타입 고속충전
_ 5핀, 8핀 일반충전
# C타입 데이터 전송
_ Data Sync
_ C타입 케이블만 데이터 전송가능","# 생산물 배상책임보험 가입인증
_ SAMSUNG
_ 삼성화재
_ 8193554367
# C-TYPE
_ 9V2A
# 5PIN, 8PIN
_ 5V2A
# 동시 충전시에는 USB 아답터 사양에 따라 충전속도가 감소될 수 있습니다.
# 5핀, 8핀은 데이터 전송을 지원하지 않습니다.
# 충전기 : DC 5V/2A, 연결타입 : C타입,5핀,8핀, 3 IN 1 케이블 연결 시 : 3대 동시 충전가능 (5V/2A 충전 시)
# 충전기 : QC 3.0 고속, 연결타입 : C타입,5핀,8핀, 3 IN 1 케이블 연결 시 : 5핀 C타입만 충전 가능 (8핀은 충전 안됨)
# 충전기 : QC 3.0 고속, 연결타입 : C타입 단독, 3 IN 1 케이블 연결 시 : C타입 단독으로 고속충전 및 데이터 전송가능
# 충전기 : QC 3.0 고속, 연결타입 : 5핀,8핀, 3 IN 1 케이블 연결 시 : 5핀 8핀만 동시 충전 가능 (*C타입 제외)
_ * C타입 충전시 QC 3.0 고속 충전 아답터로 충전하셔야 고속충전이 가능합니다.",,2023-03-08 13:59:44,2023-03-14 07:00:06,https://firebasestorage.googleapis.com/v0/b/steady-copilot-206205.appspot.com/o/goods%2F0ee6b8eb-fa05-47ca-b7e1-6ba7bba692fd%2F0ee6b8eb-fa05-47ca-b7e1-6ba7bba692fd_front_angle_1000.jpg?alt=media&token=ae072d18-f175-4b92-a492-dc4c6c5609e0,https://firebasestorage.googleapis.com/v0/b/steady-copilot-206205.appspot.com/o/goods%2F0ee6b8eb-fa05-47ca-b7e1-6ba7bba692fd%2F0ee6b8eb-fa05-47ca-b7e1-6ba7bba692fd_front_angle_1000.png?alt=media&token=074b32aa-9f96-4440-99fa-95e6bd011633,https://firebasestorage.googleapis.com/v0/b/steady-copilot-206205.appspot.com/o/goods%2F0ee6b8eb-fa05-47ca-b7e1-6ba7bba692fd%2F0ee6b8eb-fa05-47ca-b7e1-6ba7bba692fd_front_angle_250.jpg?alt=media&token=f0aaf566-465a-46f0-87a3-1ce7df43464d,https://firebasestorage.googleapis.com/v0/b/steady-copilot-206205.appspot.com/o/goods%2F0ee6b8eb-fa05-47ca-b7e1-6ba7bba692fd%2F0ee6b8eb-fa05-47ca-b7e1-6ba7bba692fd_front_angle_250.png?alt=media&token=9a302717-b688-4c97-b637-702c99b37f2d,,,,,,,,,,,,,,,,,,,,,,,,,,,,,,,,,,,,,,,,,,,,,,,,,,,,,,,,,,,,,,,,,,,,,,,,,,,,,,,,,,,,,,,,,,,,,,,,,,,,,,,,,,,,,,,,,,,,,,,,,,,,,,,,,,,,,,,,,,,,,,,,,,,,,,,,,,,,,,,,,,,,,,,,,,,,,,,,,,,,,,,,,,,,1.5,,,,,,,,,,,,,,,,,,,,,,,,,,,,,,,,,,,,,,,,,,,,,,,,,,,,,,,,,,,,,,,,,,,,,,,,,,,,,,,,,,,,,,,,,,,블루,,,,,,,,,,,,,,,,,,,,,,,,,,,,,,,,,,,,,,,,,,,,,,,,,,,,,,,,,,,,,,,,,,,,,,,,,,,,,,,,,,,,,,,,,,,,,,,,,,,,,,,,,,,,,,,,,,,,,,,,,,,,,,,,,,,,,,,,,,,,,,,,,,,,,,,,,,,,,,,,,,,,,,,,,,,,,,,,,,,,,,,,,,,,,,,,,,,,,,,,,,,,,,,,,,,,,,,,,,,,,,,,,,,,,,,,,,,,,,,,,,,,,,,,,,,,,,,,,,,,,,,,,,,,,,,,,,,,,,,,,,,,,,,,,,,,,,,,,,,,,,,,,,,,,,,,,,,,,,,,150.0,,,,,,,,,,,,,,,,,,,,,,,,,,,,,,,,,,,,,,,,,,,,,,,,,,,,,,,,,,,,,,,,,,,,,,,,,,,,,,,,,,,,,,,,,,,,,,,,,,,,,,,,,,,,,,,,,,,,,,,,,,,,,,,,,,,,,,,,,,,,,,,,,,,,,,,,,,,,,,,N,,,"재질 :: PC 및 금속, 나일론",,,,,,,,,,,,,,,2022년 03월,,,,,,,,,,
8809208794054,7253702,디지털/가전>주방가전>전기포트>무선포트,대원 무선전기주전자 DW-EK205,무선전기주전자,Cordless Automatic Electric Kettle,,,DW-EK205,,"구분=제조/생산|:|이름=Zhongshan Ever United Electrical Appliances Co.,Ltd.|:|주소=
구분=공급|:|이름=(주)대원|:|주소=경기도 안산시 단원구 엠티브이12로21번길 14 (성곡동)
구분=수입|:|이름=(주)유니맥스이엔엘|:|주소=",수입제품,제조국=중국,(주)대원,대원|:|DAEWON,단일,(용량)=1.5L,,1,,841.0,18.7,17.7,20.5,,육면체형,,,N,N,"[[기타 주의사항]]
# 개봉 전 구매한 상품이 맞는지 다시한번 확인 후에 개봉해 주시기 바랍니다.","대원 서비스센터, www.daewonelect.kr",031-434-6913 ((주) 대원),"# SAFETY OFF
# stainless steel
# 원터치 뚜껑
_ 한손으로 편리하게 뚜껑을 열 수 있는 원터치 버튼으로 편리성 강화
# 강력한 1500W
_ 1500W의 강력한 파워와 초고속 방식으로 물을 빠르게 끓입니다.
# 스테인레스스틸
_ 견고한 고급 스테인레스 재질로 위생적이며 환경호르몬 으로부터 안전합니다.
# 360도 회전식 열판
_ 360도 회전식 열판으로 사용이 편리합니다.
# 안전한 전원 표시등
_ 자동전원차단장치로 안전하게 사용여부 확인 관리","# 제품정보 · A/S 다양한 혜택
_ 대원 서비스 센터
# KB 손해보험
# since 1982
_ 주방가전의
_ 名家
# THANK YOU
_ (주)대원 제품을 구매해 주셔서 감사합니다.",,2023-03-09 14:04:24,2023-03-23 07:00:07,https://firebasestorage.googleapis.com/v0/b/steady-copilot-206205.appspot.com/o/goods%2Fc8e8ab30-4bc8-4ffa-f5ac-dd1bbf880369%2Fc8e8ab30-4bc8-4ffa-f5ac-dd1bbf880369_front_angle_1000.jpg?alt=media&token=a21dc9c8-e47d-42dd-9ce0-b0a34afa0a90,https://firebasestorage.googleapis.com/v0/b/steady-copilot-206205.appspot.com/o/goods%2Fc8e8ab30-4bc8-4ffa-f5ac-dd1bbf880369%2Fc8e8ab30-4bc8-4ffa-f5ac-dd1bbf880369_front_angle_1000.png?alt=media&token=8512b880-5ce9-49a5-8ada-795773359efa,https://firebasestorage.googleapis.com/v0/b/steady-copilot-206205.appspot.com/o/goods%2Fc8e8ab30-4bc8-4ffa-f5ac-dd1bbf880369%2Fc8e8ab30-4bc8-4ffa-f5ac-dd1bbf880369_front_angle_250.jpg?alt=media&token=adfbe249-412b-4f16-9add-3da999afb77e,https://firebasestorage.googleapis.com/v0/b/steady-copilot-206205.appspot.com/o/goods%2Fc8e8ab30-4bc8-4ffa-f5ac-dd1bbf880369%2Fc8e8ab30-4bc8-4ffa-f5ac-dd1bbf880369_front_angle_250.png?alt=media&token=3654de5d-284a-400d-9bfb-2865028fe3da,,,,,,,,,,,,,,,,,,,,,,,,,,,,,,,,,,,,,,,,,,,,,,,,,,,,,,,,,,,,,,,,,,,,,,,,,,,,,,,,,,,,무선포트,,,,,,,,,,,,,,,,,,,,,,,,,,,,,,,,,,,,,,,,,,,,,,,,,,,,,,,,,,,,,,,,,,,,,,,,,,,,,,,,,,,,,,,,,,,,,,,,,,,,,,,,,,,,,,,,,,,,,,,,,,,,,,,,,,,,,,,,,,,,,,,,,,,,,,,,,,,,,,,,,,,,,,,,,,,,,,,,,,1500,,,,,,,,,,,,,,,,,,,,,,,,,,,,,,,,,,,,,,,,,,,,,,,,,,,,,,,,,,,,,,,,,,,,,,,,,,,,,,,,,,,,,,,,,,,,,,,,,,,,,,,,,,,,,,,,,,,,,,,,,,,,,,,,,,,,,,,,,,,,,,,,,,,,,,,,,,,,,,,,,,,,,,,,,,,,,,,,,,,,,,,,,,,,,,,,,,,,,,,,,,,1.5,,,,,,,,,,,,,,,,,,,,,,,,,,,,,,,,,,,,,,,,,,,,,,,,,,,,,,,,,,,,,,,,,,,,,,,,,,,,,,,,,,,,,,,,,,,,,,,,,,,,,,,,,,,,,,,,,,,,,,,,,,,,,,,,,,,,,,,,,,,,,,,,,,,,,,,,,,,,,,,,,,,,,,,,,,,,,,,,,,,,,,,,,,,,,,,,,,,,,,,,,,,,,,,,,,,,,,,,,,,,,,,,,,,,,,,,,,,,,,,,,,,,,,,,,,,,,,,,,,,,,,,,,,,,,,,,,,,,,,,,220V / 60Hz / 1500W,,,,,,,,,,,"HU072256-19007, R-R-UML-KE2019",,Y,,,"재질 :: 스테인레스제, PP, 폴리프로필렌",,www.daewonelect.kr,,,,,식품용 인증,,,,,,,,,,,,,,,,,,
8809018690867,7253702,디지털/가전>주방가전>전기포트>무선포트,썬터치 무선전기 주전자 STE-K003(HHB1727),썬터치 무선전기 주전자,SUNTOUCH Electric Kettle,,,STE-K003(HHB1727),,"구분=제조/생산|:|이름=Ningbo Goodfriends Electric Appliance Co.,Ltd.|:|주소=
구분=판매|:|이름=(주)썬터치|:|주소=충남 금산군 복수면 용천로 867
구분=수입|:|이름=(주)캡스톤|:|주소=대전시 서구 복수남로 5, 201호",수입제품,원산지=중국,(주)썬터치,썬터치|:|SUNTOUCH,단일,용량=1.7L|:|중량=811g|:|규격=1.7L|:|치수=235(H) X 170(L) X 220(W)mm (외형칫수),,1,811.0,982.0,22.0,16.0,21.0,,육면체형,,,N,N,"[[주의사항]]
# 사용 전 제품설명서를 읽어보고 사용 하십시오.
# 사용중 또는 사용직후에는 본체가 뜨거우니 주의 하십시오.
# 제품 과열로 화재의 위험이 있으니 무선전기주전자에 물을 넣지 않은 채로 사용하지 마십시오.

[[특히 주의 바랍니다.]]
# 물을 MAX이상 넣지 마십시오.
# 제품고장이나 누수로 인한 화상의 원인이 될 수 있습니다.",수입원 및 판매원,"042-282-1804 ((주)캡스톤), 041-751-1803 ((주)썬터치)","# 회전식 받침대
# 상태표시 버튼
# 편리한 세척/급수
# 과열방지 자동전원 차단 기능","# SPECIFICATION
_ 이물질 제거 필터 적용
_ 회전식 받침대(360˚)
_ 안전장치 과열방지 자동전원 차단
_ 유선형의 세련된 디자인
_ 상태표시 전원 버튼
_ 넓은 주입구로 세척/ 급수 시 편리
_ 위생적인 스테인레스 평면 열판
# 사용하시기 전
_ 주전자를 물로 헹군 후 물을 최대선(MAX)까지 채운 후, 끓여주십시오.",,2023-03-09 14:32:19,2023-03-22 07:00:07,https://firebasestorage.googleapis.com/v0/b/steady-copilot-206205.appspot.com/o/goods%2F58694138-0053-46a0-c829-7d12baa1f6df%2F58694138-0053-46a0-c829-7d12baa1f6df_front_angle_1000.jpg?alt=media&token=9143f49a-69b9-4a57-a446-1ba9ebd6cdd0,https://firebasestorage.googleapis.com/v0/b/steady-copilot-206205.appspot.com/o/goods%2F58694138-0053-46a0-c829-7d12baa1f6df%2F58694138-0053-46a0-c829-7d12baa1f6df_front_angle_1000.png?alt=media&token=c3c8cb72-c973-4576-9bcc-1970401b1f55,https://firebasestorage.googleapis.com/v0/b/steady-copilot-206205.appspot.com/o/goods%2F58694138-0053-46a0-c829-7d12baa1f6df%2F58694138-0053-46a0-c829-7d12baa1f6df_front_angle_250.jpg?alt=media&token=178d0a8d-8a44-4d68-8455-daca5029ab74,https://firebasestorage.googleapis.com/v0/b/steady-copilot-206205.appspot.com/o/goods%2F58694138-0053-46a0-c829-7d12baa1f6df%2F58694138-0053-46a0-c829-7d12baa1f6df_front_angle_250.png?alt=media&token=20abf0a7-5196-45e3-811f-b09b0a2b5eb7,,,,,,,,,,,,,,,,,,,,,,,,,,,,,,,,,,,,,,,,,,,,,,,,,,,,,,,,,,,,,,,,,,,,,,,,,,,,,,,,,,,,무선포트,,,,,,,,,,,,,,,,,,,,,,,,,,,,,,,,,,,,,,,,,,,,,,,,,,,,,,,,,,,,,,,,,,,,,,,,,,,,,,,,,,,,,,,,,,,,,,,,,,,,,,,,,,,,,,,,,,,,,,,,,,,,,,,,,,,,,,,,,,,,,,,,,,,,,,,,,,,,,,,,,,,,,,,,,,,,,,,,,,1850,,,,,,,,,,,,,,,,,,,,,,,,,,,,,,,,,,,,,,,,,,,,,,,,,,,,,,,,,,,,,,,,,,,,,,,,,,,,,,,,,,,,,,,,,,,,,,,,,,,,,,,,,,,,,,,,,,,,,,,,,,,,,,,,,,,,,,,,,,,,,,,,,,,,,,,,,,,,,,,,,,,,,,,,,,,,,,,,,,,,,,,,,,,,,,,,,,,,,,,,,,,1.7,,,,,,,,,,,,,,,,,,,,,,,,,,,,,,,,,,,,,,,,,,,,,,,,,,,,,,,,,,,,,,,,,,,,,,,,,,,,,,,,,,,,,,,,,,,,,,,,,,,,,,,,,,,,,,,,,,,,,,,,,,,,,,,,,,,,,,,,,,,,,,,,,,,,,,,,,,,,,,,,,,,,,,,,,,,,,,,,,,,,,,,,,,,,,,,,,,,,,,,,,,,,,,,,,,,,,,,,,,,,,,,,,,,,,,,,,,,,,,,,,,,,,,,,,,,,,,,,,,,,,,,,,,,,,,,,,,,,,,,,AC 220V / 60Hz,,,,,,,,,,,SU07654-13004,"[[사용방법]]
# 뚜껑을 열고 물을 최대선과 최소선 사이(MAX~MIN)에 넣어주십시오.
# 뚜껑을 닫고 받침대 전원연결부의 홈에 맞추어 연결하시고, 전원플러그를 연결하여 주십시오.
# 본체의 전원스위치를 'I'위치에 놓아주시면 표시창에 LED불이 들어옵니다.
# 물이 끓으면 전원이 자동 차단 됩니다.(전원스위치'O'위치가됩니다.)

[[본체 세척방법]]
# 세척전 반드시 전원플러그를 뽑아주십시오.
# 벤젠, 신나, 왁스, 스프레이 제품, 철수세미등을 사용하지마시고 부드러운 천과 중성세제등으로 청소하여 주십시오.(절대로 물에 담그지 마십시오.)

[[물때 제거 방법]]
# 본체에 MAX용량의 3/4까지 물을 넣어 끓여주십시오.
# 전원스위치를 끄신 후, 끓은물에 MAX선까지 식초를 넣어주십시오.
# 하룻동안 그대로 놓아두신 후, 맑은 물로 완전히 헹구어 주십시오.
# 본체의 물때가 제거 될 때까지 반복하여 헹구어 주십시오.
# (제품의 수명을 연장하기 위해 정기적으로 물때를 제거해 주십시오.)",Y,,,"재질 :: 폴리프로필렌, 스테인리스제, 고무제(실리콘), 폴리아미드",,,,,,,식품용 인증;EMI/EMS 인증,,,,,,,,,,,,,,,,,,
8809026889413,7279999,디지털/가전>생활가전>기타생활소형가전>기타생활소형가전,"하나로 리모컨 (LG, 삼성, 중소기업 TV) AS9011Z",하나로리모컨,,,하나로리모컨,AS9011Z,,"구분=제조/생산|:|이름=(주)오성전자|:|주소=
구분=판매|:|이름=(주)오성티에스엘|:|주소=",국내제품,제조국=대한민국(국산),,하나로,단일,,,1,,98.5,8.3,25.2,3.0,,블리스터팩형,,,N,N,"[[주의 사항]]
#1 망간 건전지나 충전식 건전지는 불량의 원인이 되오니, 반드시 알카라인 건전지를 사용 하여야 합니다.
#2 90년대 이전 생산된 텔레비젼은 동작 되지 않을 수 있습니다.

[[기타 주의사항]]
# 일부모델은 동작되지 않을수 있습니다.
# 본제품에 대한 모든 프로그램은 무단복제를 법으로 금지하고 있습니다.",,054-482-9057,# 무설정,"#1 본 제품은 국내에서 판매 되는 LG, 삼성전자의 TV와 중소기업TV를 사용 할 수 있는 제품 입니다.
#2 스마트 TV 기능 중 일부 지원 되지 않는 기능이 있습니다.
#3 오래 된 모델이나, 비디오 비젼은 동작 되지 않습니다.
# 소비자 안전을 위해 전기, 전자 제품 유해물질제한규정(RoHS)를 준수한 우수한 제품입니다.
# 삼성, LG, 드림뷰, 대우루컴즈, 스카이미디어, GPNC, TIVA, 모뉴엘, 하이얼, MOTV, ORION, XEVA 등을 지원합니다. (일부 모델은 지원 되지 않습니다.)
# 상담시간 : 평일 오전 10시~오후 6시
# ISO 9001품질 시스템하에서 제조된 제품임.
# 건전지는 별도 구입하세요.
_ 3.0V(1.5V/AAA size X 2EA)
# 일반TV
# RoHS규정준수",,2023-03-14 13:24:36,2023-03-25 07:00:07,https://firebasestorage.googleapis.com/v0/b/steady-copilot-206205.appspot.com/o/goods%2F28b373f6-0338-4494-4337-b37c1250cf77%2F28b373f6-0338-4494-4337-b37c1250cf77_front_angle_1000.jpg?alt=media&token=d21f5941-694c-42e0-b6bb-c51ea6789a9a,https://firebasestorage.googleapis.com/v0/b/steady-copilot-206205.appspot.com/o/goods%2F28b373f6-0338-4494-4337-b37c1250cf77%2F28b373f6-0338-4494-4337-b37c1250cf77_front_angle_1000.png?alt=media&token=2bdc4aeb-aa97-4813-8581-a4b87f31c525,https://firebasestorage.googleapis.com/v0/b/steady-copilot-206205.appspot.com/o/goods%2F28b373f6-0338-4494-4337-b37c1250cf77%2F28b373f6-0338-4494-4337-b37c1250cf77_front_angle_250.jpg?alt=media&token=5f35a4c7-3e35-4342-ab2e-f6be41f92a99,https://firebasestorage.googleapis.com/v0/b/steady-copilot-206205.appspot.com/o/goods%2F28b373f6-0338-4494-4337-b37c1250cf77%2F28b373f6-0338-4494-4337-b37c1250cf77_front_angle_250.png?alt=media&token=1b453023-546e-47f6-83a9-42e0a8cfe989,,,,,,,,,,,,,,,,,,,,,,,,,,,,,,,,,,,,,,,,,,,,,,,,,,,,,,,,,,,,,,,,,,,,,,,,,,,,,,,,,,,,,,,,,,,,,,,,,,,,,,,,,,,,,,,,,,,,,,,,,,,,,,,,,,,,,,,,,,,,,,,,,,,,,,,,,,,,,,,,,,,,,,,,,,,,,,,,,,,,,,,,,,,,,,,,,,,,,,,,,,,,,,,,,,,,,,,,,,,,,,,,,,,,,,,,,,,,,,,,,,,,,,,,,,,,,,,,,,,,,,,,,,,,,,,,,,,,,,,,,,,,,,,,,,,,,,,,,,,,,,,,,,,,,,,,,,,,,,,,,,,,,,,,,,,,,,,,,,,,,,,,,,,,,,,,,,,,,,,,,,,,,,,,,,,,,,,,,,,,,,,,,,,,,,,,,,,,,,,,,,,,,,,,,,,,,,,,,,,,,,,,,,,,,,,,,,,,,,,,,,,,,,,,,,,,,,,,,,,,,,,,,,,,,,,,,,,,,,,,,,,,,,,,,,,,,,,,,,,,,,,,,,,,,,,,,,,,,,,,,,,,,,,,,,,,,,,,,,,,,,,,,,,,,,,,,,,,,,,,,,,,,,,,,,,,,,,,,,,,,,,,,,,,,,,,,,,,,,,,,,,,,,,,,,,,,,,,,,,,,,,,,,,,,,,,,,,,,,,,,,,,,,,,,,,,,,,,,,,,,,,,,,,,,,,,,,,,,,,,,,,,,,,,,,,,,,,,,,,,,,,,,,,,,,,,,,,,,,,,,,,,,,,,,,,,,,,,,,,,,,,,,,,,,,,,,,,,,"[[동작방법]]
#1 건전지를 극성에 맞게 넣으신 후 바로 사용 합니다.
#2 동작이 원활 하지 않을 경우 TV를 켜신 후 리모컨 가운데의 [설정] 버튼을 누르고 있다기 TV가 꺼지면 손을 떼고 사용 합니다.",N,,,,,,,,,,ISO 9001;RoHS 인증,,,,,,,,,,,,,,,,,,
8806388913411,7200301,디지털/가전>휴대폰액세서리>휴대폰충전기>충전기,엑스트라 MX150 C타입 고속 가정용 충전기 WHITE,엑스트라 MX150 C타입 고속 가정용 충전기 - 12V,X'tra MX150 C-Type Quick Travel Charger,,직류전원장치,MX-150A,,"구분=판매|:|이름=(주)알토디자인|:|주소=
구분=수입|:|이름=(주)알토디자인|:|주소=
구분=연구개발(R&D)|:|이름=(주)알토디자인|:|주소=",수입제품,제조국=중국,(주)알토디자인,엑스트라|:|X'tra,단일,"규격=C타입 1개, 길이 1.5m",,1,,92.0,7.5,3.0,14.5,,육면체형,,종이,N,N,"[[공지 사항]]
# 특별한 충전회로 구성을 요구하는 제품은 충전이 안되거나 느려질 수 있습니다.
# 콘센트에 삽입된 플러그에 물건을 올리거나, 힘을 가하지 마십시오.
# 습기가 많은 장소 및 물이 튈 염려가 있는 장소에서 사용하지 마십시오.
# 고온/저온의 장소 및 직사광선이 닿는 곳에 보관하지 말아 주십시오.
# 제품을 임의로 분해하거나 개조해선 안되며, 제품을 던지거나 충격을 주지 마십시오.
# 제품을 화기 가까이에 두지 말아야하며 유·소아의 손이 닿지 않는곳에 보관하십시오.
# 애완동물의 침, 이물질 등이 플러그와 콘센트에 닿지 않도록 주의하십시오.
# 적용 가능한 기종의 스마트폰에만 사용하십시오.",구입처,1566-2350,"# 고속 충전
# ver 3.0 Quick Charge
# 최저소비 효율기준 만족제품
# 에너지절약
_ 절전형충전기
# 과전압 방지회로 OVPC
# 과충전 방지회로 OCPC","# 8193554367
# 생산물 배상책임보험 가입인증
_ 삼성화재
# 공지사항
_ 고속충전 지원 스마트폰 : 12V 1.15A 또는 9V 1.165A 출력으로 고속충전
_ 고속충전 미지원 스마트폰 : 5V 2.5A 출력으로 충전
# 모바일 전용
# B급 기기 (가정용 정보통신기기)
_ 이 기기는 가정용으로 전자파적합등록을 한 기기로써, 주거지역에서는 물론 모든 지역에서 사용할 수 있습니다.",,2023-03-14 13:59:15,2023-03-29 07:00:08,https://firebasestorage.googleapis.com/v0/b/steady-copilot-206205.appspot.com/o/goods%2Fe4e497a7-6179-43d3-d87e-e917fc91fc77%2Fe4e497a7-6179-43d3-d87e-e917fc91fc77_front_angle_1000.jpg?alt=media&token=460ca828-ab5d-4020-b1ed-59d778905de1,https://firebasestorage.googleapis.com/v0/b/steady-copilot-206205.appspot.com/o/goods%2Fe4e497a7-6179-43d3-d87e-e917fc91fc77%2Fe4e497a7-6179-43d3-d87e-e917fc91fc77_front_angle_1000.png?alt=media&token=0e30e0d9-2eee-4ae0-8df1-bc3bbdfdbc7d,https://firebasestorage.googleapis.com/v0/b/steady-copilot-206205.appspot.com/o/goods%2Fe4e497a7-6179-43d3-d87e-e917fc91fc77%2Fe4e497a7-6179-43d3-d87e-e917fc91fc77_front_angle_250.jpg?alt=media&token=8664de75-e475-418e-b595-56ff0f041d7c,https://firebasestorage.googleapis.com/v0/b/steady-copilot-206205.appspot.com/o/goods%2Fe4e497a7-6179-43d3-d87e-e917fc91fc77%2Fe4e497a7-6179-43d3-d87e-e917fc91fc77_front_angle_250.png?alt=media&token=59d2fd0d-48f2-4bb3-b0c9-80a2c8629b4a,,,,,,,,,,,,,,,,,,,,,,,,,,,,,,,,,,,,,,,,,,,,,,,,,,,,,,,,,,,,,,,,,,,,,,,,,,,,,,,,,,,,,,,,,,,,,,,,,,,,,,,,,,,,,,,,,,,,,,,,,,,,,,,,,,,,,,,,,,,,,,,,,,,,,,,,,,,,,,,,,,,,,,,,,,,,,,,,,,,,,,,,,,,,1.5,,,,,,,,,,,,,,,,,,,,,,,,,,,,,,,,,,,,,,,,,,,,,,,,,,,,,,,,,,,,,,,,,,,,,,,,,,,,,,,,,,,,,,,,,,,,,,,,,,,,,,,,,,,,,,,,,,,,,,,,,,,,,,,,,,,,,,,,,,,,,,,,,,,,,,,,,,,,,,,,,,,,여행용;USB C타입;가정용,,,,,,,,,,,,,,,,,,,,,,,,,,,,,,,,,,,,,,,,,,,,,,,,,,,,,,,,,,,,,,,,,,,,,,,,,,,,,,,,,,,,,,,,,,,,,,,,,,,,,,,,,,,,,,,,,,,,,,,,,,,,,,,,,,,,,,,,,,,,,,,,,,,,,,,,,,,,,,,,,,,,,,,,,,,,,,,,,,,,,,,,,,,,,,,,,,,,,,,,,,,,,,,,,,,,,,,,,,,,,,,,,,,,,,,,,,,,,,,,,,,,,,,,,,,,,,,,,,,,,,,,,,,,,,,,,,,,,,,,,,,,,,,,,,,,,,,,,,,,,,,,,,,,,,,,,,,,,,,,,,,,,,,,,,,,,,,,,,,,,,,,,,,,,,,,,,,,,,,,,,,,,,,,,,,,,,,,,,,,,,,,,,,,,,,,,,,,,,,,,,,,"SU10621-21001, R-R-94D-MX-150A",,Y,,,"재질 :: PC, ABS, 금속",,,,,,,,,,"AC 220V, 60Hz, 0.5A","DC 5V/2.5A, DC 9V/1.65A, DC12V/1.15A",,,,,,,,,,,,,,
8806388919178,7200302,디지털/가전>휴대폰액세서리>휴대폰충전기>젠더/케이블,엑스트라 C TO 8핀 3A 고속충전 케이블 WHITE,엑스트라 C TO 8핀 3A 고속충전 케이블,C TO 8PIN PD TYPE USB CABLE,,,Xtra cable (C to 8p),,"구분=판매|:|이름=(주)알토디자인|:|주소=
구분=수입|:|이름=(주)알토디자인|:|주소=
구분=연구개발(R&D)|:|이름=(주)알토디자인|:|주소=",수입제품,제조국=중국,(주)알토디자인,엑스트라|:|X'tra,단일,,,1,,46.0,8.0,1.8,16.0,,육면체형,,,N,N,"[[주의 사항]]
# 스마트 기기 또는 충전기 어뎁터에 따라 데이터 및 충전속도 차이가 날 수 있습니다.
# 애완동물의 침, 이물질, 유아의 손이 케이블 단자에 닿지 않도록 하여 주십시오.
# 사용자의 부주의로 인해 제품이 파손, 분해, 변질, 침수 되었을 경우 등은 책임지지 않습니다.
# 충전기에 케이블 커넥터가 연결된 상태에서 전원 공급이 중단된 후 다시 전원을 연결할 경우 보호회로가 작동되어 동작하지 않을 수 있습니다. 이 경우, 다시 연결하여 주십시오.
# 충전 용량이 3A를 초과하는 기기에는 접속하지 마십시오.",제품 구입처,1566-2350,"# PD C to 8
# 최대 20V 3A 고속충전 지원
# Fast Charging
# 데이터 전송
# Data Sync
# Long Length
# MAX 60W","# 8193554367
# 생산물 배상책임보험 가입인증
_ 삼성화재",,2023-03-14 14:28:10,2023-03-29 07:00:08,https://firebasestorage.googleapis.com/v0/b/steady-copilot-206205.appspot.com/o/goods%2Fada1010b-a3b1-4b39-2b4c-45317893028b%2Fada1010b-a3b1-4b39-2b4c-45317893028b_front_angle_1000.jpg?alt=media&token=df18b065-9eb2-4201-b099-6526dff816c1,https://firebasestorage.googleapis.com/v0/b/steady-copilot-206205.appspot.com/o/goods%2Fada1010b-a3b1-4b39-2b4c-45317893028b%2Fada1010b-a3b1-4b39-2b4c-45317893028b_front_angle_1000.png?alt=media&token=978b310f-433f-4f5a-990e-84b2b6352cb7,https://firebasestorage.googleapis.com/v0/b/steady-copilot-206205.appspot.com/o/goods%2Fada1010b-a3b1-4b39-2b4c-45317893028b%2Fada1010b-a3b1-4b39-2b4c-45317893028b_front_angle_250.jpg?alt=media&token=4279a105-7d67-49ac-903a-b4062c059dc9,https://firebasestorage.googleapis.com/v0/b/steady-copilot-206205.appspot.com/o/goods%2Fada1010b-a3b1-4b39-2b4c-45317893028b%2Fada1010b-a3b1-4b39-2b4c-45317893028b_front_angle_250.png?alt=media&token=92fa52cf-674f-48e5-8c6c-c1fb1f3c8949,,,,,,,,,,,,,,,,,,,,,,,,,,,,,,,,,,,,,,,,,,,,,,,,,,,,,,,,,,,,,,,,,,,,,,,,,,,,,,,,,,,,,,,,,,,,,,,,,,,,,,,,,,,,,,,,,,,,,,,,,,,,,,,,,,,,,,,,,,,,,,,,,,,,,,,,,,,,,,,,,,,,,,,,,,,,,,,,,,,,,,,,,,,,1.5,,,,,,,,,,,,,,,,,,,,,,,,,,,,,,,,,,,,,,,,,,,,,,,,,,,,,,,,,,,,,,,,,,,,,,,,,,60,,,,,,,,,,,,,,,,,화이트,,,,,,,,,,,,,,,,,,,,,,,,,,,,,,,,,,,,,,,,,,,,,,,,,,,,,,,,,,,,,,,,,,,,,,,,,,,,,,,,,,,,,,,,,,,,,,,,,,,,,,,,,,,,,,,,,,,,,,,,,,,,,,,,,,,,,,,,,,,,,,,,,,,,,,,,,,,,,,,,,,,,,,,,,,,,,,,,,,,,,,,,,,,,,,,,,,,,,,,,,,,,,,,,,,,,,,,,,,,,,,,,,,,,,,,,,,,,,,,,,,,,,,,,,,,,,,,,,,,,,,,,,,,,,,,,,,,,,,,,,,,,,,,,,,,,,,,,,,,,,,,,,,,,,,,,,,,,,,,,,,,,,,,,,,,,,,,,,,,,,,,,,,,,,,,,,,,,,,,,,,,,,,,,,,,,,,,,,,,,,,,,,,,,,,,,,,,,,,,,,,,,,,,,,,,,,,,,,,,,,,,,,,,,,,,,,,,,,,,,,,,,,,,,,,,,,,,,,,,,,,,,,,,,,,,,,,,,,,,N,,,재질 :: PVC 및 금속,,,,,,,,,,,20V 3A,,,,2020년 08월,,,,"# 제품의 '8핀 커넥터'를 스마트 기기에 연결한 후, PD포트(C타입)가 있는 충전기에 'C타입 커넥터'를 연결하면 충전을 시작합니다.
# 본 케이블은 PD 20V 3A를 지원하여, 최대 60W의 안정적인 고속충전이 가능합니다.
# PD포트(C타입)가 있는 노트북에 스마트 기기를 연결 시, 충전 및 데이터 전송이 가능합니다.
# 아이폰 ↔ 충전기
_ 아이폰8 이후 모델 고속충전 지원
# 아이패트 ↔ 충전기
_ 2016년도 이후 출시 아이패드 고속충전 지원
# 아이폰 ↔ 노트북
_ 아이폰/아이패드 충전 & 데이터 전송",,,,,,
8809027281445,7200301,디지털/가전>휴대폰액세서리>휴대폰충전기>충전기,스타택 홈 케어 분리형 고속충전기 세트 8핀(아이폰),분리형 고속충전기 세트 8핀(아이폰),,,,,,"구분=판매|:|이름=크린스타|:|주소=경북 성주군 용암면 성암로 1053
구분=포장(소분)|:|이름=크린스타|:|주소=경북 성주군 용암면 성암로 1053",수입제품,제조국=중국,크린스타,스타택|:|STARTAC|:|크린스타|:|CLEANSTAR,단일,,"아이폰 케이블, 고속충전기",2,,83.0,9.0,18.0,3.7,,블리스터팩형,,"종이,플라스틱(페트/PET)",N,N,"[[주의사항]]
# 심한 충격 또는 불에 넣지 마십시오. (폭발의 위험이 있습니다.)
# 습기나 먼지가 많은 곳 또는 온도가 높은 장소에 보관하지 마십시오.
# 분해,개조,강한 충격을 주거나 던지지 마십시오.
# 어린이의 손에 닿지 않게 보관하십시오.
# 입력전원이 AC 이므로 물기나 습기가 많은 곳에서는 사용하지 마십시오.
# USB 포트 이 외에는 사용하지 마십시오. (고장이나 화재의 원인이 됩니다.)",,054-933-3900,"# 2구분리형 고속충전기
# 1.2m 케이블
# 아이폰 케이블포함
# 5V 고속충전","# 본 기기는 모바일 전용 사용 기기이므로 다른 전자기기에서 사용 시 충전전량이 낮거나 충전이 되지 않을 수 있으며, 제품 충전 시 유선 충전으로 표기됩니다.",,2023-03-14 14:54:50,2023-03-29 07:00:08,https://firebasestorage.googleapis.com/v0/b/steady-copilot-206205.appspot.com/o/goods%2Fe16d3066-c401-4b15-c439-b5bc7292af63%2Fe16d3066-c401-4b15-c439-b5bc7292af63_front_angle_1000.jpg?alt=media&token=0643cc1c-2c4d-46e0-bf9a-23e14fad1c7a,https://firebasestorage.googleapis.com/v0/b/steady-copilot-206205.appspot.com/o/goods%2Fe16d3066-c401-4b15-c439-b5bc7292af63%2Fe16d3066-c401-4b15-c439-b5bc7292af63_front_angle_1000.png?alt=media&token=bf60c03f-5ff6-4eed-98a4-413e7f1df144,https://firebasestorage.googleapis.com/v0/b/steady-copilot-206205.appspot.com/o/goods%2Fe16d3066-c401-4b15-c439-b5bc7292af63%2Fe16d3066-c401-4b15-c439-b5bc7292af63_front_angle_250.jpg?alt=media&token=01c7509a-b0fe-41f3-acd8-b5ccfed2e606,https://firebasestorage.googleapis.com/v0/b/steady-copilot-206205.appspot.com/o/goods%2Fe16d3066-c401-4b15-c439-b5bc7292af63%2Fe16d3066-c401-4b15-c439-b5bc7292af63_front_angle_250.png?alt=media&token=6b9d1bed-441e-4d68-9881-b534e960a179,,,,,,,,,,,,,,,,,,,,,,,,,,,,,,,,,,,,,,,,,,,,,,,,,,,,,,,,,,,,,,,,,,,,,,,,,,,,,,,,,,,,,,,,,,,,,,,,,,,,,,,,,,,,,,,,,,,,,,,,,,,,,,,,,,,,,,,,,,,,,,,,,,,,,,,,,,,,,,,,,,,,,,,,,,,,,,,,,,,,,,,,,,,,1.2,,,,,,,,,,,,,,,,,,,,,,,,,,,,,,,,,,,,,,,,,,,,,,,,,,,,,,,,,,,,,,,,,,,,,,,,,,,,,,,,,,,,,,,,,,,,,,,,,,,,,,,,,,,,,,,,,,,,,,,,,,,,,,,,,,,,,,,,,,,,,,,,,,,,,,,,,,,,,,,,,,,,,,,,,,,,,,,,,,,,,,,,,,,,,,,,,,,,,,,,,,,,,,,,,,,,,,,,,,,,,,,,,,,,,,,,,,,,,,,,,,,,,,,,,,,,,,,,,,,,,,,,,,,,,,,,,,,,,,,,,,,,,,,,,,,,,,,,,,,,,,,,,,,,,,,,,,,,,,,,,,,,,,,,,,,,,,,,,,,,,,,,,,,,,,,,,,,,,,,,,,,,,,,,,,,,,,,,,,,,,,,,,,,,,,,,,,,,,,,,,,,,,,,,,,,,,,,,,,,,,,,,,,,,,,,,,,,,,,,,,,,,,,,,,,,,,,,,,,,,,,,,,,,,,,,,,,,,,,,,,,,,,,,,,,,,,,,,,,,,,,,,,,,,,,,,,,,,,,,,,,,,,,,,,,,,,,,,,,,,,,,,,,,,,,,,,,,,,,,,,,,,,,,,"HU10863-20011, R-R-XY4-XY-1304-5V2A",,Y,,,,,www.cleanstar.kr,,,,,,,,"100-240V~, 50/60Hz, 0.35A","5Vdc, 2A",,,,,,,,"# 입력전압 100-240V~, 50/60Hz, 0.35A
# 출력전압 5Vdc, 2A
# 케이블 8핀, 1.2M",,,,,,
8809027281476,7200301,디지털/가전>휴대폰액세서리>휴대폰충전기>충전기,스타택 홈 케어 분리형 고속충전기 세트 5핀,분리형 고속충전기 세트 5핀,,,,,,"구분=판매|:|이름=크린스타|:|주소=경북 성주군 용암면 성암로 1053
구분=포장(소분)|:|이름=크린스타|:|주소=경북 성주군 용암면 성암로 1053",수입제품,제조국=중국,크린스타,스타택|:|STARTAC|:|크린스타|:|CLEANSTAR,단일,,"안드로이드 5핀 케이블, 고속충전기",2,,83.0,9.0,18.0,3.7,,블리스터팩형,,"종이,플라스틱(페트/PET)",N,N,"[[주의사항]]
# 심한 충격 또는 불에 넣지 마십시오. (폭발의 위험이 있습니다.)
# 습기나 먼지가 많은 곳 또는 온도가 높은 장소에 보관하지 마십시오.
# 분해,개조,강한 충격을 주거나 던지지 마십시오.
# 어린이의 손에 닿지 않게 보관하십시오.
# 입력전원이 AC 이므로 물기나 습기가 많은 곳에서는 사용하지 마십시오.
# USB 포트 이 외에는 사용하지 마십시오. (고장이나 화재의 원인이 됩니다.)",,054-933-3900,"# 2구분리형
# 분리형고속충전기세트
# 1.2m 케이블
# 안드로이드 5핀 케이블포함
# 5V 고속충전","# 본 기기는 모바일 전용 사용 기기이므로 다른 전자기기에서 사용 시 충전전량이 낮거나 충전이 되지 않을 수 있으며, 제품 충전 시 유선 충전으로 표기됩니다.",,2023-03-14 15:08:32,2023-03-28 07:00:08,https://firebasestorage.googleapis.com/v0/b/steady-copilot-206205.appspot.com/o/goods%2F11836b19-4f0d-4821-913d-6505eb289787%2F11836b19-4f0d-4821-913d-6505eb289787_front_angle_1000.jpg?alt=media&token=b1369784-a94c-47cd-a865-38c8b4003afa,https://firebasestorage.googleapis.com/v0/b/steady-copilot-206205.appspot.com/o/goods%2F11836b19-4f0d-4821-913d-6505eb289787%2F11836b19-4f0d-4821-913d-6505eb289787_front_angle_1000.png?alt=media&token=3f2955ab-d8eb-4237-9ad7-32476db065c1,https://firebasestorage.googleapis.com/v0/b/steady-copilot-206205.appspot.com/o/goods%2F11836b19-4f0d-4821-913d-6505eb289787%2F11836b19-4f0d-4821-913d-6505eb289787_front_angle_250.jpg?alt=media&token=3de8e5df-47df-45a0-afce-b37c56add29b,https://firebasestorage.googleapis.com/v0/b/steady-copilot-206205.appspot.com/o/goods%2F11836b19-4f0d-4821-913d-6505eb289787%2F11836b19-4f0d-4821-913d-6505eb289787_front_angle_250.png?alt=media&token=172169bd-5875-4eb0-acb3-96674e4f2c8e,,,,,,,,,,,,,,,,,,,,,,,,,,,,,,,,,,,,,,,,,,,,,,,,,,,,,,,,,,,,,,,,,,,,,,,,,,,,,,,,,,,,,,,,,,,,,,,,,,,,,,,,,,,,,,,,,,,,,,,,,,,,,,,,,,,,,,,,,,,,,,,,,,,,,,,,,,,,,,,,,,,,,,,,,,,,,,,,,,,,,,,,,,,,1.2,,,,,,,,,,,,,,,,,,,,,,,,,,,,,,,,,,,,,,,,,,,,,,,,,,,,,,,,,,,,,,,,,,,,,,,,,,,,,,,,,,,,,,,,,,,,,,,,,,,,,,,,,,,,,,,,,,,,,,,,,,,,,,,,,,,,,,,,,,,,,,,,,,,,,,,,,,,,,,,,,,,,,,,,,,,,,,,,,,,,,,,,,,,,,,,,,,,,,,,,,,,,,,,,,,,,,,,,,,,,,,,,,,,,,,,,,,,,,,,,,,,,,,,,,,,,,,,,,,,,,,,,,,,,,,,,,,,,,,,,,,,,,,,,,,,,,,,,,,,,,,,,,,,,,,,,,,,,,,,,,,,,,,,,,,,,,,,,,,,,,,,,,,,,,,,,,,,,,,,,,,,,,,,,,,,,,,,,,,,,,,,,,,,,,,,,,,,,,,,,,,,,,,,,,,,,,,,,,,,,,,,,,,,,,,,,,,,,,,,,,,,,,,,,,,,,,,,,,,,,,,,,,,,,,,,,,,,,,,,,,,,,,,,,,,,,,,,,,,,,,,,,,,,,,,,,,,,,,,,,,,,,,,,,,,,,,,,,,,,,,,,,,,,,,,,,,,,,,,,,,,,,,,,,"HU10863-20011, R-R-XY4-XY-1304-5V2A",,Y,,,,,www.cleanstar.kr,,,,,,,,"100-240V~, 50/60Hz, 0.35A","5Vdc, 2A",,,,,,,,"# 입력전압 100-240V~, 50/60Hz, 0.35A
# 출력전압 5Vdc, 2A
# 케이블 5핀, 1.2M",,,,,,
8806388921713,7200301,디지털/가전>휴대폰액세서리>휴대폰충전기>충전기,엑스트라 MX520 PD PPS 초고속 듀얼 가정용 충전기 WHITE,엑스트라 MX520 PD PPS 초고속 듀얼 가정용 충전기,X'tra MX520 PD PPS & USB Dual Travel Charger,,직류전원장치,KYTW25W01,,"구분=판매|:|이름=(주)알토디자인|:|주소=
구분=수입|:|이름=(주)알토디자인|:|주소=
구분=연구개발(R&D)|:|이름=(주)알토디자인|:|주소=",수입제품,제조국=중국,(주)알토디자인,엑스트라|:|X'tra,단일,사이즈=약 90 x 40 x 26mm|:|(용량)=약 55g,,1,55.0,70.0,7.5,3.0,14.5,,육면체형,,종이,N,N,"[[공지사항]]
# 특별한 충전회로 구성을 요구하는 제품은 충전이 되지 않거나 느려질 수 있습니다.
# 임의로 분해/개조해서는 안됩니다.
# 제품을 던지거나, 충격을 주지 마십시오.
# 화기근처, 습기있는 곳, 고온, 저온, 직사광선이 닿는곳에서 보관 및 사용하지 마십시오.
# 유·소아의 손이 닿지 않는 곳에 보관하십시오.
# 플러그에 물건을 올리거나 힘을 가하지 마십시오.",구입처,1566-2350,"# Type PD USB
# 초고속 25W
# PD3.0 PPS
# 초고속충전 지원기기 최대 25W 출력지원
# 과전압 방지회로
# 과전류 방지회로
# 단락회로 보호
# 과열 방지회로
# 최저소비 효율기준 만족제품
# 에너지절약
_ 절전형충전기","# Best Qulity
_ 정품 정식인증제품
# 82112913982
# 생산물 배상책임보험 가입인증
_ 삼성화재
# PD
_ 초고속충전 지원기기 : 25W 초고속 충전
# PD / USB
_ 고속충전 지원기기 : 고속 충전
_ 고속충전 미지원기기 : 일반속도 충전
# 공지사항
_ 초고속/고속충전 시 : PD 3.0을 지원하는 고속 케이블 단독 연결 시에만 고속충전 가능
_ 노트북 충전 시 : 전력 25W 이하 PD충전 타입 (Window 10 OS 설치 제품)
_ PD 케이블 및 USB 케이블 미포함
_ 스마트 기기의 초고속/고속충전 지원문의는 각 스마트 기기의 제조사로 문의하십시오.
# 동시 출력 : 5V⚎3A Max.
# 모바일 전용
# B급 기기 (가정용 정보통신기기)
_ 이 기기는 가정용으로 전자파적합등록을 한 기기로써, 주거지역에서는 물론 모든 지역에서 사용할 수 있습니다.",,2023-03-15 11:25:09,2023-03-28 07:00:08,https://firebasestorage.googleapis.com/v0/b/steady-copilot-206205.appspot.com/o/goods%2Fb05b36ae-cd83-44d2-ecc2-32159e13cfcf%2Fb05b36ae-cd83-44d2-ecc2-32159e13cfcf_front_angle_1000.jpg?alt=media&token=e06e6a6f-161b-4a8a-a096-36210c23e6c2,https://firebasestorage.googleapis.com/v0/b/steady-copilot-206205.appspot.com/o/goods%2Fb05b36ae-cd83-44d2-ecc2-32159e13cfcf%2Fb05b36ae-cd83-44d2-ecc2-32159e13cfcf_front_angle_1000.png?alt=media&token=83b35baa-08f5-43b3-b382-b0062c2a365a,https://firebasestorage.googleapis.com/v0/b/steady-copilot-206205.appspot.com/o/goods%2Fb05b36ae-cd83-44d2-ecc2-32159e13cfcf%2Fb05b36ae-cd83-44d2-ecc2-32159e13cfcf_front_angle_250.jpg?alt=media&token=8b6e29e6-84d5-44ed-b692-0858a340ba26,https://firebasestorage.googleapis.com/v0/b/steady-copilot-206205.appspot.com/o/goods%2Fb05b36ae-cd83-44d2-ecc2-32159e13cfcf%2Fb05b36ae-cd83-44d2-ecc2-32159e13cfcf_front_angle_250.png?alt=media&token=b3f993b3-4331-403b-af0c-38adbb4e6a28,,,,,,,,,,,,,,,,,,,,,,,,,,,,,,,,,,,,,,,,,,,,,,,,,,,,,,,,,,,,,,,,,,,,,,,,,,,,,,,,,,,,,,,,,,,,,,,,,,,,,,,,,,,,,,,,,,,,,,,,,,,,,,,,,,,,,,,,,,,,,,,,,,,,,,,,,,,,,,,,,,,,,,,,,,,,,,,,,,,,,,,,,,,,,,,,,,,,,,,,,,,,,,,,,,,,,,,,,,,,,,,,,,,,,,,,,,,,,,,,,,,,,,,,,,,,,,,,,,,,,,,,,,,,,,,,,,,,,,,,,,,,,,,,,,,,,,,,,,,,,,,,,,,,,,,,,,,,,,,,,,,,,,,,,,,,,,,,,,,,,,,,,,,,,,,,여행용;초고속충전;가정용,,,,,,,,,,,,,,,,,,,,,,,,,,,,,,,,,,,,,,,,,,,,,,,,,,,,,,,,,,,,,,,,,,,,,,,,,,,,,,,,,,,,,,,,,,,,,,,,,,,,,,,,,,,,,,,,,,,,,,,,,,,,,,,,,,,,,,,,,,,,,,,,,,,,,,,,,,,,,,,,,,,,,,,,,,,,,,,,,,,,,,,,,,,,,,,,,,,,,,,,,,,25,,,,,,,,,,,,,,,,,,,,,,,,,,,,,,,,,,,,,,,,,,,,,,,,,,,,,,,,,,,,,,,,,,,,,,,,,,,,,,,,,,,,,,,,,,,,,,,,,,,,,,,,,,,,,,,,,,,,,,,,,,,,,,,,,,,,,,,,,,,,,,,,,,,,,,,,,,,,,,,,,,,,,,,,,,,,,,,,,,,,,,,,,,,,,,,,,,,,,,,,,"SU10695-21006, R-R-Kyt-KYTW25W01",,Y,,,"재질 :: ABS, PC, 금속",,,,,,,,,,"AC 100-240V, 50/60Hz, 0.6A","USB-C : (PDO) 5V⚎3A or 9V⚎2.77A or 12V⚎2.08A, (PPS) 3.3-5.9V⚎3.0A or 3.3-11V⚎2.25A, USB-A : 5V⚎3A or 9V⚎2.77A or 12V=2.08A",,,,,,,,,,,,,,
8806388919024,7200301,디지털/가전>휴대폰액세서리>휴대폰충전기>충전기,엑스트라 MX150 애플8핀 고속 가정용 충전기 WHITE,엑스트라 MX150 애플8핀 고속 가정용 충전기 - 12V,Apple 8pin Quick Travel Charger,,직류전원장치,MX-150A,,"구분=판매|:|이름=(주)알토디자인|:|주소=
구분=수입|:|이름=(주)알토디자인|:|주소=",수입제품,제조국=중국,(주)알토디자인,엑스트라|:|X'tra,단일,,,1,,89.0,7.5,3.0,14.5,,육면체형,,종이,N,N,"[[공지 사항]]
# '아이폰11' 이전 모델은 고속충전이 지원되지 않아, 5V 2.5A 일반속도로 충전됩니다.
# 고속충전 지원 스마트폰 : 12V 1.15A 또는 9V 1.165A 출력으로 고속충전
# 고속충전 미지원 스마트폰 : 5V 2.5A 출력으로 충전
# 특별한 충전회로 구성을 요구하는 제품은 충전이 안되거나 느려질 수 있습니다.
# 콘센트에 삽입된 플러그에 물건을 올리거나, 힘을 가하지 마십시오.
# 습기가 많은 장소 및 물이 튈 염려가 있는 장소에서 사용하지 마십시오.
# 고온/저온의 장소 및 직사광선이 닿는 곳에 보관하지 말아 주십시오.
# 제품을 임의로 분해하거나 개조해선 안되며, 제품을 던지거나 충격을 주지 마십시오.
# 제품을 화기 가까이에 두지 말아야하며 유·소아의 손이 닿지 않는곳에 보관하십시오.
# 애완동물의 침, 이물질 등이 플러그와 콘센트에 닿지 않도록 주의하십시오.
# 적용 가능한 기종의 스마트폰에만 사용하십시오.",구입처,1566-2350,"# 12V
_ 1.15A
# 9V
_ 1.65A
# 5V
_ 2.5A
# 고속 충전
# ver. 3.0 Quick Charge
# 과전압 방지회로
# 과충전 방지회로
# 최저소비 효율기준 만족제품
_ 에너지절약
_ 절전형충전기
# B급 기기 (가정용 정보통신기기)
_ 이 기기는 가정용으로 전자파적합등록을 한 기기로써, 주거지역에서는 물론 모든 지역에서 사용할 수 있습니다.
# 모바일 전용","# 8193554367
# 생산물 배상책임보험 가입인증
_ 삼성화재
_ SAMSUNG
# '아이폰11시리즈' 이전 모델들은 고속충전이 지원되지 않습니다.
# 케이블 규격 : 애플8핀 1개, 길이 1.15m",,2023-03-16 14:41:07,2023-04-05 07:00:07,https://firebasestorage.googleapis.com/v0/b/steady-copilot-206205.appspot.com/o/goods%2F35fb0006-73a9-4d2a-4b87-62352037776a%2F35fb0006-73a9-4d2a-4b87-62352037776a_front_angle_1000.jpg?alt=media&token=ed335370-b3ee-4f48-82d8-6b1a03ab26b3,https://firebasestorage.googleapis.com/v0/b/steady-copilot-206205.appspot.com/o/goods%2F35fb0006-73a9-4d2a-4b87-62352037776a%2F35fb0006-73a9-4d2a-4b87-62352037776a_front_angle_1000.png?alt=media&token=a5cec517-8549-47fc-a4ee-954ee3d23d1d,https://firebasestorage.googleapis.com/v0/b/steady-copilot-206205.appspot.com/o/goods%2F35fb0006-73a9-4d2a-4b87-62352037776a%2F35fb0006-73a9-4d2a-4b87-62352037776a_front_angle_250.jpg?alt=media&token=566e3aeb-ea0c-462b-9006-0ce1b9952bc6,https://firebasestorage.googleapis.com/v0/b/steady-copilot-206205.appspot.com/o/goods%2F35fb0006-73a9-4d2a-4b87-62352037776a%2F35fb0006-73a9-4d2a-4b87-62352037776a_front_angle_250.png?alt=media&token=1e895384-1a0c-43c0-827f-960fc04b4447,,,,,,,,,,,,,,,,,,,,,,,,,,,,,,,,,,,,,,,,,,,,,,,,,,,,,,,,,,,,,,,,,,,,,,,,,,,,,,,,,,,,,,,,,,,,,,,,,,,,,,,,,,,,,,,,,,,,,,,,,,,,,,,,,,,,,,,,,,,,,,,,,,,,,,,,,,,,,,,,,,,,,,,,,,,,,,,,,,,,,,,,,,,,1.5,,,,,,,,,,,,,,,,,,,,,,,,,,,,,,,,,,,,,,,,,,,,,,,,,,,,,,,,,,,,,,,,,,,,,,,,,,,,,,,,,,,,,,,,,,,,,,,,,,,,,,,,,,,,,,,,,,,,,,,,,,,,,,,,,,,,,,,,,,,,,,,,,,,,,,,,,,,,,,,,,,,,여행용;초고속충전;가정용,,,,,,,,,,,,,,,,,,,,,,,,,,,,,,,,,,,,,,,,,,,,,,,,,,,,,,,,,,,,,,,,,,,,,,,,,,,,,,,,,,,,,,,,,,,,,,,,,,,,,,,,,,,,,,,,,,,,,,,,,,,,,,,,,,,,,,,,,,,,,,,,,,,,,,,,,,,,,,,,,,,,,,,,,,,,,,,,,,,,,,,,,,,,,,,,,,,,,,,,,,,,,,,,,,,,,,,,,,,,,,,,,,,,,,,,,,,,,,,,,,,,,,,,,,,,,,,,,,,,,,,,,,,,,,,,,,,,,,,,,,,,,,,,,,,,,,,,,,,,,,,,,,,,,,,,,,,,,,,,,,,,,,,,,,,,,,,,,,,,,,,,,,,,,,,,,,,,,,,,,,,,,,,,,,,,,,,,,,,,,,,,,,,,,,,,,,,,,,,,,,,,"SU10621-21001, R-R-94D-MX-150A",,Y,,,"재질 :: PC, ABS, 금속",,,,,,,,,,"AC 220V, 60Hz, 0.5A","DC 5V/2.5A, DC 9V/1.65A, DC12V/1.15A",,,,2021년 10월,,,,,,,,,,
8806388920730,7200301,디지털/가전>휴대폰액세서리>휴대폰충전기>충전기,엑스트라 MX500 PD 고속 충전기 WHITE 20W,엑스트라 MX500 PD 고속 충전기,Apple 8pin Quick Travel Charger,,,MX21PD-K (직류전원장치),,"구분=판매|:|이름=(주)알토디자인|:|주소=
구분=수입|:|이름=(주)알토디자인|:|주소=",수입제품,제조국=중국,(주)알토디자인,엑스트라|:|X'tra,단일,사이즈=약 83 x 38.5 x 21mm|:|(용량)=약 52g,,1,52.0,66.0,7.5,3.0,13.0,,육면체형,,"종이,플라스틱(OTHER)",N,N,"[[공지 사항]]
# 고속충전지원 케이블 연결 시 고속충전이 됩니다 (최대 20W 출력 / PD 케이블 미포함)
# 특별한 충전회로 구성을 요구하는 제품은 충전이 안되거나 느려질 수 있습니다.
# 임의로 분해/개조해서는 안됩니다.
# 제품을 던지거나, 충격을 주지 마십시오.
# 화기근처, 습기있는 곳, 고온, 저온, 직사광선이 닿는곳에서 보관 및 사용하지 마십시오.
# 유·소아의 손이 닿지 않는 곳에 보관하십시오.
# 애완동물의 침, 이물질이 닿지 않도록 하십시오.
# 플러그에 물건을 올리거나 힘을 가하지 마십시오.",제품 구입처,1566-2350,"# Best Quality
_ 정품 정식인증제품
# 고속 충전
# ver. 3.0 Quick Charge
# 과전압 방지회로
# 과충전 방지회로
# 단락회로 보호
# 과열 방지회로
# 최저소비 효율기준 만족제품
_ 에너지절약
_ 절전형충전기
# B급 기기 (가정용 정보통신기기)
_ 이 기기는 가정용으로 전자파적합등록을 한 기기로써, 주거지역에서는 물론 모든 지역에서 사용할 수 있습니다.
# 모바일 전용","# 82012808872
# 생산물 배상책임보험 가입인증
_ 삼성화재
_ SAMSUNG
# X'tra MZ500 PD Fast Trevel Charger
# '아이폰11시리즈' 이전 모델들은 고속충전이 지원되지 않습니다.
# 케이블 규격 : 애플8핀 1개, 길이 1.15m
# 고속충전 지원기기 최대 20W 출력지원
# 고속충전 미지원기기 : 일반속도 충전지원",,2023-03-16 15:20:01,2023-04-06 07:00:07,https://firebasestorage.googleapis.com/v0/b/steady-copilot-206205.appspot.com/o/goods%2Fcb0ec328-014b-457b-60a5-2f4b92bcc2df%2Fcb0ec328-014b-457b-60a5-2f4b92bcc2df_front_angle_1000.jpg?alt=media&token=3f95744d-7dcb-4fdf-96d0-63f65cb30279,https://firebasestorage.googleapis.com/v0/b/steady-copilot-206205.appspot.com/o/goods%2Fcb0ec328-014b-457b-60a5-2f4b92bcc2df%2Fcb0ec328-014b-457b-60a5-2f4b92bcc2df_front_angle_1000.png?alt=media&token=f81f264d-7064-42af-89a9-5ef3df64278d,https://firebasestorage.googleapis.com/v0/b/steady-copilot-206205.appspot.com/o/goods%2Fcb0ec328-014b-457b-60a5-2f4b92bcc2df%2Fcb0ec328-014b-457b-60a5-2f4b92bcc2df_front_angle_250.jpg?alt=media&token=cd42b2c5-0202-4c24-a430-59802f7db3d7,https://firebasestorage.googleapis.com/v0/b/steady-copilot-206205.appspot.com/o/goods%2Fcb0ec328-014b-457b-60a5-2f4b92bcc2df%2Fcb0ec328-014b-457b-60a5-2f4b92bcc2df_front_angle_250.png?alt=media&token=2b7a5653-f6ea-4acc-8ca7-7febd2a4a7a8,,,,,,,,,,,,,,,,,,,,,,,,,,,,,,,,,,,,,,,,,,,,,,,,,,,,,,,,,,,,,,,,,,,,,,,,,,,,,,,,,,,,,,,,,,,,,,,,,,,,,,,,,,,,,,,,,,,,,,,,,,,,,,,,,,,,,,,,,,,,,,,,,,,,,,,,,,,,,,,,,,,,,,,,,,,,,,,,,,,,,,,,,,,,,,,,,,,,,,,,,,,,,,,,,,,,,,,,,,,,,,,,,,,,,,,,,,,,,,,,,,,,,,,,,,,,,,,,,,,,,,,,,,,,,,,,,,,,,,,,,,,,,,,,,,,,,,,,,,,,,,,,,,,,,,,,,,,,,,,,,,,,,,,,,,,,,,,,,,,,,,,,,,,,,,,,여행용;초고속충전;가정용,,,,,,,,,,,,,,,,,,,,,,,,,,,,,,,,,,,,,,,,,,,,,,,,,,,,,,,,,,,,,,,,,,,,,,,,,,,,,,,,,,,,,,,,,,,,,,,,,,,,,,,,,,,,,,,,,,,,,,,,,,,,,,,,,,,,,,,,,,,,,,,,,,,,,,,,,,,,,,,,,,,,,,,,,,,,,,,,,,,,,,,,,,,,,,,,,,,,,,,,,,,20,,,,,,,,,,,,,,,,,,,,,,,,,,,,,,,,,,,,,,,,,,,,,,,,,,,,,,,,,,,,,,,,,,,,,,,,,,,,,,,,,,,,,,,,,,,,,,,,,,,,,,,,,,,,,,,,,,,,,,,,,,,,,,,,,,,,,,,,,,,,,,,,,,,,,,,,,,,,,,,,,,,,,,,,,,,,,,,,,,,,,,,,,,,,,,,,,,,,,,,,,"HU10709-21011A, R-R-MXP-MX21PD-K",,Y,,,"재질 :: PC, 금속",,,,,,,,,,100-240V~50-60Hz 0.5A,"5V, 3A/9V, 2.22A/12V, 1.67A",,,,2021년 01월,,,,,,,,,,
8809027281483,7200302,디지털/가전>휴대폰액세서리>휴대폰충전기>젠더/케이블,크린스타 스타택 안드로이드 5핀 고속 충전케이블,고속 충전 케이블 5핀,,,고속 충전 케이블 5핀,,,"구분=판매|:|이름=크린스타|:|주소=경북 성주군 용암면 성암로 1053
구분=포장(소분)|:|이름=크린스타|:|주소=경북 성주군 용암면 성암로 1053",수입제품,제조국=중국,크린스타,스타택|:|STARTAC|:|크린스타|:|CS|:|CLEANSTAR,단일,(규격)=1.5m,,1,,45.0,9.0,18.0,3.8,,블리스터팩형,,"종이,플라스틱(페트/PET)",N,N,"[[주의사항]]
# 심한 충격 또는 불에 넣지 마십시오. 폭발의 위험이 있습니다.
# 습기나 먼지가 많은 곳 또는 온도가 높은 장소에 보관하지 마십시오.
# 분해, 개조, 강한 충격을 주거나 던지지 마십시오.
# 어린이의 손에 닿지 않게 보관하십시오.
# 입력전원이 AC이므로 물기나 습기가 많은 곳에서는 사용하지 마십시오.
# USB포트 이 외에는 사용하지 마십시오. 고장이나 화재의 원인이 됩니다.",,054-933-3900,,"# 스타택 홈 케어
# 본 기기는 모바일 전용 사용 기기이므로 다른 전자기기에서 사용 시 충전전량이 낮거나 충전이 되지 않을 수 있으며, 제품 충전 시 유선 충전으로 표기됩니다.",,2023-03-16 15:31:05,2023-04-05 07:00:07,https://firebasestorage.googleapis.com/v0/b/steady-copilot-206205.appspot.com/o/goods%2F6586bf59-7774-4795-2ac1-d138e29a0db2%2F6586bf59-7774-4795-2ac1-d138e29a0db2_front_angle_1000.jpg?alt=media&token=ad387d65-cfac-4721-b401-7cd55ebc5e6c,https://firebasestorage.googleapis.com/v0/b/steady-copilot-206205.appspot.com/o/goods%2F6586bf59-7774-4795-2ac1-d138e29a0db2%2F6586bf59-7774-4795-2ac1-d138e29a0db2_front_angle_1000.png?alt=media&token=cfe5d886-8bea-46b7-8dec-62f4c0bfa351,https://firebasestorage.googleapis.com/v0/b/steady-copilot-206205.appspot.com/o/goods%2F6586bf59-7774-4795-2ac1-d138e29a0db2%2F6586bf59-7774-4795-2ac1-d138e29a0db2_front_angle_250.jpg?alt=media&token=144f9c93-e4ae-47ed-b104-151524d9bc94,https://firebasestorage.googleapis.com/v0/b/steady-copilot-206205.appspot.com/o/goods%2F6586bf59-7774-4795-2ac1-d138e29a0db2%2F6586bf59-7774-4795-2ac1-d138e29a0db2_front_angle_250.png?alt=media&token=89b9d7b4-6883-40fd-81a2-17a91e8c081b,,,,,,,,,,,,,,,,,,,,,,,,,,,,,,,,,,,,,,,,,,,,,,,,,,,,,,,,,,,,,,,,,,,,,,,,,,,,,,,,,,,,,,,,,,,,,,,,,,,,,,,,,,,,,,,,,,,,,,,,,,,,,,,,,,,,,,,,,,,,,,,,,,,,,,,,,,,,,,,,,,,,,,,,,,,,,,,,,,,,,,,,,,,,1.5,,,,,,,,,,,,,,,,,,,,,,,,,,,,,,,,,,,,,,,,,,,,,,,,,,,,,,,,,,,,,,,,,,,,,,,,,,,,,,,,,,,,,,,,,,,화이트,,,,,,,,,,,,,,,,,,,,,,,,,,,,,,,,,,,,,,,,,,,,,,,,,,,,,,,,,,,,,,,,,,,,,,,,,,,,,,,,,,,,,,,,,,,,,,,,,,,,,,,,,,,,,,,,,,,,,,,,,,,,,,,,,,,,,,,,,,,,,,,,,,,,,,,,,,,,,,,,,,,,,,,,,,,,,,,,,,,,,,,,,,,,,,,,,,,,,,,,,,,,,,,,,,,,,,,,,,,,,,,,,,,,,,,,,,,,,,,,,,,,,,,,,,,,,,,,,,,,,,,,,,,,,,,,,,,,,,,,,,,,,,,,,,,,,,,,,,,,,,,,,,,,,,,,,,,,,,,,,,,,,,,,,,,,,,,,,,,,,,,,,,,,,,,,,,,,,,,,,,,,,,,,,,,,,,,,,,,,,,,,,,,,,,,,,,,,,,,,,,,,,,,,,,,,,,,,,,,,,,,,,,,,,,,,,,,,,,,,,,,,,,,,,,,,,,,,,,,,,,,,,,,,,,,,,,,,,,,N,,,"재질 :: PC, 스틸",,www.cleanstar.kr,,,,,,,,,,,,,,,,,"# 케이블 - 5핀, 1.5M",,,,,,
