GTIN,상품분류코드,상품분류명,상품명(대표),상품명(국문),상품명(영문),상품명(기타),품목명,모델명,제품번호,회사정보,수입 상품 구분,국가정보,브랜드 소유회사,브랜드명,상품 단위,규격정보,상품 구성,포장단위별 수량,순중량(Net Weight),총중량(Gross Weight),가로(cm),세로(cm),높이(cm),과세형태,상품 형태,상품 포장 재질,분리배출표시,성인용 상품 여부,어린이용 상품 여부,보관 취급 주의사항,AS책임자(반품/교환주소),전화번호(교환문의),마케팅 문구,기타,원재료 전체텍스트,등록일시,수정일시,보정이미지 1000 JPG,보정이미지 1000 PNG,썸네일 250 JPG,썸네일 250 PNG,영양성분,식품의 유형(140714),품목보고번호(140731),관련법상 표시사항(140735),알레르기(140803),제조시설 알레르기 성분 안내(140804),인증(140805),무첨가(140806),유통기간/품질유지기간(140807),조리법/음용법(140808),추가식품유형/개별표시(140809),홈페이지 주소(140903),식품이력추적관리번호(140917),영업신고(허가)번호(140921),인증/상세정보(140923),보관방식(140924),품종(140927),등급(140928),제조년월(140958),제품특징(140963)
8801045351100,2039999,신선식품>수산물>기타수산물>기타수산물,오뚜기 옛날미역 50g,오뚜기 옛날미역,,OTTOGI SEASEED,,,,"구분=제조/생산|:|이름=(주)보양|:|주소=전남 여수시 율촌면 취적리 284-3
구분=제조/생산|:|이름=(주)향아식품|:|주소=전남 완도군 완도읍 가용리 1092-5
구분=제조/생산|:|이름=부래영어조합법인|:|주소=전남 강진군 칠량면 송로리 1193
구분=판매|:|이름=(주)오뚜기|:|주소=경기 안양시 동안구 평촌동 160-4",국내제품,원산지=대한민국(국산),(주)오뚜기,오뚜기,단일,용량=50g,50g,,50,,20.0,7.0,5.0,,기타유형,포장재질 : 폴리프로필렌(내면),비닐류(PP),N,N,"직사광선을 피하여 건조하고 서늘한 곳에 보관 하시기 바랍니다.
본 제품은 자연에서 얻어지는 1차식품으로 새우, 해초, 바다벌레, 조개껍데기 등이 나올 수 있으므로 물에 충분히 담근 후 이물질을 제거하고 섭취하여 주십시오.",,080-024-2311,국산미역100%,,미역 100% ( 국산 ),2016-01-03 07:00:43,2019-02-14 21:32:17,https://firebasestorage.googleapis.com/v0/b/steady-copilot-206205.appspot.com/o/goods%2F9a1d26d4-1e55-4fb7-ae3f-8efc86e21ae7%2F9a1d26d4-1e55-4fb7-ae3f-8efc86e21ae7_front_angle_1000.jpg?alt=media&token=0969ae74-7acb-4fdd-93a5-cdb05b7d6aaa,https://firebasestorage.googleapis.com/v0/b/steady-copilot-206205.appspot.com/o/goods%2F9a1d26d4-1e55-4fb7-ae3f-8efc86e21ae7%2F9a1d26d4-1e55-4fb7-ae3f-8efc86e21ae7_front_angle_1000.png?alt=media&token=1255fd3e-4cca-41b6-8a7d-2a413e23158c,https://firebasestorage.googleapis.com/v0/b/steady-copilot-206205.appspot.com/o/goods%2F9a1d26d4-1e55-4fb7-ae3f-8efc86e21ae7%2F9a1d26d4-1e55-4fb7-ae3f-8efc86e21ae7_front_angle_250.jpg?alt=media&token=0969ae74-7acb-4fdd-93a5-cdb05b7d6aaa,https://firebasestorage.googleapis.com/v0/b/steady-copilot-206205.appspot.com/o/goods%2F9a1d26d4-1e55-4fb7-ae3f-8efc86e21ae7%2F9a1d26d4-1e55-4fb7-ae3f-8efc86e21ae7_front_angle_250.png?alt=media&token=1255fd3e-4cca-41b6-8a7d-2a413e23158c,,,,,,,,,,,,,,,,,,,,
8801045352107,2039999,신선식품>수산물>기타수산물>기타수산물,오뚜기 옛날자른미역 50g,오뚜기 옛날자른미역,,OTTOGI CUT SEAWEED,,,,"구분=제조/생산|:|이름=(주)보양|:|주소=전남 여수시 율촌면 취적리 284-3
구분=제조/생산|:|이름=(주)향아식품|:|주소=전남 완도군 완도읍 가용리 1092-5
구분=제조/생산|:|이름=부래영어조합법인|:|주소=전남 강진군 칠량면 송로리 1193
구분=판매|:|이름=(주)오뚜기|:|주소=경기 안양시 동안구 평촌동 160-4",국내제품,원산지=대한민국(국산),(주)오뚜기,오뚜기,단일,용량=50g,50g,,50,,,,,,기타유형,포장재질 : 폴리프로필렌(내면),비닐류(PP),N,N,"직사광선을 피하여 건조하고 서늘한 곳에 보관 하시기 바랍니다.
본 제품은 자연에서 얻어지는 1차식품으로 새우, 해초, 바다벌레, 조개껍데기 등이 나올 수 있으므로 물에 충분히 담근 후 이물질을 제거하고 섭취하여 주십시오.",,080-024-2311,국산미역100%,,미역 100% ( 국산 ),2016-01-03 07:00:43,2019-02-14 21:33:11,https://firebasestorage.googleapis.com/v0/b/steady-copilot-206205.appspot.com/o/goods%2F24ff26e8-9d6f-4458-a332-c8032093d899%2F24ff26e8-9d6f-4458-a332-c8032093d899_front_angle_1000.jpg?alt=media&token=e94b262d-fa7f-42ce-a9ad-d7bfa4853626,https://firebasestorage.googleapis.com/v0/b/steady-copilot-206205.appspot.com/o/goods%2F24ff26e8-9d6f-4458-a332-c8032093d899%2F24ff26e8-9d6f-4458-a332-c8032093d899_front_angle_1000.png?alt=media&token=01105242-36ff-476c-a785-7f167e72c2fa,https://firebasestorage.googleapis.com/v0/b/steady-copilot-206205.appspot.com/o/goods%2F24ff26e8-9d6f-4458-a332-c8032093d899%2F24ff26e8-9d6f-4458-a332-c8032093d899_front_angle_250.jpg?alt=media&token=e94b262d-fa7f-42ce-a9ad-d7bfa4853626,https://firebasestorage.googleapis.com/v0/b/steady-copilot-206205.appspot.com/o/goods%2F24ff26e8-9d6f-4458-a332-c8032093d899%2F24ff26e8-9d6f-4458-a332-c8032093d899_front_angle_250.png?alt=media&token=01105242-36ff-476c-a785-7f167e72c2fa,,,,,,,,,,,,,,,,,,,,
8801045351506,2039999,신선식품>수산물>기타수산물>기타수산물,오뚜기 옛날미역 150g,오뚜기 옛날미역,,OTTOGI SEAWEED,,,,"구분=제조/생산|:|이름=(주)보양|:|주소=전남 여수시 율촌면 취적리 284-3
구분=제조/생산|:|이름=(주)향아식품|:|주소=전남 완도군 완도읍 가용리 1092-5
구분=제조/생산|:|이름=부래영어조합법인|:|주소=전남 강진군 칠량면 송로리 1193
구분=판매|:|이름=(주)오뚜기|:|주소=경기 안양시 동안구 평촌동 160-4",국내제품,원산지=대한민국(국산),(주)오뚜기,오뚜기,단일,용량=150g,150g,,150,,20.0,10.0,5.0,,기타유형,포장재질 : 폴리프로필렌(내면),비닐류(PP),N,N,"직사광선을 피하여 건조하고 서늘한 곳에 보관 하시기 바랍니다.
본 제품은 자연에서 얻어지는 1차식품으로 새우, 해초, 바다벌레, 조개껍데기 등이 나올 수 있으므로 물에 충분히 담근 후 이물질을 제거하고 섭취하여 주십시오.",,080-024-2311,국산미역100%,,미역 100% ( 국산 ),2016-01-03 07:00:43,2019-02-14 21:33:16,https://firebasestorage.googleapis.com/v0/b/steady-copilot-206205.appspot.com/o/goods%2Ffca68daa-6194-4d69-b7e4-ad2d9e3ea161%2Ffca68daa-6194-4d69-b7e4-ad2d9e3ea161_front_angle_1000.jpg?alt=media&token=6b819ec2-8e10-48e0-8bb9-b4fe0b943900,https://firebasestorage.googleapis.com/v0/b/steady-copilot-206205.appspot.com/o/goods%2Ffca68daa-6194-4d69-b7e4-ad2d9e3ea161%2Ffca68daa-6194-4d69-b7e4-ad2d9e3ea161_front_angle_1000.png?alt=media&token=5e804c9b-9288-4e0f-9b42-402fb5794d62,https://firebasestorage.googleapis.com/v0/b/steady-copilot-206205.appspot.com/o/goods%2Ffca68daa-6194-4d69-b7e4-ad2d9e3ea161%2Ffca68daa-6194-4d69-b7e4-ad2d9e3ea161_front_angle_250.jpg?alt=media&token=6b819ec2-8e10-48e0-8bb9-b4fe0b943900,https://firebasestorage.googleapis.com/v0/b/steady-copilot-206205.appspot.com/o/goods%2Ffca68daa-6194-4d69-b7e4-ad2d9e3ea161%2Ffca68daa-6194-4d69-b7e4-ad2d9e3ea161_front_angle_250.png?alt=media&token=5e804c9b-9288-4e0f-9b42-402fb5794d62,,,,,,,,,,,,,,,,,,,,
8801045351407,2039999,신선식품>수산물>기타수산물>기타수산물,오뚜기 옛날미역 100g,오뚜기 옛날미역,,OTTOGI SEAWEED,,,,"구분=제조/생산|:|이름=(주)보양|:|주소=전남 여수시 율촌면 취적리 284-3
구분=제조/생산|:|이름=(주)향아식품|:|주소=전남 완도군 완도읍 가용리 1092-5
구분=제조/생산|:|이름=부래영어조합법인|:|주소=전남 강진군 칠량면 송로리 1193
구분=판매|:|이름=(주)오뚜기|:|주소=경기 안양시 동안구 평촌동 160-4",국내제품,원산지=대한민국(국산),(주)오뚜기,오뚜기,단일,용량=100g,100g,,100,,27.0,10.0,5.0,,기타유형,포장재질 : 폴리프로필렌(내면),비닐류(PP),N,N,"직사광선을 피하여 건조하고 서늘한 곳에 보관 하시기 바랍니다.
본 제품은 자연에서 얻어지는 1차식품으로 새우, 해초, 바다벌레, 조개껍데기 등이 나올 수 있으므로 물에 충분히 담근 후 이물질을 제거하고 섭취하여 주십시오.",,080-024-2311,국산미역100%,,미역 100% ( 국산 ),2016-01-03 07:00:43,2019-02-14 21:33:19,https://firebasestorage.googleapis.com/v0/b/steady-copilot-206205.appspot.com/o/goods%2F3209ca2b-31fe-4889-a5f2-d72cff6c32f9%2F3209ca2b-31fe-4889-a5f2-d72cff6c32f9_front_angle_1000.jpg?alt=media&token=346cca69-4d35-415f-b5b1-ce08c264dd2c,https://firebasestorage.googleapis.com/v0/b/steady-copilot-206205.appspot.com/o/goods%2F3209ca2b-31fe-4889-a5f2-d72cff6c32f9%2F3209ca2b-31fe-4889-a5f2-d72cff6c32f9_front_angle_1000.png?alt=media&token=700e33f7-8290-4590-98aa-23fea56d156c,https://firebasestorage.googleapis.com/v0/b/steady-copilot-206205.appspot.com/o/goods%2F3209ca2b-31fe-4889-a5f2-d72cff6c32f9%2F3209ca2b-31fe-4889-a5f2-d72cff6c32f9_front_angle_250.jpg?alt=media&token=346cca69-4d35-415f-b5b1-ce08c264dd2c,https://firebasestorage.googleapis.com/v0/b/steady-copilot-206205.appspot.com/o/goods%2F3209ca2b-31fe-4889-a5f2-d72cff6c32f9%2F3209ca2b-31fe-4889-a5f2-d72cff6c32f9_front_angle_250.png?alt=media&token=700e33f7-8290-4590-98aa-23fea56d156c,,,,,,,,,,,,,,,,,,,,
8801045353302,2039999,신선식품>수산물>기타수산물>기타수산물,오뚜기 옛날 다시마 200g,옛날 다시마,,오뚜기 옛날 다시마,,,,"구분=제조/생산|:|이름=(주)보양|:|주소=전남 여수시 율촌면 취적리 284-3
구분=판매|:|이름=(주)오뚜기|:|주소=경기 안양시 동안구 평촌동 160-4",국내제품,원산지=대한민국(국산),(주)오뚜기,오뚜기,단일,용량=200g,,,200,,25.0,10.0,5.0,,기타유형,포장재질 : 폴리프로필렌(내면),,N,N,"직사광선을 피하여 건조하고 서늘한 곳에 보관하시기 바랍니다.
개봉 후에는 가급적 빨리 사용하시기 바라며 남은 제품은 꼭 밀봉하여 주시기 바랍니다.
지퍼가 있어 사용 후 보관이 편리합니다.",,080-024-2311,,"다시마 튀각
재료: 옛날 다시마 10g( 사방 15cm), 오뚜기 식용유(10큰술), 오뚜기 옛날볶음참깨, 설탕 적당량
조리방법:
1. 거즈로 적당히 닦아낸 후 3~4cm(새끼손가락 두마디)로 자른다.
2. 달궈진 후라이팬에 오뚜기 식용유를 두르고 튀긴다.
(다시마는 금방 튀겨지므로 표면에 기포가 생기면 바로 꺼내세요.)
3. 체에 받쳐 기름을 뺀 후 오뚜기 옛날 볶음 참깨와 설탕을 뿌리고 예쁜 접시에 담아낸다.
* 조리 시 기름이 튈 수 있으니 유의하세요.",건다시마 100% ( 국산 ),2018-05-28 15:29:42,2019-02-14 00:36:10,https://firebasestorage.googleapis.com/v0/b/steady-copilot-206205.appspot.com/o/goods%2Fb7a60644-395e-40da-871a-48dbc9497b6f%2Fb7a60644-395e-40da-871a-48dbc9497b6f_front_angle_1000.jpg?alt=media&token=fe0fea65-fc75-4ae9-90a2-5df0fac33f13,https://firebasestorage.googleapis.com/v0/b/steady-copilot-206205.appspot.com/o/goods%2Fb7a60644-395e-40da-871a-48dbc9497b6f%2Fb7a60644-395e-40da-871a-48dbc9497b6f_front_angle_1000.png?alt=media&token=27169560-e11f-4bdd-b86b-b32661d3c567,https://firebasestorage.googleapis.com/v0/b/steady-copilot-206205.appspot.com/o/goods%2Fb7a60644-395e-40da-871a-48dbc9497b6f%2Fb7a60644-395e-40da-871a-48dbc9497b6f_front_angle_250.jpg?alt=media&token=fe0fea65-fc75-4ae9-90a2-5df0fac33f13,https://firebasestorage.googleapis.com/v0/b/steady-copilot-206205.appspot.com/o/goods%2Fb7a60644-395e-40da-871a-48dbc9497b6f%2Fb7a60644-395e-40da-871a-48dbc9497b6f_front_angle_250.png?alt=media&token=27169560-e11f-4bdd-b86b-b32661d3c567,,,,,,,,,,,,,,,,,,,,
8801045352008,2039999,신선식품>수산물>기타수산물>기타수산물,오뚜기 오뚜기 옛날자른미역 20g,오뚜기 옛날자른미역,OTTOGI CUT SEAWEED,OTTOGI CUT SEAWEED|:|오뚜기 사용하기 간편한 옛날 자른미역,,,,"구분=제조/생산|:|이름=(주)보양|:|주소=전남 여수시 율촌면 여순로 607-12번지
구분=제조/생산|:|이름=(주)향아식품|:|주소=전남 완도군 완도읍 농공단지 3길 31-10번지
구분=제조/생산|:|이름=부래영어조합법인|:|주소=전남 강진군 칠량면 청자로 656-5번지
구분=유통전문판매|:|이름=주식회사 오뚜기|:|주소=경기 안양시 동안구 흥인대로 405",국내제품,원산지=대한민국(국산),유통전문판매원 // 주식회사 오뚜기,오뚜기,단일,용량=20g,8인분,,20,20.0,10.0,5.0,3.0,,봉지형,폴리프로필렌(내면),비닐류(PP),N,N,· 개봉후에는 가급적 빨리 사용하시기 바라며 남은 제품은 꼭 밀봉하여 주시기 바랍니다.,,080-024-2311,"✓ 국산미역100%
✓ 자를 필요없이 사용하기 간편하게!
· 오뚜기 옛날자른미역은 남해의 맑은 바다에서 채취한 신선한 원초만을 엄선하여 가공한 식품으로 급속 건조하여 미역 본래의 맛과 빛깔, 영양이 살아 있습니다.
· 간편하게 조리할 수 있도록 미리 잘라 놓아 사용 시 편리합니다.
· 오뚜기 옛날자른미역은 알카리성 자연 식품으로 비타민A, 칼슘, 미네랄 등 각종 영양소가 들어있는 제품입니다.
미역무침
새콤한 미역초무침으로 건강한 밥상
*재료
옛날자른미역 3g, 무채 50g, 오이채30g, 소금½작은술(2.5g), 초양념-다진마늘½작은술[3g], 오뚜기매실식초3작은술[9g], 설탕 1작운슬[3.5g], 오뚜기 볶음참깨 약간
*조리방법
1. 불린 미역의 물기를 빼서 준비한다.
2. 무와 오이를 채썰아 소금에 절인다.
3. 준비한 초양념을 잘 섞어 만든다.
4. 미역과 무, 오이에 양념을 넣고 버무린다.
※ 기호에 따라 참기름을 첨가해 고소한 맛을 더해보세요.
미역볶음
바삭하고 달콤 짭짤하게 즐기는 밑잔찬
*재료
옛날자른미역 20g, 오뚜기식용유 1큰술, 설탕1큰술(11g), 오뚜기 볶음참깨 2작은술(5g)
*조리방법
1. 미역은 젖은 천으로 한번 닦아 소금기를 뺀다.
2. 후라이팬에 식용유를 두른 후 미역을 넣고 약불에서 3분간 볶는다.
3. 설탕과 볶음참깰르 넣고 버무린다.",,"미역 ( 국산 ),천일염 ( 호주산 )",2018-08-20 15:00:58,2019-04-29 10:41:19,https://firebasestorage.googleapis.com/v0/b/steady-copilot-206205.appspot.com/o/goods%2F7220352f-af51-4e9f-8a38-f852a789df43%2F7220352f-af51-4e9f-8a38-f852a789df43_front_angle_1000.jpg?alt=media&token=8537f4d7-725e-4cd6-a776-fd1b50d876b6,https://firebasestorage.googleapis.com/v0/b/steady-copilot-206205.appspot.com/o/goods%2F7220352f-af51-4e9f-8a38-f852a789df43%2F7220352f-af51-4e9f-8a38-f852a789df43_front_angle_1000.png?alt=media&token=5603425f-e113-4c5f-99d8-1ae3cee6742d,https://firebasestorage.googleapis.com/v0/b/steady-copilot-206205.appspot.com/o/goods%2F7220352f-af51-4e9f-8a38-f852a789df43%2F7220352f-af51-4e9f-8a38-f852a789df43_front_angle_250.jpg?alt=media&token=2aa67388-a4aa-44cb-88ee-98b7487b80c2,https://firebasestorage.googleapis.com/v0/b/steady-copilot-206205.appspot.com/o/goods%2F7220352f-af51-4e9f-8a38-f852a789df43%2F7220352f-af51-4e9f-8a38-f852a789df43_front_angle_250.png?alt=media&token=0b6a6368-9e65-4b85-bfdf-5371c29ea3cf,,,,,,,,,,"조리전 물에 2~3분만 담궈두면 원형으로 되살아 납니다.
씻거나 자를 필요없이 간편하게 즐기세요.
아래 조리방법을 참고하여 맛있는 미역 요리를 즐겨 보세요.
* 요리제안은 4인분 기준입니다.
*오뚜기 옛날 자른미역 : 10g(200ml컵 기준으로 반컵 분량)
미역국 
엄마의 사랑만큼 깊고 시원한 오뚜기 미역국
*재료
옛날자른미역 10g, 쇠고기 50g, 다진마늘 1작은술(6g), 오뚜기 참기름 2작은술(5g), 국간장 1½큰술(23g)
*조리방법
1. 불린 미역의 물기를 빼서 준비한다.
2. 참기름을 두른 냄비에 준비된 재료를 넣고 3분간 살짝 볶는다.
3. 물5컵(100ml)을 붓고 센불에서 한소금 끓인 후 국간장으로 간을 맞춘다.
※ 약불에서 5분간 더 끓이면, 더욱 부드러운 미역 식감과 같은 미역국 맛을 즐길 수 있습니다.
미역냉국
입맛 잃기 쉬운 여름철, 새콤달콤한 미역오이냉국으로 입맛찾기
*재료
옛날자른미역 5g, 오이¼개, 설탕 1½큰술(18g), 오뚜기 사과식초 2큰술(28g), 소금½작은술(2.5g), 오뚜기볶음참깨 1작은술(2.5g)
*조리방법
1, 불린 미역은 물기를 빼고, 오이는 채를 썬다.
2. 시원한 얼음물 3컵(600ml)에 준비한 양념 넣고 냉국을 만들어 부어줍니다.
※ 기호에 따라 참기름, 다진마늘을 첨가해보세요.
",,,,,,,,,,
8801045353401,2039999,신선식품>수산물>기타수산물>기타수산물,오뚜기 옛날 자른 다시마 80g,오뚜기 옛날 자른 다시마,OTTOGI CUT SEA TANGLE,,,,,"구분=제조/생산|:|이름=(주)보양|:|주소=전남 여수시 율촌면 여순로 607-12번지
구분=제조/판매|:|이름=주식회사 오뚜기|:|주소=경기도 안양시 동안구 흥안대로 405",국내제품,원산지=대한민국(국산),주식회사 오뚜기,,단일,용량=80g,,1.0,80,89.0,18.3,3.5,25.6,,파우치형,폴리프로필렌,비닐류(PP),N,N,"직사광선을 피하여 건조하고 서늘한 곳에 보관 하시기 바랍니다._x000D_
개봉후에는 가급적 빨리 사용하시기 바라며 남은 제품은 꼭 밀봉하여 주시기 바랍니다._x000D_
본 제품은 자연에서 얻어지는 1차식품으로 새우,해초,바다벌레,조개껍데기 등이 나올 수 있으므로 물에 충분히 담근 후 이물질을 제거하고 섭취하여 주십시오.",,080-024-2311(수신자요금부담),"국산다시마 100%_x000D_
자를 필요없이 사용하기 간편하게!",제품이미지 재촬영 필요(2018/11/26),,2018-12-20 12:14:51,2018-12-20 12:14:51,https://firebasestorage.googleapis.com/v0/b/steady-copilot-206205.appspot.com/o/goods%2F207efcd2-d9d9-409b-9c57-06979d22ec5b%2F207efcd2-d9d9-409b-9c57-06979d22ec5b_front_angle_1000.jpg?alt=media&token=095b76de-6e31-44a0-bafb-fd0a12c53d2e,https://firebasestorage.googleapis.com/v0/b/steady-copilot-206205.appspot.com/o/goods%2F207efcd2-d9d9-409b-9c57-06979d22ec5b%2F207efcd2-d9d9-409b-9c57-06979d22ec5b_front_angle_1000.png?alt=media&token=d703efc7-9645-4109-9b5a-b49c3a4e1711,https://firebasestorage.googleapis.com/v0/b/steady-copilot-206205.appspot.com/o/goods%2F207efcd2-d9d9-409b-9c57-06979d22ec5b%2F207efcd2-d9d9-409b-9c57-06979d22ec5b_front_angle_250.jpg?alt=media&token=df723c95-02f5-45e4-ab5f-500f516cc263,https://firebasestorage.googleapis.com/v0/b/steady-copilot-206205.appspot.com/o/goods%2F207efcd2-d9d9-409b-9c57-06979d22ec5b%2F207efcd2-d9d9-409b-9c57-06979d22ec5b_front_angle_250.png?alt=media&token=1f9684d7-1527-4a12-88b9-af79a22b5138,,,,,,,,,,,,,,,,,,,,
8801114309117,2020202,신선식품>축산물>알류>메추리알,찬마루 삶아서 바로 깐 메추리알 450g,삶아서 바로 깐 메추리알,,찬마루 삶아서 바로 깐 메추리알|:|풀무원 삶아서 바로 깐 메추리알,,,,"구분=제조/생산|:|이름=코메츠식품(주)|:|주소=경기 이천시 모가면 서경리 424-5
구분=제조/생산|:|이름=후래쉬 애그푸드(주)|:|주소=충남 공주시 탄천면 남산리 670-1
구분=유통전문판매|:|이름=풀무원식품(주)|:|주소=충북 음성군 대소면 삼호리 80-1",국내제품,원산지=대한민국(국산),풀무원식품(주),찬마루,단일,용량=450g,450g(고형분량 기준),,450,,,,,,기타유형,포장재질(내면) : 폴리에틸렌,비닐류(OTHER),N,N,,본사 및 구입처,080-022-0085,,,"메추리알55.6%(국산),정제수,정제염(0.44%,국산),식초,자몽종자추출물",2016-01-03 07:00:43,2019-06-17 14:46:44,https://firebasestorage.googleapis.com/v0/b/steady-copilot-206205.appspot.com/o/goods%2F83925c7e-0aff-4560-bf7b-b21bfe66ddd6%2F83925c7e-0aff-4560-bf7b-b21bfe66ddd6_front_angle_1000.jpg?alt=media&token=4b25bfd7-44d1-49ca-868b-caa1dcb0c6b0,https://firebasestorage.googleapis.com/v0/b/steady-copilot-206205.appspot.com/o/goods%2F83925c7e-0aff-4560-bf7b-b21bfe66ddd6%2F83925c7e-0aff-4560-bf7b-b21bfe66ddd6_front_angle_1000.png?alt=media&token=757d762e-06c0-4ff1-8702-8b6830a9c670,https://firebasestorage.googleapis.com/v0/b/steady-copilot-206205.appspot.com/o/goods%2F83925c7e-0aff-4560-bf7b-b21bfe66ddd6%2F83925c7e-0aff-4560-bf7b-b21bfe66ddd6_front_angle_250.jpg?alt=media&token=0d04e545-f035-4135-9772-3bdb66320acb,https://firebasestorage.googleapis.com/v0/b/steady-copilot-206205.appspot.com/o/goods%2F83925c7e-0aff-4560-bf7b-b21bfe66ddd6%2F83925c7e-0aff-4560-bf7b-b21bfe66ddd6_front_angle_250.png?alt=media&token=757d762e-06c0-4ff1-8702-8b6830a9c670,"제목=1회 제공량|:|설명=|:|제공수량=1|:|제공수량단위=회|:|제공함유량=50|:|제공함유량단위=g|:|내용=(성분명=콜레스테롤|:|함량=265|:|단위=mg),(성분명=열량|:|함량=80|:|단위=kcal),(성분명=칼슘|:|함량=32|:|단위=mg),(성분명=식이섬유|:|함량=0|:|단위=g),(성분명=비타민C|:|함량=0|:|단위=mg),(성분명=단백질|:|함량=6|:|단위=g),(성분명=나트륨|:|함량=130|:|단위=mg),(성분명=트랜스지방|:|함량=0|:|단위=g),(성분명=탄수화물|:|함량=1|:|단위=g미만),(성분명=철|:|함량=1.6|:|단위=mg),(성분명=지방|:|함량=6|:|단위=g),(성분명=포화지방|:|함량=2.2|:|단위=g),(성분명=비타민A|:|함량=268|:|단위=ugRE),(성분명=당류|:|함량=0|:|단위=g)",,,,난류(계란/가금류/알류),,HACCP인증,산란촉진제;합성착색료;항생제,,,,,,,,,,,,
8801114309094,2020201,신선식품>축산물>알류>계란,풀무원 목초를 먹고 자란 건강한 닭이 낳은 달걀 780g,목초를 먹고 자란 건강한 닭이 낳은 달걀,,풀무원 목초를 먹고 자란 건강한 닭이 낳은 달걀,,,,"구분=제조/생산|:|이름=농업회사법인 가농바이오(주)|:|주소=경기 포천시 가산면 우금리 667
구분=판매|:|이름=풀무원식품(주)|:|주소=충북 음성군 대소면 삼호리 80-1",국내제품,원산지=대한민국(국산),풀무원식품(주),풀무원,단일,용량=780g,"대란 15개[1050kcal/780g, 70kcal/1회 제공량 52g(가식부 46.8g)]",,780,,,,,,기타유형,,,N,N,,본사 및 구입처,080-022-0085,동물성 단백질사료 미사용,"·엽산함량: 39㎍/46.8g 가식부기준, ·시험방법: 축산물가공기준 및 성분규격
인증품의 표시사항 : 취급자: 농헙회사법인 가농 바이오(주), 품목: 무항생제 달걀, 생산지: 국내산, 포장장소: 경기도 포천시 가산면 금우로 20, 전화번호: 031)544-0957,
인증기관명: 네오친환경인증센터(주), 인증번호: 제 47-6-49호, 생산자인증번호(제 47-5-307호), 롯트번호(08111)
등급판정일: 2015-06-29",달걀 100%,2016-01-03 07:00:43,2019-06-17 14:49:28,https://firebasestorage.googleapis.com/v0/b/steady-copilot-206205.appspot.com/o/goods%2Fd17e67bc-0e4c-49cf-8fde-dec4b68a1cf2%2Fd17e67bc-0e4c-49cf-8fde-dec4b68a1cf2_front_angle_1000.jpg?alt=media&token=c14eb46b-4da6-4ec4-ae45-08c98a55facc,https://firebasestorage.googleapis.com/v0/b/steady-copilot-206205.appspot.com/o/goods%2Fd17e67bc-0e4c-49cf-8fde-dec4b68a1cf2%2Fd17e67bc-0e4c-49cf-8fde-dec4b68a1cf2_front_angle_1000.png?alt=media&token=47cfe617-06ae-4f41-a872-6ae74c90be41,https://firebasestorage.googleapis.com/v0/b/steady-copilot-206205.appspot.com/o/goods%2Fd17e67bc-0e4c-49cf-8fde-dec4b68a1cf2%2Fd17e67bc-0e4c-49cf-8fde-dec4b68a1cf2_front_angle_250.jpg?alt=media&token=c14eb46b-4da6-4ec4-ae45-08c98a55facc,https://firebasestorage.googleapis.com/v0/b/steady-copilot-206205.appspot.com/o/goods%2Fd17e67bc-0e4c-49cf-8fde-dec4b68a1cf2%2Fd17e67bc-0e4c-49cf-8fde-dec4b68a1cf2_front_angle_250.png?alt=media&token=47cfe617-06ae-4f41-a872-6ae74c90be41,"제목=1회 제공량|:|설명=|:|제공수량=1|:|제공수량단위=회|:|제공함유량=52|:|제공함유량단위=g|:|내용=(성분명=탄수화물|:|함량=2|:|단위=g),(성분명=지방|:|함량=5|:|단위=g),(성분명=나트륨|:|함량=65|:|단위=mg),(성분명=트랜스지방|:|함량=0|:|단위=g),(성분명=당류|:|함량=0|:|단위=g),(성분명=콜레스테롤|:|함량=220|:|단위=mg),(성분명=포화지방|:|함량=1.5|:|단위=g),(성분명=열량|:|함량=70|:|단위=kcal),(성분명=단백질|:|함량=5|:|단위=g),(성분명=식이섬유|:|함량=1|:|단위=g미만)",,,,,,무항생제축산물,산란촉진제;합성착색료;항생제,,,,,,,,,,,,
8801114117040,2020201,신선식품>축산물>알류>계란,풀무원 무항생제 1등급 하루에 한알 780g,풀무원 무항생제 1등급 하루에 한알,,,,,,"구분=제조/판매|:|이름=농업회사법인 (주)청계원|:|주소=경기도 이천시 마장면 이장로 361번길 34-21
구분=판매|:|이름=풀무원식품(주)|:|주소=충북 음성군 대소면 대물로 36",국내제품,원산지=대한민국(국산),풀무원식품(주),풀무원|:|Pulmuone,단일,용량=780g,15 개,1.0,780,920.0,25.0,15.5,6.5,,기타유형,,,N,N,"냉장보관           _x000D_
보존온도 0~10℃_x000D_
 · 구입 후에는 반드시 냉장고에 보관하여 주십시오.",본사 및 구입처,080-022-0085,"ONE DAY ONE EGG_x000D_
비타민D 함유_x000D_
하루에 한알_x000D_
칼슘의 흡수를 도와 뼈와 치아의 건강을 위해 꼭 필요한 비타민D, 달걀 한 알로 부족할 수 있는 하루 권장량을 채우세요. _x000D_
비타민D_x000D_
뼈와 치아의 건강을 위해_x000D_
햇볕을 쪼기 힘들 때_x000D_
6.5㎍/46.8 g(가식부), 1일 영양성분 기준치의 65 %_x000D_
1등급 대란_x000D_
축산물품질평가원","무항생제인증품목_x000D_
계란_x000D_
_x000D_
생산자 및 생산자인증번호_x000D_
FI-송일농장(08001) / 제24-5-72호, F3-골드아이(08004) / 제50-5-747호, F4-상신(08007) / 제50-5-1563호, F6-시헌(08003) / 제24-5-60호_x000D_
_x000D_
총 내용량 780 g당_x000D_
■ 농촌진흥청 국립농업과학원 식품성분표 참고_x000D_
열량 1125kcal_x000D_
나트륨 48% 950mg_x000D_
탄수화물71% 23g_x000D_
당류 0% 0g_x000D_
식이섬유 0% 0g_x000D_
지방 146% 79g_x000D_
트랜스지방 0g_x000D_
포화지방 14% 22g_x000D_
콜레스테롤1100% 3300mg_x000D_
단백질 145% 80g_x000D_
비타민A 87% 611㎍ RE_x000D_
비타민C 0% 0mg_x000D_
칼슘 52% 365mg_x000D_
철분 98% 11.7mg_x000D_
비타민D 975% 97.5㎍ ",,2019-01-28 15:14:27,2020-12-21 16:51:24,https://firebasestorage.googleapis.com/v0/b/steady-copilot-206205.appspot.com/o/goods%2F74466335-91da-472c-9484-f533c3ac90bb%2F74466335-91da-472c-9484-f533c3ac90bb_front_angle_1000.jpg?alt=media&token=233d6583-326e-4a75-a87d-37a0e45eec86,https://firebasestorage.googleapis.com/v0/b/steady-copilot-206205.appspot.com/o/goods%2F74466335-91da-472c-9484-f533c3ac90bb%2F74466335-91da-472c-9484-f533c3ac90bb_front_angle_1000.png?alt=media&token=b376552f-6d19-48fe-8f1b-a26d615d5098,https://firebasestorage.googleapis.com/v0/b/steady-copilot-206205.appspot.com/o/goods%2F74466335-91da-472c-9484-f533c3ac90bb%2F74466335-91da-472c-9484-f533c3ac90bb_front_angle_250.jpg?alt=media&token=e5be3e9f-fdc8-4262-9b40-904ddb9bef28,https://firebasestorage.googleapis.com/v0/b/steady-copilot-206205.appspot.com/o/goods%2F74466335-91da-472c-9484-f533c3ac90bb%2F74466335-91da-472c-9484-f533c3ac90bb_front_angle_250.png?alt=media&token=38923843-dcf5-41dc-a1e6-93c21abb4ffc,,,,,,,,,,,,,,,,,,,,
8801138020012,2010106,신선식품>농산물>곡류>보리,정원 압맥 800g,압맥,PRESSED BARLEY,우리것 압맥,보리,,,구분=제조/생산|:|이름=농업회사법인(주)정원산업|:|주소=전남 보성군 득량면 예당길 183,국내제품,원산지=대한민국(국산),농업회사법인(주)정원산업,정원|:|JEONGWON|:|精元|:|정원산업,단일,내용량=800g,,1.0,800,814.0,19.6,3.5,28.7,,봉지형,포장재질 :: 폴리에틸렌(내면),비닐류(OTHER),N,N,"[[보관방법]]
# 직사광선 및 습기를 피해 건냉한  또는 냉장 보관하시고, 개봉 후에는 밀폐해 보관하시면 좋습니다.

[[구입 후 개봉시 권장 보관방법]]
# 습기는 피하세요
# 햇빛을 피하세요
# 서늘한 곳에 보관하세요",제조원 및 구입처,031-792-8938,"# 지퍼 맛과 품질을 위한 지퍼포장
# EVERYDAY FRESH
# 우리것
# ""수증기로 쪄서 매끄럽게 누른 보리쌀!""
# 우리농사물의 자존심을 지켜가는
# 신토불이 100% 우리 농산물
# 압맥의 특징
_ 미리 삶거나 불릴 필요가 없으며, 먹기에 껄끄럽지 않고 부드럽습니다.
_ 보리는 쌀밥만의 편식에서 부족되기 쉬운 여러가지 비타민류, 무기성분, 필수아미노산 등을 보충해 줍니다.
_ 보리에는 식이섬유가 쌀의 7배, 밀의 2배 이상 함유되어 있으며, 가용성 식이섬유의 일종인 베타글루칸의 함량이 풍부합니다.","# (여기서부터 가위로 잘라 사용하시고 지퍼를 닫아 보관하십시요)
# 년산 2021
# 도정일 21.11.01",,2022-04-21 16:55:44,2022-06-28 15:43:39,https://firebasestorage.googleapis.com/v0/b/steady-copilot-206205.appspot.com/o/goods%2F3a4f8b1b-bb23-42d3-02c7-e2c5052207cf%2F3a4f8b1b-bb23-42d3-02c7-e2c5052207cf_front_angle_1000.jpg?alt=media&token=33460b66-f03a-47dd-9cbd-ef49a83c5ce8,https://firebasestorage.googleapis.com/v0/b/steady-copilot-206205.appspot.com/o/goods%2F3a4f8b1b-bb23-42d3-02c7-e2c5052207cf%2F3a4f8b1b-bb23-42d3-02c7-e2c5052207cf_front_angle_1000.png?alt=media&token=57671e21-614b-4552-af70-9daa96d8a7d2,https://firebasestorage.googleapis.com/v0/b/steady-copilot-206205.appspot.com/o/goods%2F3a4f8b1b-bb23-42d3-02c7-e2c5052207cf%2F3a4f8b1b-bb23-42d3-02c7-e2c5052207cf_front_angle_250.jpg?alt=media&token=b2a7fecd-2835-43c5-92f6-3838211adda1,https://firebasestorage.googleapis.com/v0/b/steady-copilot-206205.appspot.com/o/goods%2F3a4f8b1b-bb23-42d3-02c7-e2c5052207cf%2F3a4f8b1b-bb23-42d3-02c7-e2c5052207cf_front_angle_250.png?alt=media&token=36eeb3f4-4990-47bc-b1d9-a7860ead2179,,,,,,,,,,"# 맛있게 드시는 방법
_ 별도로 물에 불리거나 삶을 필요없이 바로 쌀과 섞어 씻은 다음 쌀밥보다 물을 조금 더 붓고 밥솥에 얹혀 끓인 후 뜸을 들입니다.
_ 압맥의 혼합비율은 쌀의 15~20%정도가 좋습니다.",,,,,,실온(상온) 보관,,,,
8801138033029,2010106,신선식품>농산물>곡류>보리,정원 할맥 800g,할맥,SPLIT POLISHED BARLEY,우리것 할맥,쌀보리,,,구분=제조/생산|:|이름=농업회사법인 주식회사 정원산업|:|주소=전남 보성군 득량면 예당길 183,국내제품,원산지=대한민국(국산),농업회사법인 주식회사 정원산업,정원|:|JEONGWON|:|정원산업|:|精元,단일,내용량=800g,,1.0,800,810.0,18.6,3.5,27.8,,봉지형,포장재질 :: 폴리에틸렌(내면),비닐류(OTHER),N,N,"[[보관방법]]
# 직사광선 및 습기를 피해 건냉한  또는 냉장 보관하시고, 개봉 후에는 밀폐해 보관하시면 좋습니다.

[[구입 후 개봉시 권장 보관방법]]
# 습기는 피하세요
# 햇빛을 피하세요
# 서늘한 곳에 보관하세요",제조원 및 구입처,031-792-8938,"# 지퍼 맛과 품질을 위한 지퍼포장
# EVERYDAY FRESH
# 우리것
# ""둘로 쪼갠 보리쌀!""
# 우리농사물의 자존심을 지켜가는
# 신토불이 100% 우리 농산물
# 할맥의 특징
_ 미리 삶거나 불릴 필요가 없습니다.
_ 먹기에 껄끄럽지 않고 부드럽습니다.
_ 쌀밥만의 편식에서 부족하기 쉬운 여러가지 비타민류, 무기성분, 필수 아미노산 등을 보충해 줍니다.
_ 식이섬유가 쌀의 7배, 밀의 2배 이상 함유되어 있으며, 가용성 식이섬유의 일종인 베타글루칸의 함량이 풍부합니다.","# (여기서부터 가위로 잘라 사용하시고 지퍼를 닫아 보관하십시요)
# 년산 2021
# 도정일 21.11.01",,2022-04-21 16:56:39,2022-06-28 15:48:51,https://firebasestorage.googleapis.com/v0/b/steady-copilot-206205.appspot.com/o/goods%2Fe6a937a0-99d8-49a6-be4b-7c88c962564e%2Fe6a937a0-99d8-49a6-be4b-7c88c962564e_front_angle_1000.jpg?alt=media&token=740a4dc7-9b5b-42eb-8aeb-053a2dcae5bd,https://firebasestorage.googleapis.com/v0/b/steady-copilot-206205.appspot.com/o/goods%2Fe6a937a0-99d8-49a6-be4b-7c88c962564e%2Fe6a937a0-99d8-49a6-be4b-7c88c962564e_front_angle_1000.png?alt=media&token=a2043330-68fb-4f42-a11e-0e39af185d2e,https://firebasestorage.googleapis.com/v0/b/steady-copilot-206205.appspot.com/o/goods%2Fe6a937a0-99d8-49a6-be4b-7c88c962564e%2Fe6a937a0-99d8-49a6-be4b-7c88c962564e_front_angle_250.jpg?alt=media&token=1a210189-2a50-4c41-8d8e-331b1ba7f5d7,https://firebasestorage.googleapis.com/v0/b/steady-copilot-206205.appspot.com/o/goods%2Fe6a937a0-99d8-49a6-be4b-7c88c962564e%2Fe6a937a0-99d8-49a6-be4b-7c88c962564e_front_angle_250.png?alt=media&token=a70ba316-a721-4b78-9c46-836bc025c5e2,,,,,,,,,,"# 맛있게 드시는 방법
_ 별도로 물에 불리거나 삶을 필요없이 바로 쌀과 섞어 씻은 다음 쌀밥보다 물을 조금 더 붓고 밥솥에 얹혀 끓인 후 뜸을 들입니다.
_ 할맥의 혼합비율은 쌀의 15~20%정도가 좋습니다.",,,,,,실온(상온) 보관,,,,
8801114309100,2020202,신선식품>축산물>알류>메추리알,풀무원 목초를 먹여 건강하게 낳은 메추리알 270g,목초를먹여건강하게낳은메추리알,,,,,,"구분=제조/생산|:|이름=후래쉬애그푸드주식회사농업회사법인|:|주소=충청남도 공주시 탄천면 금백로 1109
구분=유통전문판매|:|이름=풀무원식품(주)|:|주소=충북 음성군 대소면 대물로 36",국내제품,제조국=대한민국(국산),풀무원식품(주),Pulmuone|:|풀무원,단일,내용량=270g,,1.0,270,529.0,14.5,6.0,20.0,,파우치형,포장재질(내면) :: 폴리에틸렌,비닐류(OTHER),N,N,"[[보관방법]]
# 냉장보관(0~10℃) 개봉 후에는 빨리 드시는 것이 좋습니다.

[[주의하세요!]]
# 충진수는 깐메추리알의 파손을 방지하기 위하여 먹는샘물에 정제소금 등을 미량 혼입하여 만든 액이며 액속에 보이는 것은 이물질이 아니고 깐메추리알의 난각막으로 인체에 무해하오니 개봉 후 버리고 사용하십시오.
# 포장지가 날카로우니, 뜯으 실 때 손가락이 베지 않도록 조심 하세요.
# 상온에 보관할 경우 변질이 일어날 수 있으니 반드시 냉장 보관 하시고 개봉 후에는 되도록 빨리 드세요.","본사 및 구입처, www.pulmuone.kr, www.pulmuoneshop.com",080-022-0085,"# 국산 메추리알
_ 비리지 않은 국산 메추리알로 노른자가 가운데 있고 껍질을 깔끔하게 제거해 어느 요리에나 간편하게 활용하기 좋습니다.
# 먹는샘물
_ 삶는물부터 충진수까지 먹는 샘물 사용
_ (가식부 기준 물 0.49% 함유)
# 27알 이상 들어있어요
# 풀무원 메추리알이 특별한 이유!
_1 노른자가 가운데 있어요!
__ 노른자가 가운데 있는 난황 중심 제조 공법으로 만들어 자른 단면이 깔끔하며 쉽게 부서지지 않습니다.
_2 먹는샘물을 사용했어요!
__ 메추리알을 삶는 물과 충진수 모두 먹는샘물을 사용하였습니다.
_3 안전하고 깔끔한 껍질 제거!
__ 껍질 제거를 위한 화학 약품은 일체 사용하지 않으며, 자동 껍질 제거기로 안전하고 깔끔하게 탈각합니다.
# 풀무원 메추리알로 다양한 요리를 즐겨보세요!
_ 장조림
_ 샐러드
_ 떡볶이
_ 건강한 메추리가 낳아 비리지 않고 고소한 맛!
_ 샐러드, 조림, 떡볶이 등 다양한 요리에 넣어 드세요","# 안심 프로젝트
_ 제조일자와 유통기한을 동시에 확인하세요
# 메추리알의 껍질은 자동 껍질제거기를 통해 안전하고 깨끗하게 제거합니다.
# 풀무원은 고객의 의견을 소중히 여깁니다","메추리알 99.5%(국산), 물, 정제소금, 발효식초",2022-11-30 16:10:29,2022-12-28 15:14:57,https://firebasestorage.googleapis.com/v0/b/steady-copilot-206205.appspot.com/o/goods%2F90d17cde-2651-4c1c-6102-7e00197d896b%2F90d17cde-2651-4c1c-6102-7e00197d896b_front_angle_1000.jpg?alt=media&token=76683919-69aa-4f29-99a6-3c948651f71f,https://firebasestorage.googleapis.com/v0/b/steady-copilot-206205.appspot.com/o/goods%2F90d17cde-2651-4c1c-6102-7e00197d896b%2F90d17cde-2651-4c1c-6102-7e00197d896b_front_angle_1000.png?alt=media&token=3d03f24c-889d-4fa8-acb0-5ae5c22b26aa,https://firebasestorage.googleapis.com/v0/b/steady-copilot-206205.appspot.com/o/goods%2F90d17cde-2651-4c1c-6102-7e00197d896b%2F90d17cde-2651-4c1c-6102-7e00197d896b_front_angle_250.jpg?alt=media&token=608ac6d0-47df-48b0-8602-35c605046d63,https://firebasestorage.googleapis.com/v0/b/steady-copilot-206205.appspot.com/o/goods%2F90d17cde-2651-4c1c-6102-7e00197d896b%2F90d17cde-2651-4c1c-6102-7e00197d896b_front_angle_250.png?alt=media&token=a3c16a25-824b-43e7-905e-a1a2dc5e01d7,,알가열제품,2004044800343.0,,메추리알,,CCM인증;HACCP인증,,제조일로부터 2개월,,,"www.pulmuone.kr, www.pulmuoneshop.com",,,,냉장 보관,,,,
8809267390204,2020201,신선식품>축산물>알류>계란,대신축산영농법인 패밀리란 특란 30개입,패밀리란,,,,,,구분=판매|:|이름=대신축산영농조합법인|:|주소=경북 경주시 두대길9-3,국내제품,원산지=대한민국(국산),대신축산영농조합법인,대신축산영농법인,단일,중량=1800g 이상/30개입,,30.0,1800,2310.0,31.0,31.0,7.5,,기타유형,,종이,N,N,"[[보존방법 및 보존온도]]
# 직사광선을 피하고 서늘한곳에 보관하여 주십시오.

[[보존온도]]
# 실온1~25℃

[[기타 주의사항]]
# 구입후 냉장보관
# 구입 후 반드시 냉장보관하시기 바랍니다.",구입처,054-741-4689,,"# 대신축산영농법인
_ 사랑을 나누는 기업
# 0123
# 44K8V4",,2023-02-16 11:33:44,2023-04-18 15:29:14,https://firebasestorage.googleapis.com/v0/b/steady-copilot-206205.appspot.com/o/goods%2Fdb1614f7-f87c-41e4-8b0f-66c234cce88b%2Fdb1614f7-f87c-41e4-8b0f-66c234cce88b_front_angle_1000.jpg?alt=media&token=5cf9eb05-f669-43cc-801e-97cf8dc67725,https://firebasestorage.googleapis.com/v0/b/steady-copilot-206205.appspot.com/o/goods%2Fdb1614f7-f87c-41e4-8b0f-66c234cce88b%2Fdb1614f7-f87c-41e4-8b0f-66c234cce88b_front_angle_1000.png?alt=media&token=02fd7cec-d877-4c17-b964-f8616f4fad9e,https://firebasestorage.googleapis.com/v0/b/steady-copilot-206205.appspot.com/o/goods%2Fdb1614f7-f87c-41e4-8b0f-66c234cce88b%2Fdb1614f7-f87c-41e4-8b0f-66c234cce88b_front_angle_250.jpg?alt=media&token=16fabefd-8217-4ce3-9190-408719ea08a4,https://firebasestorage.googleapis.com/v0/b/steady-copilot-206205.appspot.com/o/goods%2Fdb1614f7-f87c-41e4-8b0f-66c234cce88b%2Fdb1614f7-f87c-41e4-8b0f-66c234cce88b_front_angle_250.png?alt=media&token=ab45aa12-7d6c-4d5a-92bb-b0385c7f68f4,,식용란,,,,,HACCP인증,,,,,,,,"# HACCP인증
_ 한국식품안전관리인증원
_ 제 2013-1-0484호",실온(상온) 보관;냉장 보관,,,,
8809182332242,2010101,신선식품>농산물>곡류>백미,학천정미소 외가집 좋은쌀 4kg,외가집 좋은쌀,,,쌀,,,구분=업소/업자|:|이름=학천정미소|:|주소=포항시 홍해읍 학천1동 도음로 855,국내제품,원산지=대한민국(국산),학천정미소,학천정미소,단일,중량=4kg,,1.0,4000,3970.0,30.0,43.0,6.0,,봉지형,포장재질 :: 폴리에틸렌(포장내면),비닐류(OTHER),N,N,"[[외가집 좋은쌀의 보관방법]]
# 직사광선을 피하고 서늘한 곳에 보관하십시오.
# 물에 젖지 않게 주의하십시오.
# 만일 본 제품에 이상이 있을 때는 드시지 마시고 가까운 본사 또는 구입처에서 교환하시기 바랍니다.",본사 또는 구입처,054-261-4004,"# 깊은 정성으로 만들어낸
# 산지의 좋은쌀을 그대로...","# 자체검사
_ 검사필
_ 제조원",,2023-03-09 13:24:15,2023-03-21 07:00:07,https://firebasestorage.googleapis.com/v0/b/steady-copilot-206205.appspot.com/o/goods%2F7e121910-e98c-4b6f-69a1-f27a48a37022%2F7e121910-e98c-4b6f-69a1-f27a48a37022_front_angle_1000.jpg?alt=media&token=989112ba-ea62-4aba-b9b3-1fa56f1858ff,https://firebasestorage.googleapis.com/v0/b/steady-copilot-206205.appspot.com/o/goods%2F7e121910-e98c-4b6f-69a1-f27a48a37022%2F7e121910-e98c-4b6f-69a1-f27a48a37022_front_angle_1000.png?alt=media&token=344e8105-262e-42c7-8086-178438cd2009,https://firebasestorage.googleapis.com/v0/b/steady-copilot-206205.appspot.com/o/goods%2F7e121910-e98c-4b6f-69a1-f27a48a37022%2F7e121910-e98c-4b6f-69a1-f27a48a37022_front_angle_250.jpg?alt=media&token=9a2122ac-a9fb-43eb-a545-6f546d007b61,https://firebasestorage.googleapis.com/v0/b/steady-copilot-206205.appspot.com/o/goods%2F7e121910-e98c-4b6f-69a1-f27a48a37022%2F7e121910-e98c-4b6f-69a1-f27a48a37022_front_angle_250.png?alt=media&token=162aaf18-a10a-46a4-aef0-933fbb927fb6,,,,,,,,,,,,,,,,실온(상온) 보관,혼합,보통,,"# 본 제품은 산지에서 엄선된 품질만을 가공한 쌀입니다.
# 돌, 뉘, 겨, 이물질을 제거한 밥맛좋은 쌀입니다.
# 최신 도정기계로 가공하여 쌀표면이 깨끗하여 힘들어 씻지 않아도 됩니다."
8809182332259,2010101,신선식품>농산물>곡류>백미,학천정미소 외가집 좋은쌀 1.6kg,외가집 좋은쌀,,,쌀,,,구분=업소/업자|:|이름=학천정미소|:|주소=포항시 홍해읍 학천1동 도음로 855|:|포항시 홍해읍 학천1동 333-4,국내제품,원산지=대한민국(국산),학천정미소,학천정미소,단일,중량=1.6kg,,1.0,1600,1619.0,21.0,31.0,4.5,,봉지형,포장재질 :: 폴리에틸렌(내포장면),비닐류(OTHER),N,N,"[[외가집 좋은쌀의 보관방법]]
# 직사광선을 피하고 서늘한 곳에 보관하십시오.
# 물에 젖지 않게 주의하십시오.
# 만일 본 제품에 이상이 있을 때는 드시지 마시고 가까운 본사 또는 구입처에서 교환하시기 바랍니다.",본사 또는 구입처,054-261-4004,"# 깊은 정성으로 만들어낸
# 산지의 좋은쌀을 그대로...","# 자체검사
_ 검사필
_ 제조원
# 단백질함량
_ 미검사",,2023-03-09 13:32:09,2023-03-24 07:00:07,https://firebasestorage.googleapis.com/v0/b/steady-copilot-206205.appspot.com/o/goods%2F33783fac-52ba-4cf0-37b7-c50f504cb830%2F33783fac-52ba-4cf0-37b7-c50f504cb830_front_angle_1000.jpg?alt=media&token=bcc51599-a48b-4239-bf68-77ea3b6ba703,https://firebasestorage.googleapis.com/v0/b/steady-copilot-206205.appspot.com/o/goods%2F33783fac-52ba-4cf0-37b7-c50f504cb830%2F33783fac-52ba-4cf0-37b7-c50f504cb830_front_angle_1000.png?alt=media&token=3bfe4c67-be82-4005-9505-1abc392041d5,https://firebasestorage.googleapis.com/v0/b/steady-copilot-206205.appspot.com/o/goods%2F33783fac-52ba-4cf0-37b7-c50f504cb830%2F33783fac-52ba-4cf0-37b7-c50f504cb830_front_angle_250.jpg?alt=media&token=504a7279-2b86-47c0-9e83-af90c7b808f3,https://firebasestorage.googleapis.com/v0/b/steady-copilot-206205.appspot.com/o/goods%2F33783fac-52ba-4cf0-37b7-c50f504cb830%2F33783fac-52ba-4cf0-37b7-c50f504cb830_front_angle_250.png?alt=media&token=bf363419-4926-4f25-a0e7-b8e8bc0e0c55,,,,,,,,,,,,,,,,실온(상온) 보관,혼합,미검사,,"# 본 제품은 산지에서 엄선된 품질만을 가공한 쌀입니다.
# 돌, 뉘, 겨, 이물질을 제거한 밥맛좋은 쌀입니다.
# 최신 도정기계로 가공하여 쌀표면이 깨끗하여 힘들어 씻지 않아도 됩니다."
8809182332228,2010101,신선식품>농산물>곡류>백미,학천정미소 외가집 황토쌀 10kg,외가집 황토쌀,,,쌀,,,구분=업소/업자|:|이름=학천정미소|:|주소=포항시 북구 신광면 토성길 36-2,국내제품,원산지=대한민국(국산),학천정미소,학천정미소,단일,중량=10kg,,1.0,10000,10020.0,30.0,52.5,10.0,,기타유형,,,N,N,"[[보관방법]]
# 직사광선을 피하고 서늘하고 건조한 곳에 보관한 쌀이 맛이 좋습니다.
_ 잔량은 냉장실에 보관하여 싱싱함을 유지하세요.

[[기타 주의사항]]
# 습기는 피하세요.
# 햇빛을 피하세요.
# 서늘한 곳, 건조한 곳에 보관하세요.",본사 및 구입처,"054-261-4004, 2062 (학천정미소)","# 身土不二
_ 정성어린 농부의 마음으로 재배하며 언제나 신선하게 공급해 드립니다.
# 엄선된 쌀만을 담았습니다.
# 품질보증 자체검사필
_ 신선하고 깨끗한 쌀
_ 농민의 정성으로 담습니다.
# 自然을 담은
# 살아있는 영양을 그대로 전해드립니다.
# 구수하고 기름진밥맛!","# 천연펄프 사용 재활용 가능
# 친환경 콩기름 잉크 인쇄
# 2022년산 2023. 02. 23도정",,2023-03-10 13:54:20,2023-03-22 07:00:07,https://firebasestorage.googleapis.com/v0/b/steady-copilot-206205.appspot.com/o/goods%2F632ad855-0f37-456c-5b11-68bb583cf719%2F632ad855-0f37-456c-5b11-68bb583cf719_front_angle_1000.jpg?alt=media&token=efa79c03-fd57-425c-b33b-b1525f93f4e5,https://firebasestorage.googleapis.com/v0/b/steady-copilot-206205.appspot.com/o/goods%2F632ad855-0f37-456c-5b11-68bb583cf719%2F632ad855-0f37-456c-5b11-68bb583cf719_front_angle_1000.png?alt=media&token=478f0fa7-e0a6-41bd-8977-ac978d51a142,https://firebasestorage.googleapis.com/v0/b/steady-copilot-206205.appspot.com/o/goods%2F632ad855-0f37-456c-5b11-68bb583cf719%2F632ad855-0f37-456c-5b11-68bb583cf719_front_angle_250.jpg?alt=media&token=4fdbefa5-2937-4f3f-91ee-c9d8ad541790,https://firebasestorage.googleapis.com/v0/b/steady-copilot-206205.appspot.com/o/goods%2F632ad855-0f37-456c-5b11-68bb583cf719%2F632ad855-0f37-456c-5b11-68bb583cf719_front_angle_250.png?alt=media&token=32dffefa-6ccc-4856-9006-f92eb81aeb17,,,,,,,,,,,,,,,,실온(상온) 보관;냉장 보관,혼합,상,,
8809182332211,2010101,신선식품>농산물>곡류>백미,학천정미소 외가집 좋은쌀 20kg,외가집 좋은쌀,,,쌀,,,구분=업소/업자|:|이름=학천정미소|:|주소=포항시 북구 신광면 토성길 36-2,국내제품,원산지=대한민국(국산),학천정미소,학천정미소,단일,중량=20kg,,1.0,20000,20040.0,40.5,62.0,13.0,,기타유형,,,N,N,"[[외가집 좋은쌀의 보관방법]]
# 직사광선을 피하고 서늘한 곳에 보관하십시오.
# 물에 젖지 않게 주의하십시오.
# 만일 본 제품에 이상이 있을 때는 드시지 마시고 가까운 본사 또는 구입처에서 교환하시기 바랍니다.",본사 또는 구입처,054-261-4004,"# 엄선된 쌀만을 담았습니다.
# 깊은 정성으로 만들어낸
# 농민의 정성과 깨끗한 자연환경에서 자라 믿을 수 있는 우리쌀입니다.
# 하루에 세번 맛있는 행복이 찾아 옵니다.
# 품질보증 자체검사필
_ 신선하고 깨끗한 쌀
_ 농민의 정성으로 담습니다.
# 외가집 좋은쌀의 특징
_ 본 제품은 산지에서 엄선된 품질만을 가공한 쌀입니다.
_ 돌, 뉘, 겨, 이물질을 제거한 밥 맛 좋은 쌀입니다.
_ 최신 도정기계로 가공하여 쌀표면이 깨끗하여 힘들어 씻지 않아도 됩니다.","# 순수 천연펄프
_ 천연펄프 사용 재활용 가능
# 친환경 콩기름 잉크 인쇄
# 2022년산 2023. 03. 03도정",,2023-03-10 14:04:32,2023-03-21 07:00:07,https://firebasestorage.googleapis.com/v0/b/steady-copilot-206205.appspot.com/o/goods%2F48b4affa-5a6f-4d54-0e7b-04dfb5aa49cb%2F48b4affa-5a6f-4d54-0e7b-04dfb5aa49cb_front_angle_1000.jpg?alt=media&token=a4aa9805-7e13-4c2e-b454-1d2dba8a5bf2,https://firebasestorage.googleapis.com/v0/b/steady-copilot-206205.appspot.com/o/goods%2F48b4affa-5a6f-4d54-0e7b-04dfb5aa49cb%2F48b4affa-5a6f-4d54-0e7b-04dfb5aa49cb_front_angle_1000.png?alt=media&token=9f8af9c0-a1ce-41d2-9014-77d5fdc8b106,https://firebasestorage.googleapis.com/v0/b/steady-copilot-206205.appspot.com/o/goods%2F48b4affa-5a6f-4d54-0e7b-04dfb5aa49cb%2F48b4affa-5a6f-4d54-0e7b-04dfb5aa49cb_front_angle_250.jpg?alt=media&token=577a4cf1-1bc1-4c13-85d0-cb8020b51954,https://firebasestorage.googleapis.com/v0/b/steady-copilot-206205.appspot.com/o/goods%2F48b4affa-5a6f-4d54-0e7b-04dfb5aa49cb%2F48b4affa-5a6f-4d54-0e7b-04dfb5aa49cb_front_angle_250.png?alt=media&token=f5f1582f-4364-43d9-b8b1-ff73de6620f2,,,,,,,,,,,,,,,,실온(상온) 보관,혼합,상,,
8809004934036,2010239,신선식품>농산물>채소류>콩나물,하회마을 좋은물 아삭한 콩나물 300g,좋은물 아삭한 콩나물,,,,,,"구분=제조/생산|:|이름=제이에프생생푸드|:|주소=경상북도 청도군 금천면 금천로 574-9
구분=판매|:|이름=농업회사법인 주식회사 하회마을|:|주소=대구광역시 동구 팔공로 25길 64 A동",국내제품,제조국=대한민국(국산),농업회사법인 주식회사 하회마을,하회마을,단일,중량=250g,,1.0,250,273.5,19.0,30.0,5.5,,봉지형,,비닐류(PP),N,N,"[[보관상주의]]
# 냉장상태 보관(0℃~10℃)",본사 및 구입한곳,080-983-6268 (이 전화는 수신자 요금 부담 전화입니다.),"# 따사로운 햇살과 농부의 정성으로 키운 콩으로 만든
# 좋은 물
_ 200m 깨끗한 물
# 아무것도 첨가하지 않은 순수콩나물입니다. 
# 숨쉬는 포장재
_ 선택적 투과필림을 사용하여 콩나물의 호흡율을 최적의 상태로 관리하기 때문에 콩나물이 신선하게 유지됩니다.",# 사용 후 포장재는 반드시 분리배출하여 주십시오.,"콩 100%(외국산:미국, 중국, 케나다 등)",2023-03-13 13:41:40,2023-03-22 07:00:07,https://firebasestorage.googleapis.com/v0/b/steady-copilot-206205.appspot.com/o/goods%2F0e9fb43e-6e1c-4019-1020-a32d7b73790c%2F0e9fb43e-6e1c-4019-1020-a32d7b73790c_front_angle_1000.jpg?alt=media&token=0334d0cc-0987-442b-9732-f4fdd7470f8f,https://firebasestorage.googleapis.com/v0/b/steady-copilot-206205.appspot.com/o/goods%2F0e9fb43e-6e1c-4019-1020-a32d7b73790c%2F0e9fb43e-6e1c-4019-1020-a32d7b73790c_front_angle_1000.png?alt=media&token=50dcc762-488f-4d9e-9a28-31c057287f7e,https://firebasestorage.googleapis.com/v0/b/steady-copilot-206205.appspot.com/o/goods%2F0e9fb43e-6e1c-4019-1020-a32d7b73790c%2F0e9fb43e-6e1c-4019-1020-a32d7b73790c_front_angle_250.jpg?alt=media&token=eeaa760b-cea4-4965-aa3c-534646d55a99,https://firebasestorage.googleapis.com/v0/b/steady-copilot-206205.appspot.com/o/goods%2F0e9fb43e-6e1c-4019-1020-a32d7b73790c%2F0e9fb43e-6e1c-4019-1020-a32d7b73790c_front_angle_250.png?alt=media&token=433b773b-e709-4b3d-86a7-1d56363247cc,,,,,,,,,제조일로부터 10일,"# 시원하고 맛있는 콩나물국 만들기
_ 재료:콩나물 250g, 멸치 18g, 물 145cc, 대파 20g, 다진마늘 10g, 소금 9g, 고추가루 8g
_1 멸치에 물을 부어 끓여 국물을 낸 후 멸치는 건져냅니다.
_2 거기에 콩나물을 넣고 뚜껑을 덮어 한소끔 끓입니다.
_3 어슷하게 썬 대파와 다진 마늘, 고추가루를 넣고 소금으로 간을 맞추시면 맛있는 콩나물국이 됩니다.
# 아삭하고 맛있는 콩나물무침 만들기
_ 재료:콩나물 250g, 물 1200cc, 소금 4g, 대파 12g, 다진 마늘 6g, 참기름 3ml, 깨소금 3g
_1 콩나물을 깨끗하게 다듬습니다.
_2 소금을 약간 넣은 1/2컵물을 냄비에 넣고 끓으면 콩나물을 넣고 뚜껑을 덮고 약 15분 정도 삶아 건져내서 물기를 뺍니다.
_3 소금, 다진 파, 다진 마늘, 참기름, 깨소금을 넣고 양념을 만듭니다.
_4 콩나물에 양념을 섞어 무칩니다.",,www.hahoefood.com,,,,냉장 보관,,,,
8809151019563,2010412,신선식품>농산물>견과류>피칸,피칸 140g,피칸,,,피칸,,,"구분=수입|:|이름=(주)세움|:|주소=경기도 안성시 원곡면 지문로 192-54
구분=포장(소분)|:|이름=매천농산|:|주소=대구광역시 북구 매천로 18길 34 관련상가 A동 33호(매천동)",수입제품,원산지=미국,(주)세움,매천농산,단일,중량=140g,,1.0,140,182.5,9.5,9.5,7.5,,원통형,포장재질 :: PET,플라스틱(페트/PET),N,N,"[[보관방법]]
# 직사광선을 피하고 건냉한 곳에 보관",판매처 및 수입처,053-312-9220,# 엄격한 품질로 고객에게 감동을,,피칸 100%,2023-03-14 09:26:39,2023-03-25 07:00:07,https://firebasestorage.googleapis.com/v0/b/steady-copilot-206205.appspot.com/o/goods%2F5b95f086-8803-4621-aa87-798150a19d4a%2F5b95f086-8803-4621-aa87-798150a19d4a_front_angle_1000.jpg?alt=media&token=5455d989-e04e-4788-8852-8d1198ee9f2b,https://firebasestorage.googleapis.com/v0/b/steady-copilot-206205.appspot.com/o/goods%2F5b95f086-8803-4621-aa87-798150a19d4a%2F5b95f086-8803-4621-aa87-798150a19d4a_front_angle_1000.png?alt=media&token=6d17c8b0-9b3e-4d29-97f9-4e0f40b4486a,https://firebasestorage.googleapis.com/v0/b/steady-copilot-206205.appspot.com/o/goods%2F5b95f086-8803-4621-aa87-798150a19d4a%2F5b95f086-8803-4621-aa87-798150a19d4a_front_angle_250.jpg?alt=media&token=4f05b1ea-d948-450c-92aa-ab39830000e7,https://firebasestorage.googleapis.com/v0/b/steady-copilot-206205.appspot.com/o/goods%2F5b95f086-8803-4621-aa87-798150a19d4a%2F5b95f086-8803-4621-aa87-798150a19d4a_front_angle_250.png?alt=media&token=a3f859e3-fab4-4c1e-a85c-fb90bd119ac0,,땅콩 또는 견과류가공품,,,,,,,,,,,,제2004-0168763호,,실온(상온) 보관,,,,
8807354821754,2010419,신선식품>농산물>견과류>건포도,SUN NUT.S 캘리포니아 건포도 130g,건포도,Raisins,CALIFORNIA Raisins,,,,"구분=업소/업자|:|이름=(주) 에스엔너츠 F1|:|주소=부산광역시 동구 중앙대로 180번길 12-3
구분=업소/업자|:|이름=(주) 한솔에프디 F2|:|주소=경기도 파주시 공탄면 장지산로 316번길
구분=업소/업자|:|이름=골든너트(주) F3|:|주소=부산광역시 중구 충장대로5번길67 정원빌딩 201호
구분=제조/생산|:|이름=Lion Raisins F2|:|주소=
구분=제조/생산|:|이름=Lion Raisins F3|:|주소=
구분=제조/생산|:|이름=VICTOR PACKING INC F1|:|주소=
구분=포장(소분)|:|이름=(주)동서농수산|:|주소=경북 영천시 임고면 매호운천길90",수입제품,원산지=미국,(주) 에스엔너츠 F1,SUN NUT.S,단일,중량=130g,,1.0,130,137.0,17.0,23.5,1.5,,봉지형,포장재질 :: 폴리프로필렌수지(내포장면),비닐류(PP),N,N,"[[보관상주의사항]]
# 직사광선을 피하고 서늘하고 건조한 곳에 보관하십시오.",구입하신 곳이나 본사,054-332-6401 ((주)동서농수산),,"# SUN NUT.S
_ 태양과 자연과의 만남","F1 VICTOR PACKING INC[건포도 99.50%, 해바라기씨유 0.50%],
F2, F3 Lion Raisins[건포도 99.25%, 식물성기름(해바라기유) 0.75%]",2023-03-14 15:53:18,2023-03-28 07:00:08,https://firebasestorage.googleapis.com/v0/b/steady-copilot-206205.appspot.com/o/goods%2F20f521a7-ae13-4d78-731f-9b34b3139e63%2F20f521a7-ae13-4d78-731f-9b34b3139e63_front_angle_1000.jpg?alt=media&token=59b6d8b9-4a38-44ee-935f-8066d3ed8c23,https://firebasestorage.googleapis.com/v0/b/steady-copilot-206205.appspot.com/o/goods%2F20f521a7-ae13-4d78-731f-9b34b3139e63%2F20f521a7-ae13-4d78-731f-9b34b3139e63_front_angle_1000.png?alt=media&token=0eb3f773-4341-456a-af69-619b84acf3d4,https://firebasestorage.googleapis.com/v0/b/steady-copilot-206205.appspot.com/o/goods%2F20f521a7-ae13-4d78-731f-9b34b3139e63%2F20f521a7-ae13-4d78-731f-9b34b3139e63_front_angle_250.jpg?alt=media&token=98553f1c-04ea-407f-95b2-eaa22d6a6083,https://firebasestorage.googleapis.com/v0/b/steady-copilot-206205.appspot.com/o/goods%2F20f521a7-ae13-4d78-731f-9b34b3139e63%2F20f521a7-ae13-4d78-731f-9b34b3139e63_front_angle_250.png?alt=media&token=41fa4248-c1a9-4a04-af20-26f109fad5d0,,과·채가공품,,,,땅콩;대두(콩);밀;젤라틴(돼지),,,,,,,,제2016-0555189호,,실온(상온) 보관,,,,
8809007360054,2010101,신선식품>농산물>곡류>백미,NongHyup 영일만 친구 옹헤야 흥해야 5kg,옹헤야 흥해야,,,쌀,,,구분=제조/생산|:|이름=흥해농협라이스센터|:|주소=경북 포항시 흥해읍 흥해로 120,국내제품,원산지=대한민국(국산),흥해농협라이스센터,영일만 친구|:|NH|:|NongHyup|:|흥해농협라이스센터,단일,중량=5kg,,1.0,5000,5040.0,28.5,9.0,45.0,,봉지형,,,N,N,"[[기타 주의사항]]
# 습기 없는 곳에 보관
# 온도가 낮은 곳에 보관
# 햇빛이 안드는 곳에 보관
# 서늘한 곳에 보관
# 구입 후 냉장보관
# 직사광선을 피하여 서늘하고 통풍이 잘 되는 건조한 곳에 보관하십시오.
_ [냉장보관]하시면 신선한 햅쌀맛을 유지 할 수 있습니다.",구입처,"054-261-5010 (흥해농협라이스센터), 054-262-2185 (팩스, 흥해농협라이스센터)","# 전통 농경문화가 살아있는 동해안 햇살 머금은 우리쌀 !
# 옹헤야~ 흥해야!
# 힘든 농사일 중에도 신바람 나는 흥과 노래로 노동의 고단함을 달래었다.
# 땅심 좋은 흥해 들판에서 생산
# 미질 좋은 쌀만 엄선 가공한 우리쌀입니다.
# 동해안의 햇살로 영글은 신선하고 구수한 우리쌀-
_ 태양신화의 고장 포항에서 밥 맛이 좋은 품종을 정성껏 재배하고 엄선하여 여러분의 식탁에 올려 드립니다.
_ 이 제품은 돌, 뉘, 겨 등을 제거한 청결미 입니다.","# 영일만 친구
_ 포항시 인증 브랜드",,2023-03-15 09:22:08,2023-03-29 07:00:08,https://firebasestorage.googleapis.com/v0/b/steady-copilot-206205.appspot.com/o/goods%2F879af143-bc4b-45d4-202e-3dc29ac990fb%2F879af143-bc4b-45d4-202e-3dc29ac990fb_front_angle_1000.jpg?alt=media&token=f14b38b3-b67e-4eb3-8320-ebad9782b135,https://firebasestorage.googleapis.com/v0/b/steady-copilot-206205.appspot.com/o/goods%2F879af143-bc4b-45d4-202e-3dc29ac990fb%2F879af143-bc4b-45d4-202e-3dc29ac990fb_front_angle_1000.png?alt=media&token=1a6ea257-e1ba-42d7-ab2e-af1cffde852c,https://firebasestorage.googleapis.com/v0/b/steady-copilot-206205.appspot.com/o/goods%2F879af143-bc4b-45d4-202e-3dc29ac990fb%2F879af143-bc4b-45d4-202e-3dc29ac990fb_front_angle_250.jpg?alt=media&token=beb93082-78fa-4650-8e40-d78d72f6e316,https://firebasestorage.googleapis.com/v0/b/steady-copilot-206205.appspot.com/o/goods%2F879af143-bc4b-45d4-202e-3dc29ac990fb%2F879af143-bc4b-45d4-202e-3dc29ac990fb_front_angle_250.png?alt=media&token=fc24e06f-84b7-4f91-9a66-69d14e7f1fe9,,,,,,,,,,,,,,,,실온(상온) 보관;냉장 보관,삼광,상,,
8809007360078,2010101,신선식품>농산물>곡류>백미,영일만 친구 옹헤야 흥해야 쌀 2kg,옹헤야 흥해야,,,쌀,,,구분=제조/생산|:|이름=흥해농협라이스센터|:|주소=포항시 북구 흥해읍 흥해로 120,국내제품,원산지=대한민국(국산),흥해농협라이스센터,영일만 친구|:|NongHyup|:|NH|:|흥해농협라이스센터,단일,중량=2kg,,1.0,2000,2020.0,25.0,33.0,5.0,,봉지형,,,N,N,"[[기타 주의사항]]
# 습기 없는 곳에 보관
# 온도가 낮은 곳에 보관
# 햇빛이 안드는 곳에 보관
# 서늘한 곳에 보관
# 구입 후 냉장보관
# 직사광선을 피하여 서늘하고 통풍이 잘 되는 건조한 곳에 보관하십시오.
_ [냉장보관]하시면 신선한 햅쌀맛을 유지 할 수 있습니다.",가공업체나 구입처,"054-261-5010 (흥해농협라이스센터, 전화), 054-262-2185 (흥해농협라이스센터, 팩스)","# 전통 농경문화가 살아있는 동해안 햇살 머금은 우리쌀 !
# 옹헤야~ 흥해야! 힘든 농사일 중에도 신바람나는 흥과 노래로 노동의 고단함을 달래었다.
# 옹헤야! 흥해야~ 땅심좋은 흥해 들판에서 생산 미질좋은 쌀만 엄선 가공한 우리쌀입니다.
# 동해안의 햇살로 영글은 신선하고 구수한 우리쌀-
# 태양신화의 고장 포항에서 밥 맛이 좋은 품종을 정성껏 재배하고 엄선하여 여러분의 식탁에 올려 드립니다.
# 이 제품은 돌, 뉘, 겨 등을 제거한 청결미 입니다.","# 영일만 친구
_ 포항시 인증 브랜드",,2023-03-15 14:50:12,2023-03-28 07:00:08,https://firebasestorage.googleapis.com/v0/b/steady-copilot-206205.appspot.com/o/goods%2F103cbaaa-1238-4595-ae15-23b98689b28f%2F103cbaaa-1238-4595-ae15-23b98689b28f_front_angle_1000.jpg?alt=media&token=fda25bb3-92aa-4cac-9567-8580ae6a7165,https://firebasestorage.googleapis.com/v0/b/steady-copilot-206205.appspot.com/o/goods%2F103cbaaa-1238-4595-ae15-23b98689b28f%2F103cbaaa-1238-4595-ae15-23b98689b28f_front_angle_1000.png?alt=media&token=87480bc1-394d-4a70-9646-7eddd093c901,https://firebasestorage.googleapis.com/v0/b/steady-copilot-206205.appspot.com/o/goods%2F103cbaaa-1238-4595-ae15-23b98689b28f%2F103cbaaa-1238-4595-ae15-23b98689b28f_front_angle_250.jpg?alt=media&token=a104beaf-7960-4a18-b1b0-c8007ca252f8,https://firebasestorage.googleapis.com/v0/b/steady-copilot-206205.appspot.com/o/goods%2F103cbaaa-1238-4595-ae15-23b98689b28f%2F103cbaaa-1238-4595-ae15-23b98689b28f_front_angle_250.png?alt=media&token=ded06786-b877-435a-b9a1-3dc2d9b3fb22,,,,,,,,,,,,,,,,실온(상온) 보관;냉장 보관,삼광,"특, (상), 보통",,
8809122590022,2019999,신선식품>농산물>기타농산물>기타농산물,태영식품 국산건강황기 45g,국산건강황기,,,,,,구분=제조/판매|:|이름=태영식품|:|주소=경북 영천시 대전길 202(녹전동),국내제품,제조국=대한민국(국산),태영식품,태영식품,단일,중량=45g,,1.0,45,48.0,10.5,3.0,40.0,,봉지형,포장재질 :: 폴리프로필렌(내포장면),비닐류(OTHER),N,N,"[[보관방법]]
# 습기가 없고 서늘한 곳에 보관하세요.

[[기타 주의사항]]
# 자연건조 농산물이라 유통시 벌레가 생길 수 있으니 확인 하신 후 조리하세요.",본사 또는 구입처,053-313-3447,"# 차로 끓여드셔도 좋습니다.
# 국산 100%","# 1억원
_ 생산물배상책임보험가입
_ 동부화재배상보험(주)",황기(국내산) 100%,2023-03-16 16:43:22,2023-04-05 07:00:07,https://firebasestorage.googleapis.com/v0/b/steady-copilot-206205.appspot.com/o/goods%2F9efee22e-450f-467a-3b4d-edfcc0bfed79%2F9efee22e-450f-467a-3b4d-edfcc0bfed79_front_angle_1000.jpg?alt=media&token=5cc9fd7b-3dc1-4492-8c3a-720d14ce6219,https://firebasestorage.googleapis.com/v0/b/steady-copilot-206205.appspot.com/o/goods%2F9efee22e-450f-467a-3b4d-edfcc0bfed79%2F9efee22e-450f-467a-3b4d-edfcc0bfed79_front_angle_1000.png?alt=media&token=595a3407-9932-4bba-8581-37244445b979,https://firebasestorage.googleapis.com/v0/b/steady-copilot-206205.appspot.com/o/goods%2F9efee22e-450f-467a-3b4d-edfcc0bfed79%2F9efee22e-450f-467a-3b4d-edfcc0bfed79_front_angle_250.jpg?alt=media&token=adda6bcf-9121-4365-b3dd-4af8047efd88,https://firebasestorage.googleapis.com/v0/b/steady-copilot-206205.appspot.com/o/goods%2F9efee22e-450f-467a-3b4d-edfcc0bfed79%2F9efee22e-450f-467a-3b4d-edfcc0bfed79_front_angle_250.png?alt=media&token=32a51394-8f74-4977-acf8-f8e36276f87b,,농산물,,,,,,,,"#1 닭이나 오리 한마리를 넣으신 후 황기 40g을 넣고 끓여드시면 됩니다.
#2 차로 이용하실 경우에는 물 1L에 황기 40g을 넣고 끓여드시면 됩니다.
_ (음료 이용시 물2L에 황기 20g)",,,,,,실온(상온) 보관,,,,
8809151012052,2010409,신선식품>농산물>견과류>해바라기씨,매천농산 해바라기씨 200g,해바라기씨,,,해바라기씨,,,"구분=수입|:|이름=(주)열매마을|:|주소=경기도 광명시 가학로 200
구분=포장(소분)|:|이름=매천농산|:|주소=대구광역시 북구 매천로 18길 34 관련상가 A동 32,33호(매천동)",수입제품,원산지=미국,(주)열매마을,매천농산,단일,중량=200g ± 3%,,1.0,200,244.0,9.8,9.8,7.5,,원통형,포장재질 :: PET,플라스틱(페트/PET),N,N,"[[보관방법]]
# 직사광선을 피하고 서늘한 곳에 보관",판매처 및 구입처,053-312-9220,"# 엄격한 품질로 고객에게 감동을
# 미국",,해바라기씨 100%,2023-03-16 17:56:00,2023-04-07 07:00:07,https://firebasestorage.googleapis.com/v0/b/steady-copilot-206205.appspot.com/o/goods%2Ff098b9b5-67ec-4134-70c1-5659dbf81d2d%2Ff098b9b5-67ec-4134-70c1-5659dbf81d2d_front_angle_1000.jpg?alt=media&token=78d280fd-be45-450f-af89-e18d73e02174,https://firebasestorage.googleapis.com/v0/b/steady-copilot-206205.appspot.com/o/goods%2Ff098b9b5-67ec-4134-70c1-5659dbf81d2d%2Ff098b9b5-67ec-4134-70c1-5659dbf81d2d_front_angle_1000.png?alt=media&token=2ba415d6-f6a1-42de-b9bf-4d5afc9609f0,https://firebasestorage.googleapis.com/v0/b/steady-copilot-206205.appspot.com/o/goods%2Ff098b9b5-67ec-4134-70c1-5659dbf81d2d%2Ff098b9b5-67ec-4134-70c1-5659dbf81d2d_front_angle_250.jpg?alt=media&token=ce570e2b-ca93-413c-a255-e5c1a8213673,https://firebasestorage.googleapis.com/v0/b/steady-copilot-206205.appspot.com/o/goods%2Ff098b9b5-67ec-4134-70c1-5659dbf81d2d%2Ff098b9b5-67ec-4134-70c1-5659dbf81d2d_front_angle_250.png?alt=media&token=757374b1-5e61-4fd5-ad6c-110595f4f76d,,농산물,,,,,,,,,,,,제2004-0168763호,,실온(상온) 보관,,,,
8809045901158,2010106,신선식품>농산물>곡류>보리,OSRICE 보리쌀 1kg,보리쌀,,,,,,구분=제조/판매|:|이름=농업회사법인 (주)오상|:|주소=경북 구미시 고아읍 들성로 15길 6-17,국내제품,원산지=대한민국(국산),농업회사법인 (주)오상,OSRICE,단일,중량=1kg,,1.0,1000,1004.5,19.7,3.0,26.5,,봉지형,포장재질 :: 폴리에틸렌(내면),비닐류(OTHER),N,N,"[[보관방법 및 유의사항]]
#1 곡물류와 같은 농산품은 보관에 항상 주의하셔야 합니다.
#2 잡곡과 쌀의 경우에는 벌레가 자주 발생하는 상품입니다. 반드시 밀폐보관 해주세요.
#3 곡류는 따뜻하고 습도가 높은 조건이 되면 나방이나 쌀벌레가 생길 수 있습니다.(포장을 미개봉 하더라도 생길 수 있습니다.)
#4 곡류의 유통기한은 별도로 없으나 온도와 습도에 따라 부패할 수 있으니 밀폐용기에 담아 냉장보관 하여 주시는게 가장 좋으면, 집안 가장 시원하고 바람이 잘 통하는 곳에 두시면 좋습니다.
#5 시중에 마늘을 주성분으로 하는 쌀벌레 약이 있습니다만, 통마늘을 넣어서 보관하시는 것이 더 좋습니다.
#6 개봉후에는 가급적 냉장보관하여 주시고, 습기, 햇빛이 없고 서늘한 곳에 보관하여 주시기 바랍니다.",,054-455-2224 (농업회사법인 (주)오상),"# 자연의 신선함을 전하는 기업
# 오상 향토마을
# 오상잡곡",,,2023-03-20 15:45:22,2023-04-13 07:00:07,https://firebasestorage.googleapis.com/v0/b/steady-copilot-206205.appspot.com/o/goods%2Feb37c270-0566-4f0b-27dd-01f6114b471d%2Feb37c270-0566-4f0b-27dd-01f6114b471d_front_angle_1000.jpg?alt=media&token=c3738ef9-bcbd-4c68-ad33-a65fdcaa5e70,https://firebasestorage.googleapis.com/v0/b/steady-copilot-206205.appspot.com/o/goods%2Feb37c270-0566-4f0b-27dd-01f6114b471d%2Feb37c270-0566-4f0b-27dd-01f6114b471d_front_angle_1000.png?alt=media&token=063ec154-f933-410f-8583-f98d7fada17d,https://firebasestorage.googleapis.com/v0/b/steady-copilot-206205.appspot.com/o/goods%2Feb37c270-0566-4f0b-27dd-01f6114b471d%2Feb37c270-0566-4f0b-27dd-01f6114b471d_front_angle_250.jpg?alt=media&token=a46b682a-a710-4bb5-9285-9299cd5d6568,https://firebasestorage.googleapis.com/v0/b/steady-copilot-206205.appspot.com/o/goods%2Feb37c270-0566-4f0b-27dd-01f6114b471d%2Feb37c270-0566-4f0b-27dd-01f6114b471d_front_angle_250.png?alt=media&token=d79c2e81-774b-46a1-991a-7e22ea5b7720,,,,,,,,,포장일로 24개월,,,,,,,실온(상온) 보관;냉장 보관,보리,,,
8809045901189,2010104,신선식품>농산물>곡류>흑미,OSRICE 찰흑미 600g,찰흑미,,,,,,구분=업소/업자|:|이름=주식회사 오상 농업회사법인|:|주소=경북 구미시 고아읍 들성로 15길 6-17,국내제품,원산지=대한민국(국산),주식회사 오상 농업회사법인,OSRICE,단일,중량=600g,,1.0,600,603.0,19.7,2.0,26.5,,봉지형,포장재질 :: 폴리에틸렌(내면),비닐류(OTHER),N,N,"[[보관방법 및 유의사항]]
#1 곡물류와 같은 농산품은 보관에 주의하셔야 합니다.
#2 잡곡과 쌀의 경우에는 벌레가 자주 발생하는 상품입니다. 반드시 밀폐보관 해주세요.
#3 곡류는 따뜻하고 습도가 높은 조건이 되면 나방이나 쌀벌레가 생길 수 있습니다. (포장을 미개봉 하더라도 생길 수 있습니다.)
#4 곡류의 유통기한은 별도로 없으나 온도와 습도에 따라 부패할 수 있으니 밀폐용기에 담아 냉장보관 하여 주시는게 가장 좋으며, 집안 가장 시원하고 바람이 잘 통하는 곳에 두시면 좋습니다.
#5 시중에 마늘을 주성분으로 하는 쌀벌레 약이 있습니다만, 통마늘을 넣어서 보관하시는 것이 더 좋습니다.
#6 개봉후에는 가급적 냉장보관하여 주시고, 습기, 햇빛이 없고 서늘한 곳에 보관하여 주시기 바랍니다.",,054-455-2224 (주식회사 오상 농업회사법인),"# 자연의 신선함을 전하는 기업
# 오상 향토마을
# 오상잡곡","# 단백질함량 : 미검사
# 도정일 : 2022년12월22일",,2023-03-20 15:51:38,2023-04-07 07:00:07,https://firebasestorage.googleapis.com/v0/b/steady-copilot-206205.appspot.com/o/goods%2F02f6dadd-d311-4370-51e3-7dfa7569a4ed%2F02f6dadd-d311-4370-51e3-7dfa7569a4ed_front_angle_1000.jpg?alt=media&token=a60b7084-fbcc-4c10-a979-b1a4a91c5113,https://firebasestorage.googleapis.com/v0/b/steady-copilot-206205.appspot.com/o/goods%2F02f6dadd-d311-4370-51e3-7dfa7569a4ed%2F02f6dadd-d311-4370-51e3-7dfa7569a4ed_front_angle_1000.png?alt=media&token=a5cfaa29-a80d-4010-86c0-3178be94671d,https://firebasestorage.googleapis.com/v0/b/steady-copilot-206205.appspot.com/o/goods%2F02f6dadd-d311-4370-51e3-7dfa7569a4ed%2F02f6dadd-d311-4370-51e3-7dfa7569a4ed_front_angle_250.jpg?alt=media&token=a6de56bd-2675-49dd-95ce-1908041b7329,https://firebasestorage.googleapis.com/v0/b/steady-copilot-206205.appspot.com/o/goods%2F02f6dadd-d311-4370-51e3-7dfa7569a4ed%2F02f6dadd-d311-4370-51e3-7dfa7569a4ed_front_angle_250.png?alt=media&token=1810b6b9-a91c-4528-90d3-8a142cf94514,,,,,,,,,,,,,,,,실온(상온) 보관;냉장 보관,흑현미,상급,,
8809045901004,2010102,신선식품>농산물>곡류>찹쌀,오상 참맛세상 찹쌀 1.6kg,참맛세상,,,,,,구분=업소/업자|:|이름=농업회사법인 (주)오상|:|주소=구미시들성로 15길6-17,국내제품,원산지=대한민국(국산),농업회사법인 (주)오상,오상|:|참맛세상,단일,중량=1.6kg,,1.0,1600,1599.5,23.0,4.0,32.5,,봉지형,포장재질 :: 폴리프로필렌(포장내면),비닐류(OTHER),N,N,"[[보관방법]]
# 직사광선이나 습기찬 곳을 피해 서늘한 곳에 보관",본사 또는 구입처 또는 (주)오상,054-455-2224,# 참맛세상은 좋은 원료만 엄격하게 선별하여 신선한 제품만을 공급하고 있습니다.,"# 단백질함량 : 미검사
# 도정일 : 2022년12월28일",,2023-03-20 15:56:25,2023-04-12 07:00:07,https://firebasestorage.googleapis.com/v0/b/steady-copilot-206205.appspot.com/o/goods%2Fb34b810f-7717-4a2a-e13e-8b6e5a770bbc%2Fb34b810f-7717-4a2a-e13e-8b6e5a770bbc_front_angle_1000.jpg?alt=media&token=f2355f99-c273-472b-806e-2dd0de7d2206,https://firebasestorage.googleapis.com/v0/b/steady-copilot-206205.appspot.com/o/goods%2Fb34b810f-7717-4a2a-e13e-8b6e5a770bbc%2Fb34b810f-7717-4a2a-e13e-8b6e5a770bbc_front_angle_1000.png?alt=media&token=f1b27e6c-c922-46b5-83fc-a8c44b13362b,https://firebasestorage.googleapis.com/v0/b/steady-copilot-206205.appspot.com/o/goods%2Fb34b810f-7717-4a2a-e13e-8b6e5a770bbc%2Fb34b810f-7717-4a2a-e13e-8b6e5a770bbc_front_angle_250.jpg?alt=media&token=00518c85-d630-4a79-bd3f-bd866edce93e,https://firebasestorage.googleapis.com/v0/b/steady-copilot-206205.appspot.com/o/goods%2Fb34b810f-7717-4a2a-e13e-8b6e5a770bbc%2Fb34b810f-7717-4a2a-e13e-8b6e5a770bbc_front_angle_250.png?alt=media&token=5a531eb9-c9f9-4bd6-a13b-ba4721f0dd8c,,,,,,,,,,,,,,,,실온(상온) 보관,혼합,상급,,
8809045901226,2010106,신선식품>농산물>곡류>보리,오상 향토마을 오상잡곡 찰보리 800g,찰보리,,,,,,"구분=업소/업자|:|이름=주식회사 오상 농업회사법인|:|주소=경북 구미시 고아읍 들성로 15길 6-17
구분=제조/판매|:|이름=농업회사법인(주)오상|:|주소=경북 구미시 고아읍 들성로 15길 6-17",국내제품,원산지=대한민국(국산),농업회사법인(주)오상,오상|:|OSRICE|:|OS,단일,중량=800g,,1.0,800,805.5,19.7,3.0,26.5,,봉지형,,"비닐류(OTHER),비닐류(PE)",N,N,"[[보관방법 및 유의사항]]
#1 곡물류와 같은 농산품은 보관에 항상 주의하셔야 합니다.
#2 잡곡과 쌀의 경우에는 벌레가 자주 발생하는 상품입니다. 반드시 밀폐보관해주세요.
#3 곡류는 따뜻하고 습도가 높은 조건이 되면 나방이나 쌀벌레가 생길 수 있습니다. (포장을 미개봉 하더라도 생길 수 있습니다.)
#4 곡류의 유통기한은 별도로 없으나 온도와 습도에 따라 부패할 수 있으니 밀폐용기에 담아 냉장보관하여 주시는게 가장 좋으며, 집안 가장 시원하고 바람이 잘 통하는 곳에 두시면 좋습니다.
#5 시중에 마늘을 주성분으로 하는 쌀벌레 약이 있습니다만, 통마늘을 넣어서 보관하시는 것이 더 좋습니다.
#6 개봉후에는 가급적 냉장보관하여 주시고, 습기, 햇빛이 없고 서늘한 곳에 보관하여 주시기 바랍니다.",,054-455-2224 (농업회사법인(주)오상),,"# 생산년도 : 2022년
# 포장일자 : 2022년 12월 08일",,2023-03-20 16:06:57,2023-04-13 07:00:07,https://firebasestorage.googleapis.com/v0/b/steady-copilot-206205.appspot.com/o/goods%2Fc1681372-43f4-4c47-6962-d5414ed834d3%2Fc1681372-43f4-4c47-6962-d5414ed834d3_front_angle_1000.jpg?alt=media&token=2efe957a-07fa-4c85-9320-ea79b55e9aa5,https://firebasestorage.googleapis.com/v0/b/steady-copilot-206205.appspot.com/o/goods%2Fc1681372-43f4-4c47-6962-d5414ed834d3%2Fc1681372-43f4-4c47-6962-d5414ed834d3_front_angle_1000.png?alt=media&token=52190104-6a5a-444e-a4d3-a70636a675b6,https://firebasestorage.googleapis.com/v0/b/steady-copilot-206205.appspot.com/o/goods%2Fc1681372-43f4-4c47-6962-d5414ed834d3%2Fc1681372-43f4-4c47-6962-d5414ed834d3_front_angle_250.jpg?alt=media&token=5f4d382c-1173-4e75-bc29-b90ff0e66d5f,https://firebasestorage.googleapis.com/v0/b/steady-copilot-206205.appspot.com/o/goods%2Fc1681372-43f4-4c47-6962-d5414ed834d3%2Fc1681372-43f4-4c47-6962-d5414ed834d3_front_angle_250.png?alt=media&token=3a6d17bc-d149-414c-98f0-adbbf8724133,,,,,,,,,포장일로 18개월,,,,,,,실온(상온) 보관;냉장 보관,보리,,,
8801138200414,2010119,신선식품>농산물>곡류>혼합곡,정원 19곡 혼식 800g,정원 19곡 혼식,JeongWon Mixed Cereals,,,,,구분=제조/생산|:|이름=농업회사법인 주식회사 정원산업|:|주소=전남 보성군 득량면 예당길 183,국내제품,원산지=대한민국(국산),농업회사법인 주식회사 정원산업,정원,단일,중량=800g,,1.0,800,815.0,19.0,4.0,27.5,,봉지형,포장재질 :: 폴리에틸렌(내면),비닐류(OTHER),N,N,"[[보관방법]]
# 직사광선을 피하고 실온(1~35℃)에서 보관하십시오.
# 냉장보관하시면 더욱 좋습니다.

[[기타 주의사항]]
# 지퍼
_ 개봉 후에는 제품의 보존을 위하여 ↓부분에 잘 맞춘 후 가볍게 눌러 닫아 주십시오.",가공자 및 구입처,031-792-8938,"# 19가지 곡물을 알맞게 조화시킨 균형있는 영양쌀!
# 정원 19곡 혼식(混食)의 특징
_1 본 제품은 쌀에 부족한 영양소를 보충하여 주는 혼식용 곡물입니다.
_2 알이 굵은 콩류는 부담없이 드실 수 있도록 쌀알 크기로 분쇄하였습니다.
_3 잡곡마다 일일이 거르고 따로 삶아야 하는 불편 없이 쌀과 바로 섞어 밥을 지을 수 있습니다.","# 년산 2022
# 도정일 23.01.01
# 포장일 23.01.11
# (주)정원산업
_ 우리농산물의 자존심을 지켜가는-","찹쌀57%, 할맥13%, 흑미8%, 발아현미4%, 찰현미2%, 발아찰현미, 서리태, 현미, 적두, 약콩, 백태, 압맥, 찰보리쌀, 깐녹두, 율무, 차조, 찰수수, 흑태, 기장",2023-03-20 16:31:17,2023-04-11 07:00:08,https://firebasestorage.googleapis.com/v0/b/steady-copilot-206205.appspot.com/o/goods%2F403b33d1-cf90-43a2-a841-df0fa6a3cf5d%2F403b33d1-cf90-43a2-a841-df0fa6a3cf5d_front_angle_1000.jpg?alt=media&token=6a21d50d-38d4-4358-a1bf-0e0a6c5e7f2a,https://firebasestorage.googleapis.com/v0/b/steady-copilot-206205.appspot.com/o/goods%2F403b33d1-cf90-43a2-a841-df0fa6a3cf5d%2F403b33d1-cf90-43a2-a841-df0fa6a3cf5d_front_angle_1000.png?alt=media&token=8673e287-69ed-43fc-b5d3-f91bd1e5be0d,https://firebasestorage.googleapis.com/v0/b/steady-copilot-206205.appspot.com/o/goods%2F403b33d1-cf90-43a2-a841-df0fa6a3cf5d%2F403b33d1-cf90-43a2-a841-df0fa6a3cf5d_front_angle_250.jpg?alt=media&token=33d2d888-443c-4639-8e44-70038c519c6e,https://firebasestorage.googleapis.com/v0/b/steady-copilot-206205.appspot.com/o/goods%2F403b33d1-cf90-43a2-a841-df0fa6a3cf5d%2F403b33d1-cf90-43a2-a841-df0fa6a3cf5d_front_angle_250.png?alt=media&token=b77eaf6c-1443-4411-8c54-4d49d6252aaa,,,,,,,,,도정일로부터 1년까지,"#1 정원 혼식을 쌀의 20~30% 정도 넣고 고루 섞은 후 1~2번만 물로 가볍게 씻습니다.
#2 부드러운 밥맛을 원하시면 일반 쌀밥 보다 밥물의 양을 조금 더 많게 하시고, 뜸시간을 2~분 정도 늘려 주시면 좋습니다.",,,,,,실온(상온) 보관;냉장 보관,"혼합(찹쌀, 현미, 찰현미, 흑미에 한함)",,,
8809045901035,2010113,신선식품>농산물>곡류>기장,오상 향토마을 오상잡곡 찰기장 600g,찰기장,,,,,,"구분=업소/업자|:|이름=주식회사 오상 농업회사법인|:|주소=경북 구미시 고아읍 들성로 15길 6-17
구분=제조/판매|:|이름=농업회사법인(주)오상|:|주소=경북 구미시 고아읍 들성로 15길 6-17",국내제품,제조국=대한민국(국산),농업회사법인(주)오상,OSRIC|:|오상|:|OS,단일,중량=600g,,1.0,600,601.0,19.7,3.0,26.5,,봉지형,,"비닐류(OTHER),비닐류(PE)",N,N,"[[보관방법 및 유의사항]]
#1 곡물류와 같은 농산품은 보관에 항상 주의하셔야 합니다.
#2 잡곡과 쌀의 경우에는 벌레가 자주 발생하는 상품입니다. 반드시 밀폐보관해주세요.
#3 곡류는 따뜻하고 습도가 높은 조건이 되면 나방이나 쌀벌레가 생길 수 있습니다. (포장을 미개봉 하더라도 생길 수 있습니다.)
#4 곡류의 유통기한은 별도로 없으나 온도와 습도에 따라 부패할 수 있으니 밀폐용기에 담아 냉장보관하여 주시는게 가장 좋으며, 집안 가장 시원하고 바람이 잘 통하는 곳에 두시면 좋습니다.
#5 시중에 마늘을 주성분으로 하는 쌀벌레 약이 있습니다만, 통마늘을 넣어서 보관하시는 것이 더 좋습니다.
#6 개봉후에는 가급적 냉장보관하여 주시고, 습기, 햇빛이 없고 서늘한 곳에 보관하여 주시기 바랍니다.",,054-455-2224 (농업회사법인(주)오상),,"# 생산년도 : 2022년
# 포장일자 : 2022년 12월 22일",,2023-03-20 16:36:45,2023-04-13 07:00:07,https://firebasestorage.googleapis.com/v0/b/steady-copilot-206205.appspot.com/o/goods%2Fd398e563-1220-4535-8c93-f21e42bf2930%2Fd398e563-1220-4535-8c93-f21e42bf2930_front_angle_1000.jpg?alt=media&token=0b8c7afc-1c18-40ad-8ab0-909f3c84b976,https://firebasestorage.googleapis.com/v0/b/steady-copilot-206205.appspot.com/o/goods%2Fd398e563-1220-4535-8c93-f21e42bf2930%2Fd398e563-1220-4535-8c93-f21e42bf2930_front_angle_1000.png?alt=media&token=174281c8-f41c-425d-8410-0e3055eb56d6,https://firebasestorage.googleapis.com/v0/b/steady-copilot-206205.appspot.com/o/goods%2Fd398e563-1220-4535-8c93-f21e42bf2930%2Fd398e563-1220-4535-8c93-f21e42bf2930_front_angle_250.jpg?alt=media&token=8b581671-662a-4d32-8907-2e424aa703cd,https://firebasestorage.googleapis.com/v0/b/steady-copilot-206205.appspot.com/o/goods%2Fd398e563-1220-4535-8c93-f21e42bf2930%2Fd398e563-1220-4535-8c93-f21e42bf2930_front_angle_250.png?alt=media&token=5ba8d9f6-6067-4cdf-8865-46b4ec735c0b,,,,,,,,,포장일로 24개월,,,,,,,실온(상온) 보관;냉장 보관,지정,,,
8809045900991,2010102,신선식품>농산물>곡류>찹쌀,오상 향토마을 오상잡곡 찹쌀 800g,찹쌀,,,,,,"구분=업소/업자|:|이름=(주)오상|:|주소=경북 구미시 고아읍 들성로 15길 6-17
구분=업소/업자|:|이름=농업회사법인(주)오상|:|주소=경북 구미시 고아읍 들성로 15길 6-17
구분=업소/업자|:|이름=주식회사 오상 농업회사법인|:|주소=경북 구미시 고아읍 들성로 15길 6-17",국내제품,원산지=대한민국(국산),(주)오상,OSRICE|:|OS|:|오상,단일,중량=800g,,1.0,800,805.5,19.7,3.0,26.5,,육면체형,,"비닐류(OTHER),비닐류(PE)",N,N,"[[보관방법 및 유의사항]]
#1 곡물류와 같은 농산품은 보관에 항상 주의하셔야 합니다.
#2 잡곡과 쌀의 경우에는 벌레가 자주 발생하는 상품입니다. 반드시 밀폐보관해주세요.
#3 곡류는 따뜻하고 습도가 높은 조건이 되면 나방이나 쌀벌레가 생길 수 있습니다. (포장을 미개봉 하더라도 생길 수 있습니다.)
#4 곡류의 유통기한은 별도로 없으나 온도와 습도에 따라 부패할 수 있으니 밀폐용기에 담아 냉장보관하여 주시는게 가장 좋으며, 집안 가장 시원하고 바람이 잘 통하는 곳에 두시면 좋습니다.
#5 시중에 마늘을 주성분으로 하는 쌀벌레 약이 있습니다만, 통마늘을 넣어서 보관하시는 것이 더 좋습니다.
#6 개봉후에는 가급적 냉장보관하여 주시고, 습기, 햇빛이 없고 서늘한 곳에 보관하여 주시기 바랍니다.",,054-455-2224 ((주)오상),"# 햅쌀
# 자연의 신선함을 전하는 기업","# 생산년도 : 2022년
# 포장일자 : 2022년 12월 05일
# 단백질함량 : 미검사",,2023-03-20 16:45:28,2023-04-11 07:00:08,https://firebasestorage.googleapis.com/v0/b/steady-copilot-206205.appspot.com/o/goods%2F310c451c-a769-4ec0-9d14-f031edd82e8c%2F310c451c-a769-4ec0-9d14-f031edd82e8c_front_angle_1000.jpg?alt=media&token=bd4b8b7f-f395-46c2-b3f0-df376b6e8d58,https://firebasestorage.googleapis.com/v0/b/steady-copilot-206205.appspot.com/o/goods%2F310c451c-a769-4ec0-9d14-f031edd82e8c%2F310c451c-a769-4ec0-9d14-f031edd82e8c_front_angle_1000.png?alt=media&token=4850e8d4-503f-42a5-8052-6a69d5b8c0db,https://firebasestorage.googleapis.com/v0/b/steady-copilot-206205.appspot.com/o/goods%2F310c451c-a769-4ec0-9d14-f031edd82e8c%2F310c451c-a769-4ec0-9d14-f031edd82e8c_front_angle_250.jpg?alt=media&token=b949a682-b7cd-4e84-b795-84879ed8171a,https://firebasestorage.googleapis.com/v0/b/steady-copilot-206205.appspot.com/o/goods%2F310c451c-a769-4ec0-9d14-f031edd82e8c%2F310c451c-a769-4ec0-9d14-f031edd82e8c_front_angle_250.png?alt=media&token=a5762c78-04fe-4b7f-89d0-1ca4f59936be,,,,,,,,,,,,,,,,실온(상온) 보관;냉장 보관,혼합,상급,,
8809007360108,2010101,신선식품>농산물>곡류>백미,흥해 맑은 삼광쌀 10kg,삼광쌀,rice,,쌀,,,구분=제조/생산|:|이름=흥해농협라이스센터|:|주소=경북 포항시 북구 흥해읍 흥해로 120,국내제품,원산지=대한민국(국산),흥해농협라이스센터,흥해|:|NongHyup|:|NH,단일,중량=10kg,,1.0,10000,10120.0,30.0,52.0,9.0,,기타유형,,,N,N,"[[기타 주의사항]]
# 구입 후 개봉시 이물질이 유입 될 수 있으니 칼이나 가위 사용을 자제 해주시기 바랍니다.

[[권장 보관방법]]
# 햇볕은 피해주세요
# 습기는 피해주세요
# 서늘한곳에 보관해주세요",구입처,054-261-5010 (흥해농협라이스센터),"# 신선하고 깨끗한
# 한반도에서 가장 먼저 뜨는 햇살과 비옥한 들에서 자란 밥맛 좋은 흥해 맑은 삼광쌀!
# 다른 쌀과 섞이지 않도록 재배, 수확 수 보관/도정하여 미질/균일성/밥맛까지 잡았습니다.
# 삼광 단일품종","# 영일만 친구
_ 포항시 인증 브랜드
# 개봉시 제품을 뒤집은 후 뒷면 초록색 테이프를 화살표 방향으로 당겨주세요
# 2023.03.07 도정
# 흥해농협라이스센터
_ 고품질 농산물 유통의 선도농협",,2023-03-22 10:25:09,2023-04-19 07:00:07,https://firebasestorage.googleapis.com/v0/b/steady-copilot-206205.appspot.com/o/goods%2F43a65dd2-7061-4462-40b9-f52e85d69cf1%2F43a65dd2-7061-4462-40b9-f52e85d69cf1_front_angle_1000.jpg?alt=media&token=3d5361af-2b5e-4eb5-baf5-05b010aedcd1,https://firebasestorage.googleapis.com/v0/b/steady-copilot-206205.appspot.com/o/goods%2F43a65dd2-7061-4462-40b9-f52e85d69cf1%2F43a65dd2-7061-4462-40b9-f52e85d69cf1_front_angle_1000.png?alt=media&token=8d992039-bb3f-45c4-be66-7afedfea7f99,https://firebasestorage.googleapis.com/v0/b/steady-copilot-206205.appspot.com/o/goods%2F43a65dd2-7061-4462-40b9-f52e85d69cf1%2F43a65dd2-7061-4462-40b9-f52e85d69cf1_front_angle_250.jpg?alt=media&token=eb54b485-0492-459e-a2ae-e053644a0d11,https://firebasestorage.googleapis.com/v0/b/steady-copilot-206205.appspot.com/o/goods%2F43a65dd2-7061-4462-40b9-f52e85d69cf1%2F43a65dd2-7061-4462-40b9-f52e85d69cf1_front_angle_250.png?alt=media&token=c1451302-55ea-4fab-a5c0-cfa21a014709,,,,,,,,,,"#1 쌀 씻기
_ 쌀을 깨끗한 물로 재빨리 씻는다.
#2 쌀 불리기
_ 적당량의 물을 붓고, 30분정도 불린다.
#3 물 붓기
_ 물의 양을 마른쌀 부피의 1.2배 붓는다.
#4 끓이기
_ 약한불로 시작해 강한불, 다시 약한불로 뜸을 적당히 들인다.
#5 밥 섞기
_ 적절히 섞어주면 맛있는 밥이 된다.",,hh.nonghyup.com,,,,실온(상온) 보관,삼광,상,,
8809007360207,2010101,신선식품>농산물>곡류>백미,흥해 맑은 삼광쌀 20kg,삼광쌀,rice,,쌀,,,구분=제조/생산|:|이름=흥해농협라이스센터|:|주소=경북 포항시 북구 흥해읍 흥해로 120,국내제품,원산지=대한민국(국산),흥해농협라이스센터,흥해|:|NongHyup|:|NH,단일,중량=20kg,,1.0,20000,20150.0,44.0,61.0,9.5,,기타유형,,,N,N,"[[기타 주의사항]]
# 구입 후 개봉시 이물질이 유입 될 수 있으니 칼이나 가위 사용을 자제 해주시기 바랍니다.

[[권장 보관방법]]
# 햇볕은 피해주세요
# 습기는 피해주세요
# 서늘한곳에 보관해주세요",구입처,054-261-5010 (흥해농협라이스센터),"# 신선하고 깨끗한
# 한반도에서 가장 먼저 뜨는 햇살과 비옥한 들에서 자란 밥맛 좋은 흥해 맑은 삼광쌀!
# 다른 쌀과 섞이지 않도록 재배, 수확 수 보관/도정하여 미질/균일성/밥맛까지 잡았습니다.
# 삼광 단일품종","# 영일만 친구
_ 포항시 인증 브랜드
# 개봉시 제품을 뒤집은 후 뒷면 초록색 테이프를 화살표 방향으로 당겨주세요
# 2023.03.07 도정
# 흥해농협라이스센터
_ 고품질 농산물 유통의 선도농협",,2023-03-22 10:44:38,2023-04-19 07:00:07,https://firebasestorage.googleapis.com/v0/b/steady-copilot-206205.appspot.com/o/goods%2F94e46016-a7d2-4a2b-68a1-5bbf0ba31f4c%2F94e46016-a7d2-4a2b-68a1-5bbf0ba31f4c_front_angle_1000.jpg?alt=media&token=d1b3d038-147a-40b5-b0ab-6f8ab316cb67,https://firebasestorage.googleapis.com/v0/b/steady-copilot-206205.appspot.com/o/goods%2F94e46016-a7d2-4a2b-68a1-5bbf0ba31f4c%2F94e46016-a7d2-4a2b-68a1-5bbf0ba31f4c_front_angle_1000.png?alt=media&token=f3cf6701-0841-4e16-aec3-03a27ba45cc1,https://firebasestorage.googleapis.com/v0/b/steady-copilot-206205.appspot.com/o/goods%2F94e46016-a7d2-4a2b-68a1-5bbf0ba31f4c%2F94e46016-a7d2-4a2b-68a1-5bbf0ba31f4c_front_angle_250.jpg?alt=media&token=95cb4e52-f459-419d-abaf-6e56b7e8e5e7,https://firebasestorage.googleapis.com/v0/b/steady-copilot-206205.appspot.com/o/goods%2F94e46016-a7d2-4a2b-68a1-5bbf0ba31f4c%2F94e46016-a7d2-4a2b-68a1-5bbf0ba31f4c_front_angle_250.png?alt=media&token=9ce27401-487e-425a-849a-8089d23f0f6c,,,,,,,,,,"#1 쌀 씻기
_ 쌀을 깨끗한 물로 재빨리 씻는다.
#2 쌀 불리기
_ 적당량의 물을 붓고, 30분정도 불린다.
#3 물 붓기
_ 물의 양을 마른쌀 부피의 1.2배 붓는다.
#4 끓이기
_ 약한불로 시작해 강한불, 다시 약한불로 뜸을 적당히 들인다.
#5 밥 섞기
_ 적절히 섞어주면 맛있는 밥이 된다.",,hh.nonghyup.com,,,,실온(상온) 보관,삼광,상,,
8809045903312,2010101,신선식품>농산물>곡류>백미,오상 향토마을 향토미 10kg,향토미,,,쌀,,,구분=판매|:|이름=농업회사법인 (주)오상|:|주소=경북 구미시 고아읍 들성로 15길 6-17,국내제품,원산지=대한민국(국산),농업회사법인 (주)오상,OS|:|오상,단일,중량=10kg,,1.0,10000,10000.0,30.5,53.0,7.5,,기타유형,,,N,N,"[[권장 보관방법]]
# 햇볕은 피해주세요
# 습기는 피해주세요
# 서늘한곳에 보관해주세요
# 개봉 후 냉장보관 하시면 더욱 신선하게 드실 수 있습니다.",,054-455-2224 ((주)오상),"# ""향토미""는 소비자의 건강을 생각하고 농업인에게 희망을 드리는 믿음가는 농산물입니다.
# 신선하고 깨끗한 쌀!",# 2022년산,,2023-03-22 17:30:20,2023-04-19 07:00:07,https://firebasestorage.googleapis.com/v0/b/steady-copilot-206205.appspot.com/o/goods%2F8709e122-d8ea-4002-c293-0b8c48c38700%2F8709e122-d8ea-4002-c293-0b8c48c38700_front_angle_1000.jpg?alt=media&token=f09a8e8a-0c12-409c-a3da-a9e0f2ff5c3d,https://firebasestorage.googleapis.com/v0/b/steady-copilot-206205.appspot.com/o/goods%2F8709e122-d8ea-4002-c293-0b8c48c38700%2F8709e122-d8ea-4002-c293-0b8c48c38700_front_angle_1000.png?alt=media&token=2a21795f-88a6-4ca6-8c53-cf392d1aa179,https://firebasestorage.googleapis.com/v0/b/steady-copilot-206205.appspot.com/o/goods%2F8709e122-d8ea-4002-c293-0b8c48c38700%2F8709e122-d8ea-4002-c293-0b8c48c38700_front_angle_250.jpg?alt=media&token=3f03f295-9526-4ce4-903c-09dc90863595,https://firebasestorage.googleapis.com/v0/b/steady-copilot-206205.appspot.com/o/goods%2F8709e122-d8ea-4002-c293-0b8c48c38700%2F8709e122-d8ea-4002-c293-0b8c48c38700_front_angle_250.png?alt=media&token=8e256724-6492-4b44-a3a3-57c094419189,,,,,,,,,,,,,,,,실온(상온) 보관;냉장 보관,혼합,보통,,
8802868300115,2010119,신선식품>농산물>곡류>혼합곡,정원 10곡 혼식 800g,정원 10곡 혼식,JeongWon Mixed Cereals,,,,,구분=제조/생산|:|이름=농업회사법인 주식회사 정원산업|:|주소=전남 보성군 득량면 예당길 183,국내제품,원산지=대한민국(국산),농업회사법인 주식회사 정원산업,정원|:|정원산업,단일,중량=800g,,1.0,800,815.0,18.7,4.5,26.0,,봉지형,포장재질 :: 폴리에틸렌(내면),비닐류(OTHER),N,N,"[[보관방법]]
# 직사광선을 피하고 실온(1~35℃)에서 보관하십시오.
# 냉장보관하시면 더욱 좋습니다.",가공자 및 구입처,031-792-8938,"# 10穀混食
# 10가지 곡물을 알맞게 조화시킨 균형있는 영양쌀!
# 精元
# 정원 10곡 혼식(混食)의 특징
_1 본 제품은 쌀에 부족한 영양소를 보충하여 주는 혼식용 곡물입니다.
_2 알이 굵은 콩류는 부담없이 드실 수 있도록 쌀알크기로 분쇄하였습니다.
_3 잡곡마다 일일이 거르고 따로 삶아야 하는 불편없이 쌀과 바로 섞어 밥을 지을 수 있습니다.","# 지퍼
_ 개봉 후에는 제품의 보존을 위하여 ↆ부분에 잘 맞춘 후 가볍게 눌러 닫아 주십시오.
# 년산 2022
# 도정일 22.12.15
# 포장일 22.12.19
# 우리농산물의 자존심을 지켜가는 (주)정원산업","찹쌀 60%, 할맥 12%, 현미 8%, 흑미 7%, 찰현미 4%, 흰탈보리쌀 3%, 서리태 3%, 적두, 백태, 수수",2023-06-13 11:20:09,2023-06-23 07:00:07,https://firebasestorage.googleapis.com/v0/b/steady-copilot-206205.appspot.com/o/goods%2F2bd485b8-6bc1-4c0d-2408-1c1ecaf29e4e%2F2bd485b8-6bc1-4c0d-2408-1c1ecaf29e4e_front_angle_1000.jpg?alt=media&token=f5b69673-0032-482f-9904-bdc2ed072035,https://firebasestorage.googleapis.com/v0/b/steady-copilot-206205.appspot.com/o/goods%2F2bd485b8-6bc1-4c0d-2408-1c1ecaf29e4e%2F2bd485b8-6bc1-4c0d-2408-1c1ecaf29e4e_front_angle_1000.png?alt=media&token=dc93c53a-04a1-4565-8029-491748049d0a,https://firebasestorage.googleapis.com/v0/b/steady-copilot-206205.appspot.com/o/goods%2F2bd485b8-6bc1-4c0d-2408-1c1ecaf29e4e%2F2bd485b8-6bc1-4c0d-2408-1c1ecaf29e4e_front_angle_250.jpg?alt=media&token=c2a62506-b8f4-487b-8134-68d6dce0ea74,https://firebasestorage.googleapis.com/v0/b/steady-copilot-206205.appspot.com/o/goods%2F2bd485b8-6bc1-4c0d-2408-1c1ecaf29e4e%2F2bd485b8-6bc1-4c0d-2408-1c1ecaf29e4e_front_angle_250.png?alt=media&token=808b0d54-2aea-450f-b9a3-24d88ceb3556,,,,,,,,,도정일로부터 1년까지,"#1 정원 혼식을 쌀의 20~30% 정도 넣고 고루 섞은 후 1~2번만 물로 가볍게 씻습니다.
#2 부드러운 밥맛을 원하시면, 일반 쌀밥 보다 밥물의 양을 조금 더 많게 하시고, 뜸시간을 2~3분 정도 늘려 주시면 좋습니다.",,,,,,실온(상온) 보관;냉장 보관,"혼합(찹쌀, 현미, 찰현미, 흑미에 한함)",,,
8809045901172,2010119,신선식품>농산물>곡류>혼합곡,오상향토마을 오상잡곡 찹쌀현미 800g,찹쌀현미,,,,,,구분=업소/업자|:|이름=(주)오상|:|주소=구미시들성로 15길6-17,국내제품,원산지=대한민국(국산),(주)오상,오상향토마을|:|오상잡곡,단일,중량=800g,,1.0,800,803.0,18.8,3.0,26.0,,봉지형,,,N,N,,,054-455-2224 ((주)오상),,"# 농업회사법인 OSRICE
# 자연의 신선함을 전하는 기업
# 생산년도 : 2022년
# 단백질함량 : 미검사
# 도정일 : 2022년 12월 28일",,2023-06-13 11:38:09,2023-06-24 07:00:07,https://firebasestorage.googleapis.com/v0/b/steady-copilot-206205.appspot.com/o/goods%2Fafbff738-31f7-4501-d94f-3ca25ea64e2a%2Fafbff738-31f7-4501-d94f-3ca25ea64e2a_front_angle_1000.jpg?alt=media&token=4c73a10b-4b6f-49b7-af5e-e7bdabee4e30,https://firebasestorage.googleapis.com/v0/b/steady-copilot-206205.appspot.com/o/goods%2Fafbff738-31f7-4501-d94f-3ca25ea64e2a%2Fafbff738-31f7-4501-d94f-3ca25ea64e2a_front_angle_1000.png?alt=media&token=a0cbe4db-31e0-48b9-b470-514659236ee1,https://firebasestorage.googleapis.com/v0/b/steady-copilot-206205.appspot.com/o/goods%2Fafbff738-31f7-4501-d94f-3ca25ea64e2a%2Fafbff738-31f7-4501-d94f-3ca25ea64e2a_front_angle_250.jpg?alt=media&token=a0d46a3c-8b73-42ec-b607-b677d20f2f01,https://firebasestorage.googleapis.com/v0/b/steady-copilot-206205.appspot.com/o/goods%2Fafbff738-31f7-4501-d94f-3ca25ea64e2a%2Fafbff738-31f7-4501-d94f-3ca25ea64e2a_front_angle_250.png?alt=media&token=105eabea-79fe-425a-afed-6deb33e115e7,,,,,,,,,,,,,,,,,혼합,상급,,
8809045901615,2010115,신선식품>농산물>곡류>콩,오상향토마을 오상잡곡 속청 600g,속청,,,,,,구분=제조/판매|:|이름=농업회사법인 (주)오상|:|주소=구미시들성로 15길6 17,국내제품,원산지=대한민국(국산),농업회사법인 (주)오상,오상향토마을|:|오상잡곡,단일,중량=600g,,1.0,600,605.5,18.0,3.5,16.5,,봉지형,,,N,N,,,054-455-2224 (농업회사법인(주)오상),,"# 농업회사법인 OSRICE
# 자연의 신선함을 전하는 기업
# 생산년도 : 2022년
# 포장일자 : 2023년 03월 17일",,2023-06-13 11:46:13,2023-06-23 07:00:07,https://firebasestorage.googleapis.com/v0/b/steady-copilot-206205.appspot.com/o/goods%2F9d0c071a-5e52-4841-8985-513efbb1b1a1%2F9d0c071a-5e52-4841-8985-513efbb1b1a1_front_angle_1000.jpg?alt=media&token=0e5b29eb-6b6e-4c1d-b9c1-b34fdecd26ef,https://firebasestorage.googleapis.com/v0/b/steady-copilot-206205.appspot.com/o/goods%2F9d0c071a-5e52-4841-8985-513efbb1b1a1%2F9d0c071a-5e52-4841-8985-513efbb1b1a1_front_angle_1000.png?alt=media&token=e11cd4a6-ac7b-4106-a53d-5e2a87c165cc,https://firebasestorage.googleapis.com/v0/b/steady-copilot-206205.appspot.com/o/goods%2F9d0c071a-5e52-4841-8985-513efbb1b1a1%2F9d0c071a-5e52-4841-8985-513efbb1b1a1_front_angle_250.jpg?alt=media&token=e7bd9c47-59a4-4e35-8d26-ec0e5c0b7bbd,https://firebasestorage.googleapis.com/v0/b/steady-copilot-206205.appspot.com/o/goods%2F9d0c071a-5e52-4841-8985-513efbb1b1a1%2F9d0c071a-5e52-4841-8985-513efbb1b1a1_front_angle_250.png?alt=media&token=62bd3149-573b-458b-bb6d-b7241d011fa0,,,,,,,,,포장일로 18개월,,,,,,,,서리태,,,
