GTIN,상품분류코드,상품분류명,상품명(대표),상품명(국문),상품명(영문),상품명(기타),품목명,모델명,제품번호,회사정보,수입 상품 구분,국가정보,브랜드 소유회사,브랜드명,상품 단위,규격정보,상품 구성,포장단위별 수량,순중량(Net Weight),총중량(Gross Weight),가로(cm),세로(cm),높이(cm),과세형태,상품 형태,상품 포장 재질,분리배출표시,성인용 상품 여부,어린이용 상품 여부,보관 취급 주의사항,AS책임자(반품/교환주소),전화번호(교환문의),마케팅 문구,기타,원재료 전체텍스트,등록일시,수정일시,보정이미지 1000 JPG,보정이미지 1000 PNG,썸네일 250 JPG,썸네일 250 PNG,영양성분,부가기능(138625),부가기능(138626),방한부위(138627),디테일(138628),사이즈(138642),부가기능(138643),형태(138644),부가기능(138645),프레임(138646),형태(138649),폼소재(138650),조합(138651),종류(138652),부가기능(138661),종류(138662),소재(138670),배터리(138673),부가기능(138674),화면크기(인치)(138675),종류(138676),부가기능(138677),부가기능(138684),렌즈종류(138770),특징(138829),주요소재(138832),주요소재(신발)(138844),수영복 구성(138884),종류(138887),굽높이(cm)(138958),4단높이(cm)(138962),테이블특징(138968),의자프레임소재(138969),의자시트소재(138970),테이블프레임소재(138971),상판소재(138972),의자개수(138974),의자유형(138975),테이블형태(138976),바퀴(인치(inch))(138977),종류(138978),3단높이(cm)(138986),2단높이(cm)(138987),1단높이(cm)(138988),의자특징(138989),모자 종류(138997),테이블유형(139000),종류(139001),부가기능(139003),등판각도(139004),구분(139027),충전량(g)(139031),깃털(%)(139032),허용무게(kg)(139034),배터리(139035),부가기능(139036),바퀴(mm)(139037),종류(139038),최소연령(139040),솜털(%)(139042),#11라이각(139064),#11로프트각(139065),구동방식(139066),주행모드(139067),배터리(139068),특징(139092),최대권사량(호-m)(139114),최대권상장(핸들1회전당/cm)(139115),조력(kg)(139116),베어링수(볼)(139117),충전재(139119),소매기장(139121),기어비(?:1)(139123),종류(139124),성별/연령(139132),총기장(139134),밴드소재(139151),체인소재(139152),아이젠특징(139153),착용방식(139154),밴드형 형태(139155),특징(139156),형태(139157),종류(139158),최대길이(cm)(139163),최소길이(cm)(139164),잠금장치(139165),손잡이소재(139166),단수(139167),손지름(완경)(mm)(139170),끝지름(선경)(mm)(139171),크기(139174),최대길이(m)(139175),접은길이(m)(139176),절수(139177),카본함유량(%)(139179),소재(139180),분류(139181),종류(139182),구성(139183),부가기능(139207),프레임재질(139208),안감(139209),겉감(139210),용도(139211),가방형태(139212),총클럽개수(139213),종류(139216),폴대(139217),바닥(139218),이너(139219),내수압(mm)(139235),재질(139236),종류(139237),바닥방수(mm)(139239),이너텐트방수(mm)(139240),플라이(139244),출입구(139247),용도(139248),종류(139255),사용시간(H)(139266),#3라이각(139318),#2라이각(139319),#1라이각(139320),PS 로프트각(139321),P/A 라이각(139322),P/A 로프트각(139323),그라파이트 샤프트 강도(139324),스틸 샤프트 강도(139325),#11라이각(139326),#11로프트각(139327),GW 로프트각(139328),AW 로프트각(139329),SW 로프트각(139330),PW 로프트각(139331),A/S 라이각(139332),LW 라이각(139333),UW 라이각(139334),A/S 로프트각(139335),#10라이각(139336),#10로프트각(139337),#9라이각(139338),#9로프트각(139339),#8라이각(139340),클럽무게(g)(139341),클럽길이(139342),#9로프트각(139343),라이각(139344),#8로프트각(139345),LW 로프트각(139346),UW 로프트각(139347),FW 라이각(139348),#8로프트각(139349),PS 라이각(139350),GW 라이각(139351),AW 라이각(139352),로프트각(139353),#7로프트각(139354),#6로프트각(139355),FW 로프트각(139356),#10라이각(139357),#10로프트각(139358),SW 라이각(139359),PW 라이각(139360),#9라이각(139361),#5로프트각(139362),#4로프트각(139363),#3로프트각(139364),#2로프트각(139365),그라파이트 벨런스(139366),#8라이각(139367),#7라이각(139368),#6라이각(139369),#1로프트각(139370),웨지 구성(139371),구성(139372),아이언 구성(139373),스틸 벨런스(139374),#5라이각(139375),#4라이각(139376),밸런스(139377),바운스각(139378),라이각(139379),클럽길이(139380),클럽길이(139384),헤드체적(139385),페이스소재(139386),특징(139387),제조공법(139388),강도(139399),#7로프트각(139400),킥포인트(139401),#6로프트각(139402),부가기능(139413),밑창(139414),중창(139415),깔창(139416),내피(139417),외피(139418),로프트각(택1)(139427),헤드형태(139428),길이(139429),강도(139431),오프셋(139437),샤프트형태(139438),샤프트소재(139439),라이각(139440),#5로프트각(139447),로프트각(139448),#7라이각(139449),헤드형태(139450),헤드소재(139451),샤프트길이(139455),#4로프트각(139456),#3로프트각(139457),#6라이각(139458),부가기능(139459),#5라이각(139460),사용체중(kg)(139462),#2로프트각(139463),#1로프트각(139464),샤프트소재(139465),#4라이각(139466),#3라이각(139467),#2라이각(139468),#1라이각(139469),특징(139473),종류(139474),라이각(139475),로프트각(139476),서스펜션(139479),프레임(139480),기능성소재(139481),자전거종류(139491),소비전력(W)(139502),주요소재(139507),전구종류(139511),핸들타입(139522),아이템(139526),브레이크(139528),변속기(139529),필파워(FP)(139530),충전재(139531),쉘(139532),구성(139533),사용계절(139534),용도(139536),종류(139543),특징(139544),색상(139546),안장(139600),부가기능(139737),규격(139738),연료(139739),종류(139740),특징(139741),부가기능(139743),프레임(139744),소재(139745),부가기능(139753),강약조절(단계)(139754),종류(139755),종류(139759),부가기능(139763),투입구(개)(139764),속도(km/h)(139778),마력(hp)(139779),모터(139780),종류(139781),딤플수(개)(139782),부가기능(139783),구조(139784),종류(139785),렌즈특징(139787),렌즈소재(139788),디자인(139791),용도(139793),종류(139795),스터드개수(139821),스터드(139822),용도(139823),종류(139824),부가기능(139825),스파이크개수(139826),스파이크(139827),구분(139828),부가기능(139829),손 구분(139830),네크라인(139849),구분(139850),구분(139851),종류(139852),부가기능(139856),두께(mm)(139857),종류(139858),그릴(139891),화구수(139892),발열방식(139955),형태(139956),특징(140018),부가기능(140020),소재(140037),부가기능(140038),부가기능(140039),종류(140040),부가기능(140044),부가기능(140045),부가기능(140046),종류(140048),부가기능(140049),부가기능(140050),강조절(kg)(140051),약조절(kg)(140052),부가기능(140053),운동효과(140054),종류(140055),형태(140057),부가기능(140058),소재(140059),부가기능(140060),형태(140061),부가기능(140062),소재(140063),종류(140064),형태(140065),소재(140066),종류(140067),형태(140068),공간(140069),소재(140070),무게중심(140071),운동부위(140072),부가기능(140073),부가기능(140075),벨트형태(140076),부가기능(140077),충전재(140078),사용계절(140079),부가상품(140084),상판두께(140085),재질(140086),형태(140087),개수(140089),등급(140090),종류(140091),특징(140095),소재(140096),단품무게(kg)(140097),표면(140098),특징(140099),단품무게(g)(140100),특징(140101),스틱소재(140102),형태(140103),종류(140104),특징(140105),아이젠형태(140106),포인트(개)(140107),종류(140108),소재(140109),스파이크(140110),용도(140111),특성(140112),길이(140113),소재(140114),연료탱크용량(L)(140119),냉각(140120),출력방식(140121),연비(km)(140122),배기량(cc)(140123),연료(140124),종류(140125),부가기능(140126),방수(mm)(140127),주행거리(km)(140129),최고속도(km)(140130),모터출력(W)(140131),개수(140134),부가기능(140135),조임방식(140136),부가기능(140137),부가기능(140138),특징(140139),길이(cm)(140141),특징(140142),마디(개)(140143),돌기(개)(140144),소재(140145),끈(140146),스타일(140147),형태(140148),레벨(140149),부가기능(140150),크기(140151),용도(140152),구성(140156),종류(140157),부가기능(140159),웹(140161),용도(140162),크기(140163),부가기능(140220),샤프트(140241),배율(140247),가스종류(140278),난방방식(140279),조절단계(140285),유량(L)(140288),사용면적(㎡)(140289),핀수(140290),스타일(140292),연료(140297),부가기능(140338),종류(140354),부가기능(140359),사이즈(140360),출시(140368),기어(140369),특징(140371),바퀴(140378),종류(140399),스펙(140400),정격전압(140674),제품 소재(140698),세탁방법(140702),상품별 세부 사양(140703),KC인증번호(140740),사용방법(140746),KC인증 필 유무(140856),사용연령(140864),KC인증정보(140870),재질/원료/성분명(140878),용도(140902),홈페이지 주소(140903),내열온도(140905),내냉온도(140906),인증/상세정보(140923),인증(140933),품질보증기간(140940),자가검사번호(140943),액성(140951),종류(140952),제조년월(140958),섬유제품 취급에 관한 표시(140959),최대하중(140961),섬유의 조성 및 혼용율(140962),제품특징(140963),사용용도(140964),가격(140966),안전기준적합확인신고번호(140975),제형(140976),주요물질(140980),계면활성제(140983)
8801551102012,10260208,전문스포츠/레저>캠핑>캠핑용품>휴대용가스레인지/부탄가스,썬연료 220g,썬연료,SUN,,,,,"구분=업소/업자|:|이름=주식회사 세안|:|주소=
구분=업소/업자|:|이름=주식회사 영일|:|주소=
구분=제조/생산|:|이름=주식회사 태양|:|주소=
구분=판매|:|이름=주식회사 태양|:|주소=",국내제품,제조국=대한민국(국산),주식회사 태양,썬연료|:|SUN,단일,(용량)=220g,,1.0,220.0,322.5,6.8,6.8,20.0,,기타유형,,"캔류(철),플라스틱(PP)",N,N,"[[사용시 주의사항]]
# 화기 앞 방치금지
_ 40℃ 미만에서 보관하시고 스토브 등 열기가 있는 기구 근처에 두지 마십시오.
# 텐트 내 사용금지
_ 자동차, 텐트 등 좁은 공간에서 보관 및 사용하지 마십시오.
# 가열금지
_ 부탄가스용기(캔)를 절대 물속에 끓이지 마십시오.
# 2대 이상 병렬 사용금지
_ 연소기를 2대이상 병렬로 놓고 사용하지 마십시오.
# 과대불판 사용금지
_ 삼발이 보다 넓은 냄비나 돌판, 알루미늄 호일을 사용하지 마십시오.
# 겹쳐서 보관금지
_ 사용 후 부탄연소기는 겹쳐서 보관하지 마십시오.

[[사용 · 보관 · 폐기시 주의사항]]
#1 사용후에는 부탄연소기에서 탈착하여 캡을 씌운 후 별도로 보관하십시오.
#2 취급시 날개홈에 손을 벨수가 있으니 조심하시고, 어린아이 손에 닿지 않는 곳에 보관 하십시오.
#3 가스누출, 심각한 변형 등으로 사용할 수 없는 용기는 제조사에 연락하십시오.
#4 연소기위에 번개탄, 숯 등을 올려놓고 가열하지 마십시오.
#5 탁자형 가스렌지(그릴), 인덕션 위에 올려놓고 부탄연소기를 사용하지 마십시오.
#6 용기는 흔들어 소리가 나지 않을 때까지 완전히 사용한 후에 주위에 화기가 없고 통풍이 잘되는 실외에서 구멍을 뚫어 재활용품으로 분리수거하고, 구멍을 뚫을 때는 전동드릴 등 동력이 있는 기구는 사용하지 마십시오.
#7 가스용품은 한국가스안전공사 검사품만 사용하십시오.

[[기타 주의사항]]
# 충격주의/재충전 사용금지
# 권장사용기간: 3년/가연성(화기주의)
# 가열 금지
_ 40℃ 이상 용기를 가열하면 용기가 폭발할 수 있습니다.
# 파열방지기능이 있는 용기도 부주의시 파열 및 화재가 발생할 수 있음.
 본 제품은 흡입시 심신장애등 심각한 피해를 가져옵니다. 이를 흡입한 자는 관계법령에 의하여 처벌을 받으며 특히 19세미만의 청소년에게 판매한 경우에는 3년 이하의 징역 또는 3천만원 이하의 벌금에 처해집니다.",,"080-031-1955, 1599-0150","# 국민연료 NO.1
# 파열방지기능 있음
# FOR PORTABLE GAS RANGE
# 국내최초부탄가스","# Save the Children
_ 본 제품의 판매 수익금 일부는 세이브더칠드런을 통해 어려운 어린이 지원에 사용됩니다.
# ""매월 4일은 가스시설 안전점검의날""
# 가스사고배상책임보험가입
# SUN FLAME(썬 푸레임)
# 가연성액화부탄가스
# 용기제조자 : (주)태양
# 충전가스명 : 액화부탄
# V: 520ml
# W: 89g
# 자체검사필 제조년월 : 2023. 1
# 주식회사 태양
_ 품질문의 : 080-417-9810 
_ 구매문의 : 02-2186-1121",,2018-12-23 14:57:17,2023-03-16 11:39:41,https://firebasestorage.googleapis.com/v0/b/steady-copilot-206205.appspot.com/o/goods%2F738a219d-dd66-4d08-93aa-a400af8fd913%2F738a219d-dd66-4d08-93aa-a400af8fd913_front_angle_1000.jpg?alt=media&token=f6124eea-7aad-442d-9403-acaa2c76059c,https://firebasestorage.googleapis.com/v0/b/steady-copilot-206205.appspot.com/o/goods%2F738a219d-dd66-4d08-93aa-a400af8fd913%2F738a219d-dd66-4d08-93aa-a400af8fd913_front_angle_1000.png?alt=media&token=6c0b87d9-4566-493e-be56-e6a3cb6b650b,https://firebasestorage.googleapis.com/v0/b/steady-copilot-206205.appspot.com/o/goods%2F738a219d-dd66-4d08-93aa-a400af8fd913%2F738a219d-dd66-4d08-93aa-a400af8fd913_front_angle_250.jpg?alt=media&token=e0e02d68-7646-4145-a266-636a24f14257,https://firebasestorage.googleapis.com/v0/b/steady-copilot-206205.appspot.com/o/goods%2F738a219d-dd66-4d08-93aa-a400af8fd913%2F738a219d-dd66-4d08-93aa-a400af8fd913_front_angle_250.png?alt=media&token=b20b8308-b399-4adb-b8dc-f79f9e35634b,,,,,,,,,,,,,,,,,,,,,,,,,,,,,,,,,,,,,,,,,,,,,,,,,,,,,,,,,,,,,,,,,,,,,,,,,,,,,,,,,,,,,,,,,,,,,,,,,,,,,,,,,,,,,,,,,,,,,,,,,,,,,,,,,,,,,,,,,,,,,,,,,,,,,,,,,,,,,,,,,,,,,,,,,,,,,,,,,,,,,,,,,,,,,,,,,,,,,,,,,,,,,,,,,,,,,,,,,,,,,,,,,,,,,,,,,,,,,,,,,,,,,,,,,,,,,,,,,,,,,,,,,,,,,,,,,,,,,,,,,,,,,,,,,,,,,,,,,,,,,,,,,,,,,,,,,,,,,,,,,,,,,,,,,,,,,,,,,,,,,,,,,,,,,,,,,,,,,,,,,,,,,,,,,,,,,,,,,,,,,,,,,,,,,,,,,,,,,,,,,,,,,,,,,,,,,,,,,,,,,,,,,,,,"[[장착방법]]
# 그림과 같이 용기의 가이드홈과 연소기홈을 잘 맞추어서 장착하여 가스누설이 없음을 확인한 후 점화하십시오.",Y,,"# 접합
# 충남
# 한국가스안전공사",,,"www.sungroup.kr, www.total-spray.co.kr",,,,세계일류상품 인증;TUV NORD 인증,,,,,2023년 01월,,,,,,,,,,
8801551104023,10260208,전문스포츠/레저>캠핑>캠핑용품>휴대용가스레인지/부탄가스,태양 알프스가스 450G,알프스 가스,ALPS CAMPING GAS CARTRIDGE BRAND,,,,,구분=제조/생산|:|이름=(주)태양|:|주소=,국내제품,원산지=대한민국(국산),주식회사 태양,알프스|:|ALPS,단일,용량=450g,,1.0,450.0,668.0,11.0,15.5,11.0,,기타유형,,"캔류(철),플라스틱(PP)",N,N,"[[경고]]
#1 이 용기는 나사식구에 사용하는 가스용기입니다. 적합하지 않은 기구에 절대 사용하지 마십시오
#2 용기는 흔들어서 소리가 나지 않을 때까지 완전히 사용하고 나서 반드시 화기가 없는 실외에서 구멍을 뚫어 재활용품으로 분리수거 하십시오.
#3 용기를 떨어뜨릴 경우 노즐부가 변형되거나 가스가 새는 위험이 있으니 확인 후 사용하십시오.

[[주의사항]]
#1 이 용기는 가스안전공사의 검사가 합격된 기구에만 사용 가능합니다.
#2 가스는 상온에서의 사용이 정상이며 겨울철 등 저온에서는 다소 화력이 떨어질 수 있으니 참고 하십시오.
#3 유·소아의 손이 닿지 않는 곳에 보관하십시오.

[[사용시 주의사항]]
#1 가스용기를 보관시 직사광선을 피해 40°C 이하 통풍이 잘되는 곳에 보관하고 차량트렁크 등 밀폐된 곳에 장시간 보관 시 직사광선에 의한 온도 상승으로 폭발위험이 있으니 주의하십시오.
#2 화기 근처에서 절대로 용기 교환을 하지마십시오. 용기에 적합하지 않은 기구에는 절대로 사용하지 마십시오.
#3 용기결합 부위에서 가스가 새는지 확인(냄새,소리)하고 새면 즉시 분리시킨 후 사용을 중지하십시오.
#4 실내나 텐트에서 사용 시 화재나 환기에 주의하고 열기구나 가연성 물질과는 충분한 거리를 유지하고 사용하십시오.
#5 사용 시 바람막이는 안전거리를 유지하고 용기과열에 주의하십시오.
#6 용기를 덮을 수 있는 밑면이 넓은 용기나 복사열이 많은 기구(프라이팬, 철판, 돌 등)를 사용 할 경우 용기에 열을 받게 되므로 폭발위험이 있습니다.
#7 인체에 뿌리거나 흡입하지 마십시오.
#8 사용 후 빈 용기라도 일반 쓰레기와 구분하고 또는 소각장 불속에 버리면 폭발 위험이 있으니 버리지 마십시오.
#9 본 가스용기는 재충전 시 폭발원인이 되며 법상 처벌받게 됩니다. 
#10 습한 곳에 보관 시 부식에 의한 가스누설 원인이 될 수 있습니다.
#11 용기에 충격을 주지 말고 외관이 변형된 것을 사용하지 마십시오.

[[경고]]
이 제품은 흡입시 심신장애등 심각한 피해를 가져옵니다.
이 제품을 흡입한 사람은 관계법령에 따라 처벌을 받으며, 특히 19세 미만의 청소년에게 판매한 경우에는 3년이하의 징역 3천만원 이하의 벌금형에 처해집니다.

[[충격주의]]
재충전 사용금지",,080-417-9810,"# LIQUEFIED PETROLEUM GAS
# HIGH PERFORMANCE
# CAMPING GAS CARTRIDGE BRAND","# 무심코 버린 용기 폭발사고 자연오염, 구멍 뚫어 가져오면 자원되어 경제발전
# 자체검사필 2019.5
# 권장사용기한: 3년
# 가연성액화부탄가스
# 충전가스명 : 액화부탄
_ 충전량 : 450g",,2019-09-24 14:32:05,2021-03-15 15:41:32,https://firebasestorage.googleapis.com/v0/b/steady-copilot-206205.appspot.com/o/goods%2Fc65f38b4-5e38-4fd0-b9f4-38251f67363c%2Fc65f38b4-5e38-4fd0-b9f4-38251f67363c_front_angle_1000.jpg?alt=media&token=6e916755-5d90-47bb-a134-7bfe11468cd4,https://firebasestorage.googleapis.com/v0/b/steady-copilot-206205.appspot.com/o/goods%2Fc65f38b4-5e38-4fd0-b9f4-38251f67363c%2Fc65f38b4-5e38-4fd0-b9f4-38251f67363c_front_angle_1000.png?alt=media&token=5503fbfb-1079-44d4-8ba8-c931f9ddbeb6,https://firebasestorage.googleapis.com/v0/b/steady-copilot-206205.appspot.com/o/goods%2Fc65f38b4-5e38-4fd0-b9f4-38251f67363c%2Fc65f38b4-5e38-4fd0-b9f4-38251f67363c_front_angle_250.jpg?alt=media&token=be4b7fdd-8c6c-4e5c-a949-b55202a4efcb,https://firebasestorage.googleapis.com/v0/b/steady-copilot-206205.appspot.com/o/goods%2Fc65f38b4-5e38-4fd0-b9f4-38251f67363c%2Fc65f38b4-5e38-4fd0-b9f4-38251f67363c_front_angle_250.png?alt=media&token=335acb19-7fe0-46a4-9680-3ff462f4e402,,,,,,,,,,,,,,,,,,,,,,,,,,,,,,,,,,,,,,,,,,,,,,,,,,,,,,,,,,,,,,,,,,,,,,,,,,,,,,,,,,,,,,,,,,,,,,,,,,,,,,,,,,,,,,,,,,,,,,,,,,,,,,,,,,,,,,,,,,,,,,,,,,,,,,,,,,,,,,,,,,,,,,,,,,,,,,,,,,,,,,,,,,,,,,,,,,,,,,,,,,,,,,,,,,,,,,,,,,,,,,,,,,,,,,,,,,,,,,,,,,,,,,,,,,,,,,,,,,,,,,,,,,,,,,,,,,,,,,,,,,,,,,,,,,,,,,,,,,,,,,,,,,,,,,,,,,,,,,,,,,,,,,,,,,,,,,,,,,,,,,,,,,,,,,,,,,,,,,,,,,,,,,,,,,,,,,,,,,,,,,,,,,,,,,,,,,,,,,,,,,,,,,,,,,,,,,,,,,,,,,,,,,"# 충전가스명
_ 액화부탄
_ 충전량: 450g
_ V: 990ml, W:206g",,"# 용기의 분리방법 : 버너기구가 원전히 소화되어 식은 후 주위에 화기가 없는 장소에서 시계반대방향으로 돌려 분리하여 주십시오.
# 용기의 결합방법 : 버너기구를 용기의 노즐에 맞춘 후 시계방향으로 돌려 완전히 조립하십시오.",Y,,,,,www.sungroup.kr,,,,,,,,,,,,,,,,,,,
8801551104016,10260208,전문스포츠/레저>캠핑>캠핑용품>휴대용가스레인지/부탄가스,세안산업 주식회사 알프스가스 알프스가스 230G x 1EA,알프스 가스,ALPS CAMPING GAS CARTRIDGE BRAND,,,,,구분=제조/생산|:|이름=(주)태양|:|주소=,국내제품,원산지=대한민국(국산),주식회사 태양,SUN,단일,용량=230g,,1.0,230.0,381.0,10.5,9.0,10.5,,기타유형,,"캔류(철),플라스틱(PP)",N,N,"[[사용시 주의사항]]
#1 가스용기를 보관시 직사광선을 피해 40°c 이하 통풍이 잘되는 곳에 보관하고 차량트렁크 등 밀폐된 곳에 장시간 보관 시 직사광선에 의한 온도 상승으로 폭발위험이 있으니 주의하십시오.
#2 화기 근처에서 절대로 용기 교환을 하지 마십시오. 용기에 적합하지 않은 기구에는 절대로 사용하지 마십시오.
#3 용기결합 부위에서 가스가 새는지 확인(냄새, 소리)하고 새면 즉시 분리시킨 후 사용을 중지하십시오.
#4 실내나 텐트에서 사용 시 화재나 환기에 주의하고 열기구나 가연성 물질과는 충분한 거리를 유지하고 사용하십시오.
#5 사용 시 바람막이는 안전거리를 유지하고 용기과열에 주의하십시오.
#6 용기를 덮을 수 있는 밑면이 넓은 용기나 복사열이 많은 기구(프라이팬, 철판, 돌 등)를 사용 할 경우 용기에 열을 받게 되므로 폭발위험이 있습니다.
#7 인체에 뿌리거나 흡입하지 마십시오.
#8 사용 후 빈 용기라도 일반 쓰레기와 구분하고 또는 소각장 불속에 버리면 폭발 위험이 있으니 버리지 마십시오.
#9 본 가스용기는 재충전 시 폭발원인이 되며 법상 처벌받게 됩니다.
#10 습한 곳에 보관 시 부식에 의한 가스누설 원인이 될 수 있습니다.
#11 용기에 충격을 주지 말고 외관이 변형된 것을 사용하지 마십시오.


[[경고]]
# 이 제품은 흡입시 심신장애등 심각한 피해를 가져옵니다. 
# 이 제품을 흡입한 사람은 관계법령에 따라 처벌을 받으며, 특히 19세 미만의 청소년에게 판매한 경우에는 3년이하의 징역 3천만원 이하의 벌금형에 처해집니다.


[[경고]]
#1 이 용기는 나사식기구에 사용하는 가스용기입니다. 적합하지 않은 기구에 절대 사용하지 마십시오
#2 용기는 흔들어서 소리가 나지 않을 때까지 완전히 사용하고 나서 반드시 화기가 없는 실외에서 구멍을 뚫어 재활용품으로 분리수거 하십시오.
#3 용기를 떨어뜨릴 경우 노즐부가 변형되거나 가스가 새는 위험이 있으니 확인 후 사용하십시오


[[주의사항]]
#1 이 용기는 가스안전공사의 검사가 합격된 기구에만 사용 가능합니다.
#2 가스는 상온에서의 사용이 정상이며 겨울철 등 저온에서는 다소 화력이 떨어질 수 있으니 참고 하십시오.
#3 유・소아의 손이 닿지 않는 곳에 보관하십시오.

[[기타 주의사항]]
# 충격주의
# 재충전 사용금지
# 가연성액화부탄가스
# 가연성 (화기주의)",,080-417-9810 (용기제조자),"# LIQUEFIED PETROLEUM GAS
# HIGH PERFORMANCE
# CAMPING GAS CARTRIDGE BRAND","# 권장사용기한: 3년
# 무심코 버린 용기 폭발사고 자연오염, 구멍 뚫어 가져오면 자원되어 경제발전
# 가스사고배상책임보험가입
# ""매월 4일은 가스시설안전점검의 날""
# 집집마다 소화기를 비치합시다.",,2019-09-24 14:33:54,2020-04-07 09:24:15,https://firebasestorage.googleapis.com/v0/b/steady-copilot-206205.appspot.com/o/goods%2F8f5899a2-760b-449a-b296-bf9b05fe0e5e%2F8f5899a2-760b-449a-b296-bf9b05fe0e5e_front_angle_1000.jpg?alt=media&token=d11685c8-5348-4c87-975f-ed783083b1b1,https://firebasestorage.googleapis.com/v0/b/steady-copilot-206205.appspot.com/o/goods%2F8f5899a2-760b-449a-b296-bf9b05fe0e5e%2F8f5899a2-760b-449a-b296-bf9b05fe0e5e_front_angle_1000.png?alt=media&token=2cf0cf36-9012-45d5-8555-03ef2b648aec,https://firebasestorage.googleapis.com/v0/b/steady-copilot-206205.appspot.com/o/goods%2F8f5899a2-760b-449a-b296-bf9b05fe0e5e%2F8f5899a2-760b-449a-b296-bf9b05fe0e5e_front_angle_250.jpg?alt=media&token=ab55bc4b-9f61-4279-be71-0c9ddd5251a3,https://firebasestorage.googleapis.com/v0/b/steady-copilot-206205.appspot.com/o/goods%2F8f5899a2-760b-449a-b296-bf9b05fe0e5e%2F8f5899a2-760b-449a-b296-bf9b05fe0e5e_front_angle_250.png?alt=media&token=31697f50-031a-4cf3-90a1-c582a151b98b,,,,,,,,,,,,,,,,,,,,,,,,,,,,,,,,,,,,,,,,,,,,,,,,,,,,,,,,,,,,,,,,,,,,,,,,,,,,,,,,,,,,,,,,,,,,,,,,,,,,,,,,,,,,,,,,,,,,,,,,,,,,,,,,,,,,,,,,,,,,,,,,,,,,,,,,,,,,,,,,,,,,,,,,,,,,,,,,,,,,,,,,,,,,,,,,,,,,,,,,,,,,,,,,,,,,,,,,,,,,,,,,,,,,,,,,,,,,,,,,,,,,,,,,,,,,,,,,,,,,,,,,,,,,,,,,,,,,,,,,,,,,,,,,,,,,,,,,,,,,,,,,,,,,,,,,,,,,,,,,,,,,,,,,,,,,,,,,,,,,,,,,,,,,,,,,,,,,,,,,,,,,,,,,,,,,,,,,,,,,,,,,,,,,,,,,,,,,,,,,,,,,,,,,,,,,,,,,,,,,,,,,,,"# 충전가스명 : LPG
# 충전량 : 230g
# V : 520ml
# W : 140g
# 자체검사필 2018.10",,"# 용기의 결합방법 : 버너기구를 용기의 노즐에 맞춘 후 시계방향으로 돌려 완전히 조립하십시오.
# 용기의 분리방법 : 버너기구가 완전히 소화되어 식은 후 주위에 화기가 없는 장소에서 시계반대방향으로 돌려 분리하여 주십시오.",Y,,,,,www.sungroup.kr,,,,,,,,,,,,,,,,,,,
8809071465457,10260401,전문스포츠/레저>캠핑>캠핑조리/취사용품>바비큐용품,꺼꾸로타 숯 760g (380g x 2ea),꺼꾸로타숯,,,,,,"구분=제조/생산|:|이름=(주)화성연료|:|주소=경상북도 칠곡군 지천면 지천로 433
구분=공급|:|이름=(주)코텍스|:|주소=부산시 사상구 대동로 285",국내제품,제조국=대한민국(국산),(주)화성연료,꺼꾸로타,단일,무게=760g (±30g),380g x 2ea,1.0,760.0,690.0,38.0,4.3,14.8,,봉지형,포장재질 :: 폴리프로필렌(포장내면),비닐류(OTHER),N,N,"[[주의사항]]
# 점화시에는 안면과 약50cm의 거리를 두고 불을 붙이십시오.
# 가까이 점화시에는 화상의 우려가 있으니 주의하십시요.
# 돌이나 시멘트 바닥에 놓고 절대로 점화하지 마십시요.",,"054-972-2467 ((주)화성연료), 051-866-5211 ((주)코텍스)",# 야외용ㆍ가정용,"# 혹시 삶이 많이 힘드세요? 삶의 희망이 보이지 않을 때 고민하지말고 도움을 받으세요. 당신은 혼자가 아닙니다.
_ 24시간 자살예방 상담전화 
__ 자살예방상담전화 1393
__ 정신건강상담전화 1577-0199
_ 자살예방을 위해 (주)코텍스가 함께합니다.
# 숯가루 성형탄 규격ㆍ품질
_ 종류 : 숯가루 성형탄
_ 품질
__ 고위발령량 : 4,200 kcal/kg 이상
__ 함수율(습량) : 10% 이하
__ 첨가물 : 밀가루10.0%, 질산바륨30.0%이하, 질산나트륨10.0%",,2023-06-29 10:57:17,2023-07-14 07:00:06,https://firebasestorage.googleapis.com/v0/b/steady-copilot-206205.appspot.com/o/goods%2F090510aa-b50e-4f84-d78e-5d2d2bc3da57%2F090510aa-b50e-4f84-d78e-5d2d2bc3da57_front_angle_1000.jpg?alt=media&token=23efd2e2-5c65-4bda-912b-9913510d5f5e,https://firebasestorage.googleapis.com/v0/b/steady-copilot-206205.appspot.com/o/goods%2F090510aa-b50e-4f84-d78e-5d2d2bc3da57%2F090510aa-b50e-4f84-d78e-5d2d2bc3da57_front_angle_1000.png?alt=media&token=429d105c-a3e5-4039-9cfa-af0f86cd50c0,https://firebasestorage.googleapis.com/v0/b/steady-copilot-206205.appspot.com/o/goods%2F090510aa-b50e-4f84-d78e-5d2d2bc3da57%2F090510aa-b50e-4f84-d78e-5d2d2bc3da57_front_angle_250.jpg?alt=media&token=48baece0-7bb5-4f2d-9f2b-61a20f162f00,https://firebasestorage.googleapis.com/v0/b/steady-copilot-206205.appspot.com/o/goods%2F090510aa-b50e-4f84-d78e-5d2d2bc3da57%2F090510aa-b50e-4f84-d78e-5d2d2bc3da57_front_angle_250.png?alt=media&token=4334346f-2722-46c9-ac96-c16bdccd618a,,,,,,,,,,,,,,,,,,,,,,,,,,,,,,,,,,,,,,,,,,,,,,,,,,,,,,,,,,,,,,,,,,,,,,,,,,,,,,,,,,,,,,,,,,,,,,,,,,,,,,,,,,,,,,,,,,,,,,,,,,,,,,,,,,,,,,,,,,,,,,,,,,,,,,,,,,,,,,,,,,,,,,,,,,,,,,,,,,,,,,,,,,,,,,,,,,,,,,,,,,,,,,,,,,,,,,,,,,,,,,,,,,,,,,,,,,,,,,,,,,,,,,,,,,,,,,,,,,,,,,,,,,,,,,,,,,,,,,,,,,,,,,,,,,,,,,,,,,,,,,,,,,,,,,,,,,,,,,,,,,,,,,,,,,,,,,,,,,,,,,,,,,,,,,,,,,,,,,,,,,,,,,,,,,,,,,,,,,,,,,,,,,,,,,,,,,,,,,,,,,,,,,,,,,,,,,,,,,,,,,,,,,,,"[[안전사용법]]
#1 일산화탄소 등의 가스 중독 우려가 있기 때문에 배기 잘 되는 곳에서 사용할 것. 
#2 구이용으로 사용 시 전체가 완전히 불이 붙고 최소 5분 후에 사용할 것.
[[사용방법]]
#1 숯을 가운데 선이 있는 곳을 위로향하게 하여 용기에 넣습니다. 
#2 성냥 또는 라이터로 한가운데 부분에 불을 대면 3~5초 이내에 점화가 됩니다. 
#3 1분 정도 있으면 불꽃이 작아지면서 자리를 잡게 됩니다. 
#4 이때 구이나 취사를 하시면 됩니다.",,,,,,,,,,,,,,,,,,,"# 꺼꾸로타는 고기를 구으면 맛이 연하고 부드러운며 훈제의 참 맛을 즐길 수 있습니다.
# 성냥 하나로 불을 쉽게 붙일 수 있도록 특수 제조 되었으며 오래도록 불이 지속됩니다.","# 숯불구이용(육류, 생선구이)
# 낚시, 등산등의 레저용 연료
# 비상연료(야외용)
# 불쏘시개용(연탄, 기타)
# 난방용 연료(벽난로)",,,,,
8809669420134,10260401,전문스포츠/레저>캠핑>캠핑조리/취사용품>바비큐용품,참 옛날 숯 700g,참 옛날 숯,Traditional Charcoal,,,,,"구분=판매|:|이름=빌 트레이딩|:|주소=부산광역시 금정구 청룡예전로 48
구분=수입|:|이름=주식회사 위시|:|주소=부산광역시 강서구 생곡산단2로26",국내제품,원산지=베트남,빌 트레이딩,,단일,(용량)=700g,,1.0,700.0,710.0,21.5,6.0,30.5,,봉지형,,비닐류(OTHER),N,N,"[[보관시 주의사항]]
# 개봉한 제품은 밀봉하여 보관하십시오. (습기주의)
# 화기가 있는 곳을 피하여 보관하여 주십시오.
# 돌이나 벽돌, 시멘트 바닥에서 절대로 사용하지 마십시요.
# 열에 의한 팽창으로 파편이 튀어 화재 또는 화상 등의 사고가 발생할 수 있으니 반드시 안전한 용기(그릴)을 사용하십시오.
# 실내, 텐트, 차안 등 밀폐된 공간에서 절대로 사용하지 마십시오.
# 버릴 때는 불씨가 남았는지, 재가 완전히 식었는지 확인하십시오.
# 화기나 습기를 피하여 시원하고 통풍이 잘되는 건조한 장소에 보관하십시오.",본사 및 구입처,070-7763-5120 (빌 트레이딩),"# 그 옛날부터 단단하고 오래 타고 연기 없던
# 야유회, 등산, 낚시, 캠핑 등에서 사용하시면 좋습니다","# 목탄의 종류 : 흑탄
# 품질
_ 함수량(습량) : 10%이하
_ 회분 : 5.5%이하
_ 고위 발열량 
__ 등급 : 3등급
__ 열량 : 6,200~7,000kcal/kg
# 사람은 자연보호 자연은 사람 보호.",,2023-07-04 10:21:10,2023-07-19 07:00:07,https://firebasestorage.googleapis.com/v0/b/steady-copilot-206205.appspot.com/o/goods%2F5fb2fd8f-e1f3-43d4-f961-360780cbed27%2F5fb2fd8f-e1f3-43d4-f961-360780cbed27_front_angle_1000.jpg?alt=media&token=8184f52f-3a3c-470d-82d5-932cb28a933b,https://firebasestorage.googleapis.com/v0/b/steady-copilot-206205.appspot.com/o/goods%2F5fb2fd8f-e1f3-43d4-f961-360780cbed27%2F5fb2fd8f-e1f3-43d4-f961-360780cbed27_front_angle_1000.png?alt=media&token=cc1b18d8-2d44-4049-aeed-f66146255d93,https://firebasestorage.googleapis.com/v0/b/steady-copilot-206205.appspot.com/o/goods%2F5fb2fd8f-e1f3-43d4-f961-360780cbed27%2F5fb2fd8f-e1f3-43d4-f961-360780cbed27_front_angle_250.jpg?alt=media&token=707a2abb-c4fc-43cd-a8d9-60cde2323809,https://firebasestorage.googleapis.com/v0/b/steady-copilot-206205.appspot.com/o/goods%2F5fb2fd8f-e1f3-43d4-f961-360780cbed27%2F5fb2fd8f-e1f3-43d4-f961-360780cbed27_front_angle_250.png?alt=media&token=221ce62a-2b1b-41b5-8130-42666a5d7377,,,,,,,,,,,,,,,,,,,,,,,,,,,,,,,,,,,,,,,,,,,,,,,,,,,,,,,,,,,,,,,,,,,,,,,,,,,,,,,,,,,,,,,,,,,,,,,,,,,,,,,,,,,,,,,,,,,,,,,,,,,,,,,,,,,,,,,,,,,,,,,,,,,,,,,,,,,,,,,,,,,,,,,,,,,,,,,,,,,,,,,,,,,,,,,,,,,,,,,,,,,,,,,,,,,,,,,,,,,,,,,,,,,,,,,,,,,,,,,,,,,,,,,,,,,,,,,,,,,,,,,,,,,,,,,,,,,,,,,,,,,,,,,,,,,,,,,,,,,,,,,,,,,,,,,,,,,,,,,,,,,,,,,,,,,,,,,,,,,,,,,,,,,,,,,,,,,,,,,,,,,,,,,,,,,,,,,,,,,,,,,,,,,,,,,,,,,,,,,,,,,,,,,,,,,,,,,,,,,,,,,,,,,,"[[사용방법]]
# 화로의 개폐구를 이용하여 연소시간을 조절하십시오.",,,,원료 :: 활엽수재,,,,,,,,,,,,,,,,,,,,,
8809669420097,10260401,전문스포츠/레저>캠핑>캠핑조리/취사용품>바비큐용품,참 옛날 숯 1kg,참 옛날 숯,Traditional Charcoal,,,,,"구분=판매|:|이름=빌 트레이딩|:|주소=부산광역시 금정구 청룡예전로 48
구분=수입|:|이름=주식회사 위시|:|주소=부산광역시 강서구 생곡산단2로26",수입제품,원산지=베트남,빌 트레이딩,,단일,(용량)=1kg,,1.0,1000.0,1070.0,25.6,10.0,31.5,,봉지형,,비닐류(OTHER),N,N,"[[보관시 주의사항]]
# 개봉한 제품은 밀봉하여 보관하십시오. (습기주의)
# 화기가 있는 곳을 피하여 보관하여 주십시오.
# 돌이나 벽돌, 시멘트 바닥에서 절대로 사용하지 마십시요.
# 열에 의한 팽창으로 파편이 튀어 화재 또는 화상 등의 사고가 발생할 수 있으니 반드시 안전한 용기(그릴)을 사용하십시오.
# 실내, 텐트, 차안 등 밀폐된 공간에서 절대로 사용하지 마십시오.
# 버릴 때는 불씨가 남았는지, 재가 완전히 식었는지 확인하십시오.
# 화기나 습기를 피하여 시원하고 통풍이 잘되는 건조한 장소에 보관하십시오.",본사 및 구입처,070-7763-5120 (빌 트레이딩),"# 그 옛날부터 단단하고 오래 타고 연기 없던
# 야유회, 등산, 낚시, 캠핑 등에서 사용하시면 좋습니다","# 목탄의 종류 : 흑탄
# 품질
_ 함수량(습량) : 10%이하
_ 회분 : 5.5%이하
_ 고위 발열량 
__ 등급 : 3등급
__ 열량 : 6,200~7,000kcal/kg
# 사람은 자연보호 자연은 사람 보호.",,2023-07-04 10:27:51,2023-07-19 07:00:07,https://firebasestorage.googleapis.com/v0/b/steady-copilot-206205.appspot.com/o/goods%2F8c8a40c6-ec3e-4d4c-c1f3-3299e713b242%2F8c8a40c6-ec3e-4d4c-c1f3-3299e713b242_front_angle_1000.jpg?alt=media&token=3a421223-aa7a-476d-b5dd-1d9a7cd015b6,https://firebasestorage.googleapis.com/v0/b/steady-copilot-206205.appspot.com/o/goods%2F8c8a40c6-ec3e-4d4c-c1f3-3299e713b242%2F8c8a40c6-ec3e-4d4c-c1f3-3299e713b242_front_angle_1000.png?alt=media&token=626ff856-b06b-4699-bee4-13d064231b0e,https://firebasestorage.googleapis.com/v0/b/steady-copilot-206205.appspot.com/o/goods%2F8c8a40c6-ec3e-4d4c-c1f3-3299e713b242%2F8c8a40c6-ec3e-4d4c-c1f3-3299e713b242_front_angle_250.jpg?alt=media&token=85b52295-fd27-4c4f-98b8-70d21d9a67dc,https://firebasestorage.googleapis.com/v0/b/steady-copilot-206205.appspot.com/o/goods%2F8c8a40c6-ec3e-4d4c-c1f3-3299e713b242%2F8c8a40c6-ec3e-4d4c-c1f3-3299e713b242_front_angle_250.png?alt=media&token=e45484a6-c94a-4a15-9880-c5a27083f3fb,,,,,,,,,,,,,,,,,,,,,,,,,,,,,,,,,,,,,,,,,,,,,,,,,,,,,,,,,,,,,,,,,,,,,,,,,,,,,,,,,,,,,,,,,,,,,,,,,,,,,,,,,,,,,,,,,,,,,,,,,,,,,,,,,,,,,,,,,,,,,,,,,,,,,,,,,,,,,,,,,,,,,,,,,,,,,,,,,,,,,,,,,,,,,,,,,,,,,,,,,,,,,,,,,,,,,,,,,,,,,,,,,,,,,,,,,,,,,,,,,,,,,,,,,,,,,,,,,,,,,,,,,,,,,,,,,,,,,,,,,,,,,,,,,,,,,,,,,,,,,,,,,,,,,,,,,,,,,,,,,,,,,,,,,,,,,,,,,,,,,,,,,,,,,,,,,,,,,,,,,,,,,,,,,,,,,,,,,,,,,,,,,,,,,,,,,,,,,,,,,,,,,,,,,,,,,,,,,,,,,,,,,,,,"[[사용방법]]
# 화로의 개폐구를 이용하여 연소시간을 조절하십시오.",,,,원료 :: 활엽수재,,,,,,,,,,,,,,,,,,,,,
8809406732476,10140301,전문스포츠/레저>수영>수영용품>수경/수영모,아라칸 유브이 슈퍼 안티-포그,아라칸 유브이 슈퍼 안티-포그,ARakhan UV. SUPER ANTI-FOG,,,MI-3500,AK-17Q501,"구분=제조/생산|:|이름=MEBON INTERNATIONAL INDUSTRIAL LIMITED|:|주소=
구분=수입|:|이름=위니코니(주)|:|주소=부산광역시 기장군 정관면 산단7로 99-48",수입제품,원산지=중국,,아라칸|:|ARakhan,단일,용량=,,1.0,,,,,,,기타유형,,플라스틱(PS),N,N,"경고! 입에 넣에 넣으면 프탈레이트계 가소제가 용출될 수 있으니, 입에 넣지 말것.",,051-508-8225,,,,2018-12-20 12:15:48,2020-10-15 15:22:31,https://firebasestorage.googleapis.com/v0/b/steady-copilot-206205.appspot.com/o/goods%2F84743d13-ec12-4771-865a-0fab152245f4%2F84743d13-ec12-4771-865a-0fab152245f4_front_angle_1000.jpg?alt=media&token=37532948-d493-453d-87a4-044f90b78db0,https://firebasestorage.googleapis.com/v0/b/steady-copilot-206205.appspot.com/o/goods%2F84743d13-ec12-4771-865a-0fab152245f4%2F84743d13-ec12-4771-865a-0fab152245f4_front_angle_1000.png?alt=media&token=92a656a5-73c4-4edd-8f85-a8777ee0371e,https://firebasestorage.googleapis.com/v0/b/steady-copilot-206205.appspot.com/o/goods%2F84743d13-ec12-4771-865a-0fab152245f4%2F84743d13-ec12-4771-865a-0fab152245f4_front_angle_250.jpg?alt=media&token=d42bf0e5-691e-45d5-b687-e29f3eacd681,https://firebasestorage.googleapis.com/v0/b/steady-copilot-206205.appspot.com/o/goods%2F84743d13-ec12-4771-865a-0fab152245f4%2F84743d13-ec12-4771-865a-0fab152245f4_front_angle_250.png?alt=media&token=71459ceb-90a4-46f8-a907-d592e43da6e9,,,,,,,,,,,,,,,,,,,,,,,,,,,,,,,,,,,,,,,,,,,,,,,,,,,,,,,,,,,,,,,,,,,,,,,,,,,,,,,,,,,,,,,,,,,,,,,,,,,,,,,,,,,,,,,,,,,,,,,,,,,,,,,,,,,,,,,,,,,,,,,,,,,,,,,,,,,,,,,,,,,,,,,,,,,,,,,,,,,,,,,,,,,,,,,,,,,,,,,,,,,,,,,,,,,,,,,,,,,,,,,,,,,,,,,,,,,,,,,,,,,,,,,,,,블랙,,,,,,,,,,,,,,,,,,,,,,,,,폴리카보네이트,,,,,,,,,,,,,,,,,,,,,,,,,,,,,김서림방지,수경,,,,,,,,,,,,,,,,,,,,,,,,,,,,,,,,,,,,,,,,,,,,,,,,,,,,,,,,,,,,,,,,,,,,,,,,,,,,,,,,,,,,,,,,,,,,,,,,,,,,,,,,,,,,,,,,,,,,,,,,,,,,,만3세이상,,"재질 :: 폴리카보네이트, 실리콘 등",,,,,,,,,,김서림방지형(ANTI-FOG),,,,,,,,,,,
8801901021857,10260208,전문스포츠/레저>캠핑>캠핑용품>휴대용가스레인지/부탄가스,맥스 미니가스렌지 MS-8000 1000g,맥스 미니가스렌지 MS-8000,,,,MS-8000,,구분=업소/업자|:|이름=maxsun|:|주소=서울시 강남구 역삼로 221 여성경제인협회 빌딩 2층,국내제품,원산지=대한민국(국산),maxsun,,단일,용량=1000g,,1.0,1000.0,1000.0,,,,,육면체형,,,N,N,,소비자상담실,1566-2828,,,,2018-12-20 14:14:01,2018-12-20 14:14:01,https://firebasestorage.googleapis.com/v0/b/steady-copilot-206205.appspot.com/o/goods%2Fd97430b1-ed21-487f-8eb8-c34c4b89957b%2Fd97430b1-ed21-487f-8eb8-c34c4b89957b_front_angle_1000.jpg?alt=media&token=d4311bcb-23c6-40b9-9889-70b8f37f768c,https://firebasestorage.googleapis.com/v0/b/steady-copilot-206205.appspot.com/o/goods%2Fd97430b1-ed21-487f-8eb8-c34c4b89957b%2Fd97430b1-ed21-487f-8eb8-c34c4b89957b_front_angle_1000.png?alt=media&token=2a694edf-8b32-430b-99a3-45a12e7d5be6,https://firebasestorage.googleapis.com/v0/b/steady-copilot-206205.appspot.com/o/goods%2Fd97430b1-ed21-487f-8eb8-c34c4b89957b%2Fd97430b1-ed21-487f-8eb8-c34c4b89957b_front_angle_250.jpg?alt=media&token=f444c13e-1e7c-4bd2-90ca-2bfe8257af8d,https://firebasestorage.googleapis.com/v0/b/steady-copilot-206205.appspot.com/o/goods%2Fd97430b1-ed21-487f-8eb8-c34c4b89957b%2Fd97430b1-ed21-487f-8eb8-c34c4b89957b_front_angle_250.png?alt=media&token=892f3e16-f0b3-45df-9467-28b3b67e3870,,,,,,,,,,,,,,,,,,,,,,,,,,,,,,,,,,,,,,,,,,,,,,,,,,,,,,,,,,,,,,,,,,,,,,,,,,,,,,,,,,,,,,,,,,,,,,,,,,,,,,,,,,,,,,,,,,,,,,,,,,,,,,,,,,,,,,,,,,,,,,,,,,,,,,,,,,,,,,,,,,,,,,,,,,,,,,,,,,,,,,,,,,,,,,,,,,,,,,,,,,,,,,,,,,,,,,,,,,,,,,,,,,,,,,,,,,,,,,,,,,,,,,,,,,,,,,,,,,,,,,,,,,,,,,,,,,,,,,,,,,,,,,,,,,,,,,,,,,,,,,,,,,,,,,,,,,,,,,,,,,,,,,,,,,,,,,,,,,,,,,,,,,,,,,,,,,,,,,,,,,,,,,,,,,,,,,,,,,,,,,,,,,,,,,,,,,,,,,,,,,,,,,,,,,,,,,,,,,,,,,,,,,,,,,,,,,,,,,,,,,,,,,,,,,,,,
8809292640138,10260101,전문스포츠/레저>캠핑>랜턴>손전등,WOOSHIN VELLOF 9구-다용도 LED 랜턴,9구-다용도 LED 랜턴,,,,WS-0138,,구분=수입제조|:|이름=(주)우신벨로프|:|주소=,수입제품,제조국=중국,(주)우신벨로프,WOOSHIN VELLOF|:|WOOSHIN,단일,(규격)=73mm x 160mm x 86mm,,1.0,,169.0,17.2,8.2,8.1,,육면체형,,종이,N,N,"[[NOTICE]]
# 어린이들의 사용을 자제바라며, 눈에 직접 비추지 마십시오.
# 충격을 주거나 침수에 주의하십시오.
# 임의로 분리및 개조를 할 경우, 사후지원을 받을 수 없습니다.
# 사용후 건전지는 제품과 분리, 보관하십시오.",,,"# LED POWER WHITE BEAM
# 9구 다용도 미니 랜턴
# 9개의 WHITE POWER LED 랜턴!!
# 캠핑, 낚시, 차량용, 일상생활등 다용도 LED 랜턴!!
# CAMPING
# ONE TOUCH
_ EASY
# WATER FREE
_ PROOFING
# AA BATTERY
# 9 LED LIGHT
# FISHING LIGHT
# 먼거리까지 빛이 도달하는 강력한 밝기의 랜턴!!
#1 AA 배터리 4EA 사용
#2 슬림한 디자인과 가벼움을 줍니다
#3 등산, 낚시, 레저, 캠핑등 여러가지 용도에 맞게 사용
#4 이음새에 고무패킹처리로 생활방수 기능
#5 ONE TOUCH ON/OFF 전원 스위치
# AA배터리 4개 사용으로 슬림한 디자인과 가벼움을 줍니다.","# SAMSUNG 삼성화재
_ 삼성화재 책임보험가입제품
# 9 LED LANTERN FUNCTION
_ 장시간 사용해도 편리하고 여유있는 손잡이의 바로앞 점등, 소등이 가능한 퀵 스위치가 장착됨.
_ 일반랜턴보다 더 밝은 9개의 파워 LED로 구성되어 주변부는 밝고, 중앙부는 멀리 빛이 나가도록 구성되어짐.
_ 텐트, 벽에 걸어서 사용 가능한 다용도 클립이 장착되어 다양한 곳에 사용이 가능함.
# 배터리는 포함되어 있지 않습니다.",,2018-12-20 14:32:48,2024-04-24 17:42:15,https://firebasestorage.googleapis.com/v0/b/steady-copilot-206205.appspot.com/o/goods%2F87e42caf-19bd-4580-90a7-6c20700db99a%2F87e42caf-19bd-4580-90a7-6c20700db99a_front_angle_1000.jpg?alt=media&token=d68ebe72-05fe-483e-bb19-aca3888339c0,https://firebasestorage.googleapis.com/v0/b/steady-copilot-206205.appspot.com/o/goods%2F87e42caf-19bd-4580-90a7-6c20700db99a%2F87e42caf-19bd-4580-90a7-6c20700db99a_front_angle_1000.png?alt=media&token=6b780c8a-66fb-4d29-a004-71b3080a04e4,https://firebasestorage.googleapis.com/v0/b/steady-copilot-206205.appspot.com/o/goods%2F87e42caf-19bd-4580-90a7-6c20700db99a%2F87e42caf-19bd-4580-90a7-6c20700db99a_front_angle_250.jpg?alt=media&token=d86d07c4-6dbe-48fa-b493-a347bb114976,https://firebasestorage.googleapis.com/v0/b/steady-copilot-206205.appspot.com/o/goods%2F87e42caf-19bd-4580-90a7-6c20700db99a%2F87e42caf-19bd-4580-90a7-6c20700db99a_front_angle_250.png?alt=media&token=a995250a-df7d-40b3-a122-1d3a75fb870a,,,,,,,,,,,,,,,,,,,,,,,,,,,,,,,,,,,,,,,,,,,,,,,,,,,,,,,,,,,,,,,,,,,,,,,,,,,,,,,,,,,,,,,,,,,,,,,,,,,,,,,,,,,,,,,,,,,,,,,,,,,,,,,,,,,,,,,,,,,,,,,,,,,,,,,,,,,,,,,,,,,,,,,,,,,,,,,,,,,,,,,,,,,,,,,,,,,,,,,,,,,,,,,,,,,,,,,,,,,,,,,,,,,,,,,,,,,,,,,,,,,,,,,,,,,,LED전구;생활방수;클립;밝기조절;원터치점화,AA,배터리,손전등,,,,,,,,,,,,,,,,,,,,,,,,,,,,,,,,,,,,,,,,,,,,,,,,,,,,,,,,,,,,,,,,,,,,,,,,,,,,,,,,,,,,,,,,,,,,,,,,,,,,,,,,,,,,,,,,,,,,,,,,,,,,,,,,,,,,,,,,,,,,,,,,,,,,,,,,,,,,,,,,,,,,,,,,,,,,MSIP-REI-wsv-WS-S400,"[[기타 사용방법]]
# QUICK SWITCH
_ 손잡이 바로 앞 퀵스위치로 빠른 점등과 소등이 가능함.
# WHITE POWER LED
_ 9개의 파워 LED 전구.
# MULTI CLIP
_ 다용도 클립이 장착되어 다양한 곳에 끼우거나 벽걸이 용도로 가능.",Y,,,,,,,,,,,,,,,,,,,,,,,,
8802214700033,10260499,전문스포츠/레저>캠핑>캠핑조리/취사용품>기타 캠핑조리/취사용품,닥터하우스 가스점화기 GL702 연두,불키,BOOLKEY,,,GL 700 (상세모델명: GL 702 연두),,"구분=제조/생산|:|이름=XINHAI|:|주소=
구분=수입|:|이름=오제이씨(주)|:|주소=경기도 안산시 단원구 능길로 97(신길동)",수입제품,원산지=중국,오제이씨(주),닥터하우스|:|Dr.HOWS,단일,용량=,,,,55.0,7.2,25.0,3.0,,기타유형,,종이,N,N,"[[사용상 주의사항]]
#1 어린이들의 손에 닿지 않게 보관하십시오.
#2 가연성 가스가 들어있으므로 얼굴 가까이에서 사용하면 화상을 입게 됩니다.
#3 가연성 가스가 들어있으므로 불에 타기 쉬운 물건 가까이에서 사용하면 화재가 발생할 수 있으므로 주의하십시오.
#4 가연성 연료가 들어 있습니다.
#5 충전한 것은 가연성 연료입니다.
#6 50℃이상 또는 장시간의 일광에 노출시 폭발하므로 보관에 주의하십시오.
#7 구멍을 뚫거나 불속에 던지면 폭발하여 위험을 초래할 수 있으므로 주의하십시오.
#8 자동차 실내에 절대 보관 금지(65℃ 이하에서 안전보증)
#9 19세 미만 청소년 판매금지

[[기타 주의사항]]
# 화재주의
# 고온주의
# 어린이 사용금지",,080-495-1481 (수입자),"# Barbecue
# Stove
# Lamp
# Candle","# CR 검사합격
# 스토브 촛불 가스버너 바베큐 모기향 쑥뜸 그 외의 점화시 사용합니다.
# 삼성화재해상보험 생산물배상 책임보험 가입",,2019-09-30 15:59:43,2020-05-28 17:27:01,https://firebasestorage.googleapis.com/v0/b/steady-copilot-206205.appspot.com/o/goods%2Facb3b4a2-6554-4e87-a1ab-81a6e9f46f05%2Facb3b4a2-6554-4e87-a1ab-81a6e9f46f05_front_angle_1000.jpg?alt=media&token=65ef34f7-2b9e-425b-a8f8-1813ebfdeb92,https://firebasestorage.googleapis.com/v0/b/steady-copilot-206205.appspot.com/o/goods%2Facb3b4a2-6554-4e87-a1ab-81a6e9f46f05%2Facb3b4a2-6554-4e87-a1ab-81a6e9f46f05_front_angle_1000.png?alt=media&token=38786e48-52dd-458a-bab0-d35c9e8ccf6b,https://firebasestorage.googleapis.com/v0/b/steady-copilot-206205.appspot.com/o/goods%2Facb3b4a2-6554-4e87-a1ab-81a6e9f46f05%2Facb3b4a2-6554-4e87-a1ab-81a6e9f46f05_front_angle_250.jpg?alt=media&token=39cf7e4b-43c6-4166-8ee9-7018082a1820,https://firebasestorage.googleapis.com/v0/b/steady-copilot-206205.appspot.com/o/goods%2Facb3b4a2-6554-4e87-a1ab-81a6e9f46f05%2Facb3b4a2-6554-4e87-a1ab-81a6e9f46f05_front_angle_250.png?alt=media&token=9f6f527b-6fce-4321-8627-347619ddc7e5,,,,,,,,,,,,,,,,,,,,,,,,,,,,,,,,,,,,,,,,,,,,,,,,,,,,,,,,,,,,,,,,,,,,,,,,,,,,,,,,,,,,,,,,,,,,,,,,,,,,,,,,,,,,,,,,,,,,,,,,,,,,,,,,,,,,,,,,,,,,,,,,,,,,,,,,,,,,,,,,,,,,,,,,,,,,,,,,,,,,,,,,,,,,,,,,,,,,,,,,,,,,,,,,,,,,,,,,,,,,,,,,,,,,,,,,,,,,,,,,,,,,,,,,,,,,,,,,,,,,,,,,,,,,,,,,,,,,,,,,,,,,,,,,,,,,,,,,,,,,,,,,,,,,,,,,,,,,,,,,,,,,,,,,,,,,,,,,,,,,,,,,,,,,,,,,,,,,,,,,,,,,,,,,,,,,,,,,,,,,,,,,,,,,,,,,,,,,,,,,,,,,,,,,,,,,,,,,,,,,,,,,,,,,"[[사용방법]]
# 잠금장치 해제를 확인하시고 원하는 착화위치를 향하여 천천히 착화버튼을 누르십시오.
# 불꽃길이 조절은 불꽃조절 레버를 + 방향으로 밀면 커지고 - 방향으로 밀면 작아집니다.
# 사용가스는 일반라이터용 부탄가스를 사용하십시오. 가스주입시는 주입구를 수직 위쪽으로 세워서 주입하시고 가스가 잘 주입되지 않을 때에는 주입구를 2~3회 눌러 공기를 뺀 다음 재주입하되 무리한 힘을 가하지 마시고 주입하십시오.
# 주입 후 반드시 1~2분 후에 점화하십시오.
# 처음 사용시 가스가 주입되어 있으지 주의하여 주십시오.
# 이 가스점화기는 어린이가 간단하게 조작할 수 없도록 착화 레버를 무겁게 한 CR 가스점화기 입니다.",,,,,,,,,,,,,,,,,,,,,,,,,
8801901022199,10260208,전문스포츠/레저>캠핑>캠핑용품>휴대용가스레인지/부탄가스,맥스 미니 가스레인지 1.0kg,맥스 미니 가스레인지,CAMPING STOVE MINI MS-8000,,,MS-8000,,"구분=제조/생산|:|이름=(주)맥선금속|:|주소=
구분=판매|:|이름=(주)맥선|:|주소=서울 강남구 역삼동 733-24",수입제품,원산지=중국,(주)맥선,맥스,단일,중량=1.0kg|:|규격=가로245 x 너비204 x 높이100mm,,1.0,1000.0,1447.0,26.5,10.8,24.3,,기타유형,,,N,N,"[[사용 상 주의사항]]
# 사용시 제품 하부에 단열재를 깔아주세요.
# 안전한 사용을 위해 사용 전에 반드시 사용 설명서를 참조 하세요.
# 2대이상 나란히 붙여서 사용 하지 마세요.
# 특히 용기가 장착부 덮개위를 점유하는 과대한 구이용 철판, 용기 등을 사용하지 마세요. 가스 캔이 과열되어 폭발할 위험이 있습니다.
# 과대불판사용금지
# 검사품 용기를 사용할 것.
# 알루미늄 호일을 덮은 석쇠, 등은 절대로 사용하지 마세요.
# 난로 등 화기 옆에서 사용 하지 마세요.
# 사용 중 압력 감지식 안전 장치가 작동해 용기 장착 레버가 이탈되었을 때 강제로 레버를 움직여 가스용기를 장착 시키지 마시고 가스용기를 분리해 충분히 식히거나 새 용기로 교환해 주세요. 강제 장착하면 용기가 폭발할 수 있습니다.
# 사용 후 필히 가스 용기를 분리 보관 하세요.
# 용기의 접속방법이 변경되는 부품 (어댑터 등)을 사용하지 말 것.

[[기타 주의사항]]
# 사용전,후 점검 및 화상 주의",,,"# 휴대가 간편한 고급 플라스틱 가방
# 2중 과압방지 안전장치
# 간편한 용기 탈착 방식
# 부식에 강한 스테인레스 스틸 재질
# 강력한 회오리 이중 불꽃 버너
# 고광택표면처리 버너헤드
# 안전 감암밸브(발명특허)
# 국내초소형 미니렌지
# 국내외 유명 인증 보유
# MINI GAS STOVE","# 사용가스 : 맥스부탄가스
# 열량 : 1.9kW
# 가스 소비량 : 140g/Hr ± 10%
# 좌측 그림과 같이 가스 용기의 홈과 밸브 용기 가이드 부분을 일치시켜 가스용기를 장착 하세요.",,2020-04-29 09:35:31,2023-03-20 10:49:36,https://firebasestorage.googleapis.com/v0/b/steady-copilot-206205.appspot.com/o/goods%2F11a4d1bc-a52d-49df-b813-6cd70ed0e396%2F11a4d1bc-a52d-49df-b813-6cd70ed0e396_front_angle_1000.jpg?alt=media&token=3adec6ae-d9f0-4ce0-8197-0f56d8767613,https://firebasestorage.googleapis.com/v0/b/steady-copilot-206205.appspot.com/o/goods%2F11a4d1bc-a52d-49df-b813-6cd70ed0e396%2F11a4d1bc-a52d-49df-b813-6cd70ed0e396_front_angle_1000.png?alt=media&token=61738b52-843c-479b-84bb-6bf77b19082a,https://firebasestorage.googleapis.com/v0/b/steady-copilot-206205.appspot.com/o/goods%2F11a4d1bc-a52d-49df-b813-6cd70ed0e396%2F11a4d1bc-a52d-49df-b813-6cd70ed0e396_front_angle_250.jpg?alt=media&token=803d77fd-4e09-4275-b33e-518a7d70ce82,https://firebasestorage.googleapis.com/v0/b/steady-copilot-206205.appspot.com/o/goods%2F11a4d1bc-a52d-49df-b813-6cd70ed0e396%2F11a4d1bc-a52d-49df-b813-6cd70ed0e396_front_angle_250.png?alt=media&token=4791e799-bbb6-4a6f-8c1d-7a4580db95d2,,,,,,,,,,,,,,,,,,,,,,,,,,,,,,,,,,,,,,,,,,,,,,,,,,,,,,,,,,,,,,,,,,,,,,,,,,,,,,,,,,,,,,,,,,,,,,,,,,,,,,,,,,,,,,,,,,,,,,,,,,,,,,,,,,,,,,,,,,,,,,,,,,,,,,,,,,,,,,,,,,,,,,,,,,,,,,,,,,,,,,,,,,,,,,,,,,,,,,,,,,,,,,,,,,,,,,,,,,,,,,,,,,,,,,,,,,,,,,,,,,,,,,,,,,,,,,,,,,,,,,,,,,,,,,,,,,,,,,,,,,,,,,,,,,,,,,,,없음,1구,,,,,,,,,,,,,,,,,,,,,,,,,,,,,,,,,,,,,,,,,,,,,,,,,,,,,,,,,,,,,,,,,,,,,,,,,,,,,,,,,,,,,,,,,,,,,,,,,,,,,,,,,,,,,,,,,,,,,,,,,,,,,,,,,,,,N,,,"주요재질 :: 스테인레스 스틸, 아연도금 강판",,,,,,ISO 9001,,,,,,,,,,,,,,,
8809018699198,10260499,전문스포츠/레저>캠핑>캠핑조리/취사용품>기타 캠핑조리/취사용품,썬터치 하이슈퍼 토치 ST-3000,하이슈퍼 토치 ST-3000,HIGH SUPER TORCH ST-3000,,토치 (ST-3000),,,구분=제조/생산|:|이름=(주)썬터치|:|주소=,국내제품,제조국=대한민국(국산),(주)썬터치,썬터치|:|SUNTOUCH,단일,,,1.0,,110.0,10.5,5.0,25.6,,블리스터팩형,,,N,N,"[[주의사항]]
# 인화물질이 있는 곳에서는 절대 사용하지 마십시오.
# 장시간 사용할 때 화상예방에 주의하여 장갑을 착용합시다.
# 본 제품은 불꽃이 길고 화력이 강하므로 절대 사람을 향해서 점화 사용하면 안됩니다.
# 가스조절 손잡이를 닫고 나서 소화시까지 수 초가 걸리지만 고장이 아닙니다.
# 완전히 소화된 것을 확인하여 주십시오.

[[보관방법]]
# 완전히 소화된 것을 확인하고 안전한 장소에서 보관하여 주십시오.
# 온기가 적은 장소에서 이물질, 먼지가 접착되지 않도록 봉지에 넣어 보관하여 주십시오.",구입처나 본사,041-751-1803,"# 캠핑용
# 비상용
# 생활용
# 산업용
# 사용 범위
_ 통파이프 용접
_ 열처리 및 가열
_ 파이프 휨
_ 페인트 제거
_ 숯불 붙임
_ 세공(금, 은, 유리)","# 각 부위의 명칭
_ 가스조절 손잡이
_ 가스걸이
_ 연결파이프
_ 화구
_ 화구파이프",,2022-04-27 10:04:28,2022-06-23 09:35:34,https://firebasestorage.googleapis.com/v0/b/steady-copilot-206205.appspot.com/o/goods%2F2cdd1540-f51c-4ee7-8399-10ca41f9f20d%2F2cdd1540-f51c-4ee7-8399-10ca41f9f20d_front_angle_1000.jpg?alt=media&token=b9834698-1a10-42f6-909a-397f9e275cd5,https://firebasestorage.googleapis.com/v0/b/steady-copilot-206205.appspot.com/o/goods%2F2cdd1540-f51c-4ee7-8399-10ca41f9f20d%2F2cdd1540-f51c-4ee7-8399-10ca41f9f20d_front_angle_1000.png?alt=media&token=8b2a4187-2619-4623-af75-2bf66cd55a2b,https://firebasestorage.googleapis.com/v0/b/steady-copilot-206205.appspot.com/o/goods%2F2cdd1540-f51c-4ee7-8399-10ca41f9f20d%2F2cdd1540-f51c-4ee7-8399-10ca41f9f20d_front_angle_250.jpg?alt=media&token=cd739c53-39d8-4246-8608-5d192da96567,https://firebasestorage.googleapis.com/v0/b/steady-copilot-206205.appspot.com/o/goods%2F2cdd1540-f51c-4ee7-8399-10ca41f9f20d%2F2cdd1540-f51c-4ee7-8399-10ca41f9f20d_front_angle_250.png?alt=media&token=6c35a8c4-96ef-440c-8eff-34f41a00d1d2,,,,,,,,,,,,,,,,,,,,,,,,,,,,,,,,,,,,,,,,,,,,,,,,,,,,,,,,,,,,,,,,,,,,,,,,,,,,,,,,,,,,,,,,,,,,,,,,,,,,,,,,,,,,,,,,,,,,,,,,,,,,,,,,,,,,,,,,,,,,,,,,,,,,,,,,,,,,,,,,,,,,,,,,,,,,,,,,,,,,,,,,,,,,,,,,,,,,,,,,,,,,,,,,,,,,,,,,,,,,,,,,,,,,,,,,,,,,,,,,,,,,,,,,,,,,,,,,,,,,,,,,,,,,,,,,,,,,,,,,,,,,,,,,,,,,,,,,,,,,,,,,,,,,,,,,,,,,,,,,,,,,,,,,,,,,,,,,,,,,,,,,,,,,,,,,,,,,,,,,,,,,,,,,,,,,,,,,,,,,,,,,,,,,,,,,,,,,,,,,,,,,,,,,,,,,,,,,,,,,,,,,,,,,"[[사용방법(가스용기 결합 방법)]]
# 가스조절 손잡이가 OFF방향으로 완전히 잠겨있는지 확인.
# 용기을 ⓐ 밑부분에 걸고 밀착시켜 ON으로 35º회전시켜 결합.

[[사용방법]]
# 납땜을 할 때 인두를 지나치게 달구면 땜이 안되므로 불꽃을 약하게 조절한 후 납이 녹을 정도만 달구어 사용하십시오.
# 동파이프, 황동 파이프, 용접 시 용접부위를 개끗이 닦은 후 용접부위에 후락스, 염산, 붕산 약품을 바르고 용접부위를 충분히 달군 후 용접 봉을 용접부위에 대고 용접하십시오.",N,,,,,,,,,,,,,,,,,,,,,,,,
8802784402801,10239999,전문스포츠/레저>자전거>기타자전거용품>기타자전거용품,kotech 자전거용 번호잠금열쇠 80cm,자전거번호열쇠-지정801,Wire Lock keys,,,,,구분=판매|:|이름=(주)코텍스|:|주소=부산시 사상구 감전동 141-6,수입제품,원산지=중국,(주)코텍스,kotech,단일,"(규격)=두께 약 9mm, 길이 약 80cm",,1.0,,136.0,11.5,14.0,3.0,,기타유형,,,N,N,"[[제품사용시 주의사항 !]]
# 무리한 힘을 가하면 파손의 우려가 있으므로 주의하십시오.
# 제품의 구조를 변경하거나 용도이외에는 사용을 금합니다.",구입처,051-866-5211,# 비밀번호 지정번호 ****,"# KOTECH DIY SERIES
# 비밀번호는 지정되어있습니다.
# K-2801",,2023-03-09 15:30:40,2023-03-23 07:00:07,https://firebasestorage.googleapis.com/v0/b/steady-copilot-206205.appspot.com/o/goods%2Fb1f4e86e-9f88-413c-58d1-b1679da32343%2Fb1f4e86e-9f88-413c-58d1-b1679da32343_front_angle_1000.jpg?alt=media&token=1d7e6938-ae23-4ff1-a004-7acd669e0ce1,https://firebasestorage.googleapis.com/v0/b/steady-copilot-206205.appspot.com/o/goods%2Fb1f4e86e-9f88-413c-58d1-b1679da32343%2Fb1f4e86e-9f88-413c-58d1-b1679da32343_front_angle_1000.png?alt=media&token=9082ef6b-0abe-4844-a19a-4ba18efcfc08,https://firebasestorage.googleapis.com/v0/b/steady-copilot-206205.appspot.com/o/goods%2Fb1f4e86e-9f88-413c-58d1-b1679da32343%2Fb1f4e86e-9f88-413c-58d1-b1679da32343_front_angle_250.jpg?alt=media&token=723e9895-3ff5-4c40-be9f-7194f6412eb6,https://firebasestorage.googleapis.com/v0/b/steady-copilot-206205.appspot.com/o/goods%2Fb1f4e86e-9f88-413c-58d1-b1679da32343%2Fb1f4e86e-9f88-413c-58d1-b1679da32343_front_angle_250.png?alt=media&token=3827f071-c765-4dc3-a0cf-db26d375b61d,,,,,,,,,,,,,,,,,,,,,,,,,,,,,,,,,,,,,,,,,,,,,,,,,,,,,,,,,,,,,,,,,,,,,,,,,,,,,,,,,,,,,,,,,,,,,,,,,,,,,,,,,,,,,,,,,,,,,,,,,,,,,,,,,,,,,,,,,,,,,,,,,,,,,,,,,,,,,,,,,,,,,,,,,,,,,,,,,,,,,,,,,,,,,,,,,,,,,,,,,,,,,,,,,,,,,,,,,,,,,,,,,,,,,,,,,,,,,,,,,,,,,,,,,,그린,,,,,,,,,,,,,,,,,,,,,,,,,,,,,,,,,,,,,,,,,,,,,,,,,,,,,,,,,,,,,,,,,,,,,,,,,,,,,,,,,,,,,,,,,,,,,,,,,,,,,,,,,,,,,,,,,,,,,,,,,,,,,,,,,,,,,,,,,,,,,,,,,,,,,,,,,,,,,,,,,,,,,,,,,,,,,,,,,,,N,,,"재질 :: 아연합금, 강철, P.P, PVC",,,,,,,,,,,,,,,,,,,,,
8809339390552,10269999,전문스포츠/레저>캠핑>기타캠핑용품>기타캠핑용품,그린N클린 캠핑밴드&패치 Free size 밴드2매 패치2매,그린N클린 캠핑밴드&패치,Green Nature Clean Camping band,,그린N클린 캠핑밴드&패치,,,구분=제조/생산|:|이름=GNC|:|주소=인천광역시 남동구 구월2동,국내제품,제조국=대한민국(국산),GNC,그린N클린|:|GNC|:|Green Nature Clean,단일,"사이즈=밴드(240mm x 20mm), 패치(35mm x 20mm)",밴드2매 / 패치6매,1.0,,18.5,11.0,31.0,0.2,,평면형,,비닐류(OTHER),N,N,"[[주의사항]]
# (패치와 밴드는 피부에 직접 붙이지 마세요.)
# 아이들이 입에 넣지 않도록 주의해 주세요.
# (인체에 무해하나 어린아이가 제품을 입으로 빨 수 있으므로 손목이나 발목에 착용해 주세요.)
# 제품 사용시 문제 있을 경우 사용을 중지해 주세요.
# 임산부는 사용을 제한합니다.
# 직사광선을 피해 서늘한 곳에 보관해주세요.
# 인체에 직접 부착하거나, 마스크에 부착하여 사용하지 마세요.

[[기타 주의사항]]
# 나머지 제품 지퍼백 밀봉상태 보관",,032-507-3229,"# 100% 식물성 천연오일
# 굿모닝!! 좋은아침이야
# 나도 한줄만주라 캠핑밴드
# 지속시간 3박 4일
# ""안전인증 등록 제품입니다. 안심하고 기분좋게 사용하세요""
_ 인체에 해가 없는 천연향과 천연원단 및 의료용 점착제를 사용하였습니다.
# 강력한 천연향으로 야외활동시 안심 또 안심!!","# 안전기준시험통과및살균실험결과
_ KCL
_ 한국건설생활환경시험연구원
__ 폼알데하이드 적합
__ 메탄올 적합
__ 글리옥산 적합
__ 아세트알데하이드 적합
__ 함유금지물질 적합
__ 함량제한물질(사용물질) 적합
# 생활환경안전정보시스템
_ 초록누리
__ 검색창 CB21-12-2664
# (개봉후 1년 / 지퍼백밀봉보관시)",,2023-03-10 11:54:04,2023-03-21 07:00:07,https://firebasestorage.googleapis.com/v0/b/steady-copilot-206205.appspot.com/o/goods%2Fad1b575c-ba18-4494-8f9a-081c11015665%2Fad1b575c-ba18-4494-8f9a-081c11015665_front_angle_1000.jpg?alt=media&token=53c41e08-01ce-464d-8cea-e19b05219d68,https://firebasestorage.googleapis.com/v0/b/steady-copilot-206205.appspot.com/o/goods%2Fad1b575c-ba18-4494-8f9a-081c11015665%2Fad1b575c-ba18-4494-8f9a-081c11015665_front_angle_1000.png?alt=media&token=a8c07f5f-5567-4d60-a67a-701c909eeaa9,https://firebasestorage.googleapis.com/v0/b/steady-copilot-206205.appspot.com/o/goods%2Fad1b575c-ba18-4494-8f9a-081c11015665%2Fad1b575c-ba18-4494-8f9a-081c11015665_front_angle_250.jpg?alt=media&token=369cbc9c-d717-480c-8af7-f999af2efeb9,https://firebasestorage.googleapis.com/v0/b/steady-copilot-206205.appspot.com/o/goods%2Fad1b575c-ba18-4494-8f9a-081c11015665%2Fad1b575c-ba18-4494-8f9a-081c11015665_front_angle_250.png?alt=media&token=9e71b7d0-bfd7-464e-860c-dd9798047196,,,,,,,,,,,,,,,,,,,,,,,,,,,,,,,,,,,,,,,,,,,,,,,,,,,,,,,,,,,,,,,,,,,,,,,,,,,,,,,,,,,,,,,,,,,,,,,,,,,,,,,,,,,,,,,,,,,,,,,,,,,,,,,,,,,,,,,,,,,,,,,,,,,,,,,,,,,,,,,,,,,,,,,,,,,,,,,,,,,,,,,,,,,,,,,,,,,,,,,,,,,,,,,,,,,,,,,,,,,,,,,,,,,,,,,,,,,,,,,,,,,,,,,,,,블루;오렌지;그린,,,,,,,,,,,,,,,,,,,,,,,,,,,,,,,,,,,,,,,,,,,,,,,,,,,,,,,,,,,,,,,,,,,,,,,,,,,,,,,,,,,,,,,,,,,,,,,,,,,,,,,,,,,,,,,,,,,,,,,,,,,,,,,,,,,,,,,,,,,,,,,,,,,,,,,,,,,,,,,,,,,,,,,,,,,,,,,,,,"[[사용방법]]
# 지퍼백 개봉 후 피부가 노출되는 가까운 부위인 팔목, 발목 부위에 착용 (길이가 부족할시 패치를 앞 뒤로 붙여서 연결 가능함)
# 옷가지 또는 모자 등 활동시 떨어지지 않는 부위에 패치부착 (텐트, 유모차, 침대, 차안, 외)
# 사용하지 않을 시에는 지퍼백에 넣어 보관하세요.
# 밴드의 점선 뒷면의 종이를 떼어내고 사이즈에 맡게 붙여서 사용하세요.
# 밴드가 작을 경우 패치를 연결하여 길이 연장",N,,,"성분 :: 천연오일(시트로넬라, 유칼립투스, 레몬그라스)",# 밴드&패치 방향제 (의료용점착제),,,,,안전기준확인 마크,,,,,,,,,,,,제 CB21-12-2664호,,,
8809071469004,10239999,전문스포츠/레저>자전거>기타자전거용품>기타자전거용품,Kotech 자전거줄 4m (K-9004),자전거줄 4m,BIKE LINE 4m,,,,,구분=판매|:|이름=(주)코텍스|:|주소=부산광역시 사상구 대동로285,수입제품,원산지=중국,(주)코텍스,Kotech|:|꽃샘,단일,(규격)=약4m,,1.0,,209.0,13.5,30.5,3.5,,기타유형,,,N,N,"[[제품사용시 주의사항!]]
# 화기에 가까이 하지 마십시오.
# 용도 이외의 사용을 금합니다.
# 어린이가 만지지 않도록 주의하십시오.",구입처,051-866-5211,"# KOTECH DIY SERIES
# 강도와 탄성이 뛰어납니다.
# 나일론과 고무소재로 제조되어 질기면서도 탄성이 뛰어납니다!
# 고강도 메탈고리 적용",,,2023-03-15 17:44:05,2023-03-28 07:00:08,https://firebasestorage.googleapis.com/v0/b/steady-copilot-206205.appspot.com/o/goods%2F98da8f82-cac3-452e-6e25-2d373e5adca8%2F98da8f82-cac3-452e-6e25-2d373e5adca8_front_angle_1000.jpg?alt=media&token=7bdc9fe7-a1fe-4b23-8200-a75e12f57714,https://firebasestorage.googleapis.com/v0/b/steady-copilot-206205.appspot.com/o/goods%2F98da8f82-cac3-452e-6e25-2d373e5adca8%2F98da8f82-cac3-452e-6e25-2d373e5adca8_front_angle_1000.png?alt=media&token=eb5f2018-a4d8-402a-a817-6dcd5f13c84a,https://firebasestorage.googleapis.com/v0/b/steady-copilot-206205.appspot.com/o/goods%2F98da8f82-cac3-452e-6e25-2d373e5adca8%2F98da8f82-cac3-452e-6e25-2d373e5adca8_front_angle_250.jpg?alt=media&token=23129b8e-b784-4b18-b22e-678bd1492474,https://firebasestorage.googleapis.com/v0/b/steady-copilot-206205.appspot.com/o/goods%2F98da8f82-cac3-452e-6e25-2d373e5adca8%2F98da8f82-cac3-452e-6e25-2d373e5adca8_front_angle_250.png?alt=media&token=6c3bcc26-5a9d-4f77-abe5-1fc3a8ab4160,,,,,,,,,,,,,,,,,,,,,,,,,,,,,,,,,,,,,,,,,,,,,,,,,,,,,,,,,,,,,,,,,,,,,,,,,,,,,,,,,,,,,,,,,,,,,,,,,,,,,,,,,,,,,,,,,,,,,,,,,,,,,,,,,,,,,,,,,,,,,,,,,,,,,,,,,,,,,,,,,,,,,,,,,,,,,,,,,,,,,,,,,,,,,,,,,,,,,,,,,,,,,,,,,,,,,,,,,,,,,,,,,,,,,,,,,,,,,,,,,,,,,,,,,,블루,,,,,,,,,,,,,,,,,,,,,,,,,,,,,,,,,,,,,,,,,,,,,,,,,,,,,,,,,,,,,,,,,,,,,,,,,,,,,,,,,,,,,,,,,,,,,,,,,,,,,,,,,,,,,,,,,,,,,,,,,,,,,,,,,,,,,,,,,,,,,,,,,,,,,,,,,,,,,,,,,,,,,,,,,,,,,,,,,,,N,,,"재질 :: 나일론, 고무, 금속",,,,,,ISO 9001,,,,,,,,,,,,,,,
8801775804433,10269999,전문스포츠/레저>캠핑>기타캠핑용품>기타캠핑용품,코멕스 아이스탱크 14L (밀리터리그린),밀리터리 아이스탱크 14,MILITARY ICE TANK 14,,코멕스 아이스탱크 14L (밀리터리그린),,,구분=제조/판매|:|이름=(주)코멕스산업|:|주소=서울시 금천구 가산디지털 1로 168 우림라이온스밸리 B동 10층,국내제품,제조국=대한민국(국산),(주)코멕스산업,코멕스|:|COMAX,단일,용량=14L (뚜껑포함),,1.0,,1790.0,38.5,24.0,30.3,,육면체형,,,N,N,"[[사용상 주의사항]]
# 화기 근처에 가까이하지 마십시오. 
# 강한 충격을 주지 마십시오
# 직사광선, 자동차의 트렁크 속에서는 보냉 효력이 떨어집니다.
# 안전을 위해 뚜껑은 언제나 꼭 닫아 주십시오. 
# 보냉 중에는 뚜껑을 자주 열지 마십시오
# 아이스박스 세척 시 아이스박스 안으로 물이 들어가지 않도록 주의 바랍니다.
# 드라이아이스를 넣어 사용하지 마십시오.
# 아이스팩 사용 시 내용물 넣은 후 상단에 올려주세요
# 음식물의 보냉용으로 사용하십시오
# 용도 외에는 사용하지 마십시오 (음식물 보관용)",구입처 및 본사,080-676-1004,,# 보냉효력 : 8시간 후 15℃이하,,2023-07-06 17:38:27,2023-07-22 07:00:07,https://firebasestorage.googleapis.com/v0/b/steady-copilot-206205.appspot.com/o/goods%2Fa6b07c20-dbd3-4727-86f3-6f4f9c7e555b%2Fa6b07c20-dbd3-4727-86f3-6f4f9c7e555b_front_angle_1000.jpg?alt=media&token=5b876301-fd45-4145-8a08-98e94b1929c3,https://firebasestorage.googleapis.com/v0/b/steady-copilot-206205.appspot.com/o/goods%2Fa6b07c20-dbd3-4727-86f3-6f4f9c7e555b%2Fa6b07c20-dbd3-4727-86f3-6f4f9c7e555b_front_angle_1000.png?alt=media&token=e1795f37-771d-40de-b6d3-c665d70b291e,https://firebasestorage.googleapis.com/v0/b/steady-copilot-206205.appspot.com/o/goods%2Fa6b07c20-dbd3-4727-86f3-6f4f9c7e555b%2Fa6b07c20-dbd3-4727-86f3-6f4f9c7e555b_front_angle_250.jpg?alt=media&token=5d373115-8abb-44b0-b5a7-db9672e76def,https://firebasestorage.googleapis.com/v0/b/steady-copilot-206205.appspot.com/o/goods%2Fa6b07c20-dbd3-4727-86f3-6f4f9c7e555b%2Fa6b07c20-dbd3-4727-86f3-6f4f9c7e555b_front_angle_250.png?alt=media&token=ecdd4032-de7c-47e4-808b-e1b06d0bf213,,,,,,,,,,,,,,,,,,,,,,,,,,,,,,,,,,,,,,,,,,,,,,,,,,,,,,,,,,,,,,,,,,,,,,,,,,,,,,,,,,,,,,,,,,,,,,,,,,,,,,,,,,,,,,,,,,,,,,,,,,,,,,,,,,,,,,,,,,,,,,,,,,,,,,,,,,,,,,,,,,,,,,,,,,,,,,,,,,,,,,,,,,,,,,,,,,,,,,,,,,,,,,,,,,,,,,,,,,,,,,,,,,,,,,,,,,,,,,,,,,,,,,,,,,그린,,,,,,,,,,,,,,,,,,,,,,,,,,,,,,,,,,,,,,,,,,,,,,,,,,,,,,,,,,,,,,,,,,,,,,,,,,,,,,,,,,,,,,,,,,,,,,,,,,,,,,,,,,,,,,,,,,,,,,,,,,,,,,,,,,,,,,,,,,,,,,,,,,,,,,,,,,,,,,,,,,,,,,,,,,,,,,,,,,,,,,"재질 :: 폴리프로필렌, 발포 폴리스티렌",,,,,,,,,,,,,,,,,,,,,
8809716423873,10260209,전문스포츠/레저>캠핑>캠핑용품>돗자리/매트,ALPS HOME 피크닉 방수 매트 6인용 150 x 180cm,피크닉 매트,PiCNiC MAT,,피크닉 매트,,,"구분=제조/생산|:|이름=Yiwu daya carpet|:|주소=
구분=수입판매|:|이름=(주)삼우힐링라이프|:|주소=경기도 시흥시 계수로 126번길 22(계수동)",수입제품,원산지=중국|:|제조국=중국,(주)삼우힐링라이프,ALPS HOME,단일,사이즈=약 150 x 180cm,,1.0,,871.0,28.0,24.0,4.5,,봉지형,,비닐류(PP),N,N,"[[사용상의 주의사항]]
# 일반 오염시 물걸래 등으로 가볍게 닦아주세요.
# 심한 오염 시 약 30도 가량의 미지근한 물에 중성세제를 이용하여 손세탁 하세요.
# 세탁시 물빠짐이 발생될 수 있으니 단독으로 세탁해주세요.
# 짜거나 비틀지 말고 바르게 펴 그늘에 건조해주세요.
# 장시간 물에 담궈 두면 탈색 및 변색의 원인이 되니 주의해주세요.
# 햇빛에 장시간 노출되면 변형이나 변색될 수 있습니다.
# 화기나 불꽃으로 부터 멀리 하세요.",구입처,031-404-7822 ((주)삼우힐링라이프),"# 습기차단 및 오염방지 PVC 방수 코팅
# 휴대가 간편한 접이식 매트
# 견고한 600D 옥스포드 원단",,,2023-03-17 11:29:39,2023-04-04 07:00:07,https://firebasestorage.googleapis.com/v0/b/steady-copilot-206205.appspot.com/o/goods%2Ffba11cbb-bc0d-4813-5a83-82bf0cb1d1ba%2Ffba11cbb-bc0d-4813-5a83-82bf0cb1d1ba_front_angle_1000.jpg?alt=media&token=71961f0e-68d1-4f0a-8d81-ac387f4fb4ff,https://firebasestorage.googleapis.com/v0/b/steady-copilot-206205.appspot.com/o/goods%2Ffba11cbb-bc0d-4813-5a83-82bf0cb1d1ba%2Ffba11cbb-bc0d-4813-5a83-82bf0cb1d1ba_front_angle_1000.png?alt=media&token=e28ea657-11d5-4f31-acc3-baa1545ff33c,https://firebasestorage.googleapis.com/v0/b/steady-copilot-206205.appspot.com/o/goods%2Ffba11cbb-bc0d-4813-5a83-82bf0cb1d1ba%2Ffba11cbb-bc0d-4813-5a83-82bf0cb1d1ba_front_angle_250.jpg?alt=media&token=dce0b428-6a5d-4a17-ace2-e74ddf3cd446,https://firebasestorage.googleapis.com/v0/b/steady-copilot-206205.appspot.com/o/goods%2Ffba11cbb-bc0d-4813-5a83-82bf0cb1d1ba%2Ffba11cbb-bc0d-4813-5a83-82bf0cb1d1ba_front_angle_250.png?alt=media&token=6989eabd-6af4-48ca-b375-2b2fa1c47470,,,,,,,,,,,,,,,,,,,,,,,,,,,,,,,,,,,,,,,,,,,,,,,,,,,,,,,,,,,,,,,,,,,,,,,,,,,,,,,,,,,,,,,,,,,,,,,,,,,,,,,,,,,,,,,,,,,,,,,,,,,,,,,,,,,,,,,,,,,,,,,,,,,,,,,,,,,,,,,,,,,,,,,,,,,,,,,,,,,,,,,,,,,,,,,,,,,,,,,,,,,,,,,,,,,,,,,,,,,,,,,,,,,,,,,,,,,,,,,,,,,,,,,,,,,,,,,,,,,,,,,,,,,,,,,,,,,,,,,,,,,,,,,,,,,,,,,,,,,,,,,,,,,,,,,,,,,,,,,,,,,,,,,,,,,,,,,,,,,,,,,,,,,,,,,,,,,,,,,,,,,,,,,,,,,,,,,,,,,,,,,,,,,,,,,,,,,,,,,,,,,,,,,,,,,,,,,,,,,,,,,,,,,,,N,,,,,,,,,,,,,,2022년 04월,그늘/바닥에 뉘어서 건조;손으로 짜면 안됨;물온도 30℃로 세탁/세탁기 사용 불가/손세탁 약하게 가능/중성세제 사용;불꽃주의,,"# 겉감_600D 옥스포드 (폴리에스터 100%)
# 바닥재_PVC 코팅",,,,,,,
8809018697873,10260499,전문스포츠/레저>캠핑>캠핑조리/취사용품>기타 캠핑조리/취사용품,썬터치 스마트 자동 토치 170mm x 70mm x 35mm,스마트 자동토치,,,스마트 자동토치,ST-T2000D,,구분=제조/판매|:|이름=(주)썬터치|:|주소=충남 금산군 복수면 용천로 867,국내제품,제조국=대한민국(국산),(주)썬터치,SUNTOUCH|:|썬터치,단일,"중량=약 117g|:|규격=170mm x 70mm x 35mm, 화구경 22.5mm",,1.0,117.0,1335.0,10.0,20.0,3.5,,블리스터팩형,,"플라스틱(PVC),종이",N,N,"[[주의사항]]
# 인화 물질이 있는 곳에서의 사용은 절대 금하십시오.
# 화상 및 화재에 대비한 상태에서 사용하시고, 사용 시 또는 사용 후 특히 분화구가 뜨거우니 화상에 주의하시기 바랍니다.
# 본 제품은 불꽃이 길고 화력이 강하므로 절대 사람 및 화재에 약한 곳을 향해서 사용하지 마십시오.
# 가스조절 밸브를 닫고 나서 소화 시까지 수 초가 걸리지만, 고장이 아닙니다. 완전히 소화된 것을 확인 후 공기 중에서 충분히(30분 정도) 식힌 후 보관 바랍니다.
# 가스가 새는 것에 주의하세요. 소리 및 냄새로 확인하시고 점화되지 않은 상태에서의 장시간 가스 분사는 위험합니다.
# 점화된 상태에서 가스통과의 분리를 시도하지 마십시오.
# 빨간 불꽃이 나올 경우 조절 밸브를 닫아 가스양을 적게 해서 사용해 주십시오.

[[보관 방법]]
# 완전히 소화된 것을 확인하고, 충분히 식힌 뒤 안전한 장소에 보관합니다.
# 온기가 적은 장소에서 이물질, 먼지가 쌓이지 않도록 밀봉한 후 보관하십시오",,041-751-1803 ((주)썬터치),"# 직화구이
# 숯불 점화
# 캠프파이어
# 수도관 해동
# 간단한 용접
# 원터치 자동점화로 안전하고 편리하게
_ 가스토치 자체에 점화장치를 장착, 외부에서 별도로 점화할 필요없이 편리합니다.
# 원터치 점화장치 장착","# 사용연료 : LPG(액화부탄) 220g
# 사용시간 : 1시간50분
# 최고온도 : 1450℃
# 가스소비량 : 시간당 125g
# 가스열량 : 시간당 1325kcal
# 점화방식 : 원터치(압전) 점화",,2023-03-17 15:25:36,2023-04-07 07:00:07,https://firebasestorage.googleapis.com/v0/b/steady-copilot-206205.appspot.com/o/goods%2F4130d28b-82c3-474f-ebec-b2d4da4343bd%2F4130d28b-82c3-474f-ebec-b2d4da4343bd_front_angle_1000.jpg?alt=media&token=f297f919-e5be-490d-a2ae-291b48f6dad1,https://firebasestorage.googleapis.com/v0/b/steady-copilot-206205.appspot.com/o/goods%2F4130d28b-82c3-474f-ebec-b2d4da4343bd%2F4130d28b-82c3-474f-ebec-b2d4da4343bd_front_angle_1000.png?alt=media&token=c83c1e8d-d0ea-4852-bf67-43e015e1fb4c,https://firebasestorage.googleapis.com/v0/b/steady-copilot-206205.appspot.com/o/goods%2F4130d28b-82c3-474f-ebec-b2d4da4343bd%2F4130d28b-82c3-474f-ebec-b2d4da4343bd_front_angle_250.jpg?alt=media&token=2b3b02f9-1a3a-4394-8dcc-658339076ff6,https://firebasestorage.googleapis.com/v0/b/steady-copilot-206205.appspot.com/o/goods%2F4130d28b-82c3-474f-ebec-b2d4da4343bd%2F4130d28b-82c3-474f-ebec-b2d4da4343bd_front_angle_250.png?alt=media&token=67c2717f-48ce-40fe-a998-8af4f3b35f5f,,,,,,,,,,,,,,,,,,,,,,,,,,,,,,,,,,,,,,,,,,,,,,,,,,,,,,,,,,,,,,,,,,,,,,,,,,,,,,,,,,,,,,,,,,,,,,,,,,,,,,,,,,,,,,,,,,,,,,,,,,,,,,,,,,,,,,,,,,,,,,,,,,,,,,,,,,,,,,,,,,,,,,,,,,,,,,,,,,,,,,,,,,,,,,,,,,,,,,,,,,,,,,,,,,,,,,,,,,,,,,,,,,,,,,,,,,,,,,,,,,,,,,,,,,,,,,,,,,,,,,,,,,,,,,,,,,,,,,,,,,,,,,,,,,,,,,,,,,,,,,,,,,,,,,,,,,,,,,,,,,,,,,,,,,,,,,,,,,,,,,,,,,,,,,,,,,,,,,,,,,,,,,,,,,,,,,,,,,,,,,,,,,,,,,,,,,,,,,,,,,,,,,,,,,,,,,,,,,,,,,,,,,,,"[[사용 방법]]
# 제품 하단의 가스걸이홈과 가스통의 테두리홈을 일치시켜 결합한 뒤 가스통을 고정하고 제품을 ON 방향(시계방향)으로 회전시켜 고정합니다.
# 제품 뒷 부분의 조절밸브를 ON 방향으로 적당히 열어 가스가 분사되게 한 후 방아쇠 모양의 점화장치를 '딱' 소리가 나도록 당겨 점화합니다.
# 점화한 후에는 조절밸브로 화력을 조절합니다.
# 점화시 화구의 방향은 절대로 사람을 향하지 마십시오.",N,,,"재질 :: 신주, 합금강, ABS","# 산업용, 가정용",,,,,,,,,,,,,,"# 납땜, 인두, 동파이프 및 비철금속 용접, PVC 연결, 숯불, 금속세공, 언 수도 녹임, 직화구이 등에 사용합니다.
# 납땜, 인두 등의 정밀 작업 시엔 지나친 화력은 위험하니, 약하게 조절한 후 사용하십시오.
# 동파이프, 황동 파이프 용접 시 용접 부위를 깨끗이 닦은 다음 용접 부위에 후락스, 염산, 붕사 약품을 바르고 용접 부위를 충분히 달군 후 용접봉을 용접 부위에 대고 용접하십시오.",,,,,,
8801901022137,10260208,전문스포츠/레저>캠핑>캠핑용품>휴대용가스레인지/부탄가스,맥스 가스렌지 미니렌지 플러스,"다용도가위, 다용도집게, 불고기판",,,,,,"구분=제조/생산|:|이름=MAXSUN (DALIAN) CO., LTD.|:|주소=
구분=수입|:|이름=(주)맥선|:|주소=서울시 강남구 역삼로 221 여성경제인협회빌딩 2층",수입제품,원산지=중국,(주)맥선,맥스|:|maxsun,단일,"규격=다용도가위 길이 185mm, 다용도집게 길이 225mm, 불고기판 223mm x 223mm x 60mm","고화력 이중불꽃 버너를 장착한 맥스 미니렌지, 3중 코팅의 전용 그릴, 다용도 기능의 스테인리스 가위, 편리한 요리용 집게, 부탄 수납공간포함 전용 케이스 (맥스부탄별매)",1.0,,2670.0,44.5,11.0,28.2,,육면체형,,,N,N,"[[주의사항]]
# 충격 / 화기주의

[[사용 상 주의사항]]
# 사용시 제품 하부에 단열재를 깔아주세요.
# 안전한 사용을 위해 사용 전에 반드시 사용 설명서를 참조 하세요.
# 2대이상 나란히 붙여서 사용 하지 마세요.
# 특히 용기가 장착부 덮개위를 점유하는 과대한 구이용 철판, 용기 등을 사용하지 마세요. 가스 캔이 과열되어 폭발할 위험이 있습니다.
# 과대불판사용금지
# 검사품 용기를 사용할 것.
# 알루미늄 호일을 덮은 석쇠, 등은 절대로 사용하지 마세요.
# 난로 등 화기 옆에서 사용 하지 마세요.
# 사용 중 압력 감지식 안전 장치가 작동해 용기 장착 레버가 이탈되었을 때 강제로 레버를 움직여 가스용기를 장착 시키지 마시고 가스용기를 분리해 충분히 식히거나 새 용기로 교환해 주세요. 강제 장착하면 용기가 폭발할 수 있습니다.
# 사용 후 필히 가스 용기를 분리 보관 하세요.
# 용기의 접속방법이 변경되는 부품 (어댑터 등)을 사용하지 말 것.

[[기타 주의사항]]
# 사용전,후 점검 및 화상 주의",구입처,02-6003-0700,"# NEW
# 2중 과압방지 안전장치
# 간편한 용기 탈착 방식
# High Quality
# 실내에서도 야외에서도 간편하게!
# 맥스 미니렌지 플러스로 즐겁게
_ 미니렌지에 딱 맞는 전용 스마트 그릴 1~2인용 국물요리는 물론 3중 코팅으로 고기굽기도 가능합니다.","# MS-8000PLUS
# 좌측 그림과 같이 가스 용기의 홈과 밸브 용기 가이드 부분을 일치시켜 가스용기를 장착 하세요.",,2023-03-20 10:40:13,2023-04-11 07:00:08,https://firebasestorage.googleapis.com/v0/b/steady-copilot-206205.appspot.com/o/goods%2F6e62fb0e-c43f-48b3-1f9a-745e16d96f0e%2F6e62fb0e-c43f-48b3-1f9a-745e16d96f0e_front_angle_1000.jpg?alt=media&token=6e0f300a-f3fb-4708-8eed-0886415aa70d,https://firebasestorage.googleapis.com/v0/b/steady-copilot-206205.appspot.com/o/goods%2F6e62fb0e-c43f-48b3-1f9a-745e16d96f0e%2F6e62fb0e-c43f-48b3-1f9a-745e16d96f0e_front_angle_1000.png?alt=media&token=904cab79-b705-4daf-8379-81281f5db6e2,https://firebasestorage.googleapis.com/v0/b/steady-copilot-206205.appspot.com/o/goods%2F6e62fb0e-c43f-48b3-1f9a-745e16d96f0e%2F6e62fb0e-c43f-48b3-1f9a-745e16d96f0e_front_angle_250.jpg?alt=media&token=c78d7175-5997-4805-8d3a-073b9613e829,https://firebasestorage.googleapis.com/v0/b/steady-copilot-206205.appspot.com/o/goods%2F6e62fb0e-c43f-48b3-1f9a-745e16d96f0e%2F6e62fb0e-c43f-48b3-1f9a-745e16d96f0e_front_angle_250.png?alt=media&token=cdcfcec4-131a-421f-819f-31e30e7c1295,,,,,,,,,,,,,,,,,,,,,,,,,,,,,,,,,,,,,,,,,,,,,,,,,,,,,,,,,,,,,,,,,,,,,,,,,,,,,,,,,,,,,,,,,,,,,,,,,,,,,,,,,,,,,,,,,,,,,,,,,,,,,,,,,,,,,,,,,,,,,,,,,,,,,,,,,,,,,,,,,,,,,,,,,,,,,,,,,,,,,,,,,,,,,,,,,,,,,,,,,,,,,,,,,,,,,,,,,,,,,,,,,,,,,,,,,,,,,,,,,,,,,,,,,,,,,,,,,,,,,,,,,,,,,,,,,,,,,,,,,,,,,,,,,,,,,,,,,1구,,,,,,,,,,,,,,,,,,,,,,,,,,,,,,,,,,,,,,,,,,,,,,,,,,,,,,,,,,,,,,,,,,,,,,,,,,,,,,,,,,,,,,,,,,,,,,,,,,,,,,,,,,,,,,,,,,,,,,,,,,,,,,,,,,,,N,,,"재질 ::
다용도가위 : 날부-스테인레스 / 손잡이-ABS,
다용도집게 : 날부-스테인레스 / 손잡이-ABS,
불고기판 : 알루미늄 (불소수지도장)",,,,,,식품용 인증,,,,,,,,,,,,,,,
8809213892011,10260401,전문스포츠/레저>캠핑>캠핑조리/취사용품>바비큐용품,원형 바베큐 2~3인용 330 x 150,원형 바베큐,,,원형 바베큐,,,구분=판매|:|이름=(주)화성연료|:|주소=경북 칠곡군 지천면 창평리 646번지,국내제품,원산지=대한민국(국산),(주)화성연료,,단일,규격=330(L) x 150(H),,1.0,,1732.5,34.5,34.5,14.0,,원통형,,,N,N,,본사 및 구입처,054-972-2467~8 ((주)화성연료),,"# 숯불 붙이기
_1 라이터, 성냥등을 이용하여 점화탄에 불을 붙입니다.
__ 점화탄 불꽃에 주의하시고, 점화탄을 집게로 잡고 불을 붙이면 더욱 안전합니다.
_2 점화탄에 불을 옮겨 붙인 후,
_3 참숯을 점화탄 주위로 놓아 주세요.
_4 10~20분 후 참숯이 빨강게 불이 붙으면 요리를 시작하면 됩니다.",,2023-03-21 17:29:19,2023-04-12 07:00:07,https://firebasestorage.googleapis.com/v0/b/steady-copilot-206205.appspot.com/o/goods%2Fb84d48dd-e166-42ed-8560-f51da7a76d47%2Fb84d48dd-e166-42ed-8560-f51da7a76d47_front_angle_1000.jpg?alt=media&token=c1b63a0b-09cf-4bff-852a-2e05a932c1d7,https://firebasestorage.googleapis.com/v0/b/steady-copilot-206205.appspot.com/o/goods%2Fb84d48dd-e166-42ed-8560-f51da7a76d47%2Fb84d48dd-e166-42ed-8560-f51da7a76d47_front_angle_1000.png?alt=media&token=fe8dccff-d5a3-4d95-9577-8a5839042a0a,https://firebasestorage.googleapis.com/v0/b/steady-copilot-206205.appspot.com/o/goods%2Fb84d48dd-e166-42ed-8560-f51da7a76d47%2Fb84d48dd-e166-42ed-8560-f51da7a76d47_front_angle_250.jpg?alt=media&token=448c7987-ef54-4a25-b22d-aeec59722561,https://firebasestorage.googleapis.com/v0/b/steady-copilot-206205.appspot.com/o/goods%2Fb84d48dd-e166-42ed-8560-f51da7a76d47%2Fb84d48dd-e166-42ed-8560-f51da7a76d47_front_angle_250.png?alt=media&token=19fd1cb6-0fda-413f-bddb-07557b033f82,,,,,,,,,,,,,,,,,,,,,,,,,,,,,,,,,,,,,,,,,,,,,,,,,,,,,,,,,,,,,,,,,,,,,,,,,,,,,,,,,,,,,,,,,,,,,,,,,,,,,,,,,,,,,,,,,,,,,,,,,,,,,,,,,,,,,,,,,,,,,,,,,,,,,,,,,,,,,,,,,,,,,,,,,,,,,,,,,,,,,,,,,,,,,,,,,,,,,,,,,,,,,,,,,,,,,,,,,,,,,,,,,,,,,,,,,,,,,,,,,,,,,,,,,,,,,,,,,,,,,,,,,,,,,,,,,,,,,,,,,,,,,,,,,,,,,,,,,,,,,,,,,,,,,,,,,,,,,,,,,,,,,,,,,,,,,,,,,,,,,,,,,,,,,,,,,,,,,,,,,,,,,,,,,,,,,,,,,,,,,,,,,,,,,,,,,,,,,,,,,,,,,,,,,,,,,,,,,,,,,,,,,,,,,,,,"재질 :: 본체(철판) - 분체도장, 석쇠(steel) - 크롬도금",# 숯불구이용,,,,,,,,,,,,,,,,,,,,
8809008039621,10260401,전문스포츠/레저>캠핑>캠핑조리/취사용품>바비큐용품,Ezian 아미석쇠 대,아미석쇠(대),,,아미석쇠(대),,,구분=판매|:|이름=한국페나테스금속|:|주소=부산광역시 기장군 기장읍 신천길 51,수입제품,원산지=중국,한국페나테스금속,Ezian,단일,,,1.0,,280.0,34.5,51.0,0.5,,기타유형,,,N,N,,,051-783-4581~2,,"# Ezian
_ COOK WARE",,2023-03-27 14:39:18,2023-04-22 07:00:07,https://firebasestorage.googleapis.com/v0/b/steady-copilot-206205.appspot.com/o/goods%2Fd1fda429-e1b1-4863-c80b-a78ba8393b60%2Fd1fda429-e1b1-4863-c80b-a78ba8393b60_front_angle_1000.jpg?alt=media&token=0465bac3-6ce5-4027-b39f-bb84a11ea750,https://firebasestorage.googleapis.com/v0/b/steady-copilot-206205.appspot.com/o/goods%2Fd1fda429-e1b1-4863-c80b-a78ba8393b60%2Fd1fda429-e1b1-4863-c80b-a78ba8393b60_front_angle_1000.png?alt=media&token=3bbde716-1000-42ad-9da3-a7bc71ad58f1,https://firebasestorage.googleapis.com/v0/b/steady-copilot-206205.appspot.com/o/goods%2Fd1fda429-e1b1-4863-c80b-a78ba8393b60%2Fd1fda429-e1b1-4863-c80b-a78ba8393b60_front_angle_250.jpg?alt=media&token=b3ebdedd-ff2e-48e0-a1fc-12eb30b485a4,https://firebasestorage.googleapis.com/v0/b/steady-copilot-206205.appspot.com/o/goods%2Fd1fda429-e1b1-4863-c80b-a78ba8393b60%2Fd1fda429-e1b1-4863-c80b-a78ba8393b60_front_angle_250.png?alt=media&token=fefa59cb-89a9-46e8-b3bf-cb1a5531fd53,,,,,,,,,,,,,,,,,,,,,,,,,,,,,,,,,,,,,,,,,,,,,,,,,,,,,,,,,,,,,,,,,,,,,,,,,,,,,,,,,,,,,,,,,,,,,,,,,,,,,,,,,,,,,,,,,,,,,,,,,,,,,,,,,,,,,,,,,,,,,,,,,,,,,,,,,,,,,,,,,,,,,,,,,,,,,,,,,,,,,,,,,,,,,,,,,,,,,,,,,,,,,,,,,,,,,,,,,,,,,,,,,,,,,,,,,,,,,,,,,,,,,,,,,,,,,,,,,,,,,,,,,,,,,,,,,,,,,,,,,,,,,,,,,,,,,,,,,,,,,,,,,,,,,,,,,,,,,,,,,,,,,,,,,,,,,,,,,,,,,,,,,,,,,,,,,,,,,,,,,,,,,,,,,,,,,,,,,,,,,,,,,,,,,,,,,,,,,,,,,,,,,,,,,,,,,,,,,,,,,,,,,,,,,,,,"재질 :: Steel, 아연도금",,,,,,,,,,,,,,,,,,,,,
8809008039652,10260401,전문스포츠/레저>캠핑>캠핑조리/취사용품>바비큐용품,Ezian 아미석쇠 중,아미석쇠(중),,,아미석쇠(중),,,구분=판매|:|이름=한국페나테스금속|:|주소=부산광역시 기장군 기장읍 신천길 51,수입제품,원산지=중국,한국페나테스금속,Ezian,단일,,,1.0,,200.0,24.0,44.0,0.5,,기타유형,,,N,N,,,051-783-4581~2,,"# Ezian
_ COOK WARE",,2023-03-27 14:41:23,2023-04-22 07:00:07,https://firebasestorage.googleapis.com/v0/b/steady-copilot-206205.appspot.com/o/goods%2F3182145a-550c-4b8c-5d9c-d1315eafa51d%2F3182145a-550c-4b8c-5d9c-d1315eafa51d_front_angle_1000.jpg?alt=media&token=f010ea16-87ad-47f8-b177-4548fdd94985,https://firebasestorage.googleapis.com/v0/b/steady-copilot-206205.appspot.com/o/goods%2F3182145a-550c-4b8c-5d9c-d1315eafa51d%2F3182145a-550c-4b8c-5d9c-d1315eafa51d_front_angle_1000.png?alt=media&token=e4a37e8f-16a1-4f27-86b8-1855c6cbcc8c,https://firebasestorage.googleapis.com/v0/b/steady-copilot-206205.appspot.com/o/goods%2F3182145a-550c-4b8c-5d9c-d1315eafa51d%2F3182145a-550c-4b8c-5d9c-d1315eafa51d_front_angle_250.jpg?alt=media&token=f2493262-7a5c-4373-8822-20c96e7f8294,https://firebasestorage.googleapis.com/v0/b/steady-copilot-206205.appspot.com/o/goods%2F3182145a-550c-4b8c-5d9c-d1315eafa51d%2F3182145a-550c-4b8c-5d9c-d1315eafa51d_front_angle_250.png?alt=media&token=b715a933-5818-41cf-ac33-0537024f1731,,,,,,,,,,,,,,,,,,,,,,,,,,,,,,,,,,,,,,,,,,,,,,,,,,,,,,,,,,,,,,,,,,,,,,,,,,,,,,,,,,,,,,,,,,,,,,,,,,,,,,,,,,,,,,,,,,,,,,,,,,,,,,,,,,,,,,,,,,,,,,,,,,,,,,,,,,,,,,,,,,,,,,,,,,,,,,,,,,,,,,,,,,,,,,,,,,,,,,,,,,,,,,,,,,,,,,,,,,,,,,,,,,,,,,,,,,,,,,,,,,,,,,,,,,,,,,,,,,,,,,,,,,,,,,,,,,,,,,,,,,,,,,,,,,,,,,,,,,,,,,,,,,,,,,,,,,,,,,,,,,,,,,,,,,,,,,,,,,,,,,,,,,,,,,,,,,,,,,,,,,,,,,,,,,,,,,,,,,,,,,,,,,,,,,,,,,,,,,,,,,,,,,,,,,,,,,,,,,,,,,,,,,,,,,,,"재질 :: Steel, 아연도금",,,,,,,,,,,,,,,,,,,,,
8809213895012,10260401,전문스포츠/레저>캠핑>캠핑조리/취사용품>바비큐용품,레디큐 바비큐태망 다용도망석쇠 중 430 x 340,레디큐 바비큐 망석쇠(중),BARBECUE GRIDIRON,,레디큐 바비큐 망석쇠(중),,,"구분=제조/생산|:|이름=ANPING JINYUAN METAL CO., LTD|:|주소=
구분=제조/생산|:|이름=WEIFANG XINYUAN BARIUM CO., LTD|:|주소=
구분=수입판매|:|이름=(주)화성연료|:|주소=경북 칠곡군 지천면 지천로 433",수입제품,제조국=중국,(주)화성연료,레디큐|:|READYQ|:|Hwasung Fuel,단일,규격=중(430 x 340),,1.0,,150.0,34.0,43.2,0.2,,기타유형,,종이,N,N,"[[취급상 주의사항]]
# 구이조리시 석쇠를 맨손으로 만지지 마십시오.(화상주의)",구입처 또는 본사,054-972-2467 ((주)화성연료),"# 레디큐와 함께하는 행복한 바비큐 요리!
# Good Choice",# 레디큐는 바베큐의 시작을 알리는 숯&그릴 전문 브랜드입니다.,,2023-03-27 14:48:44,2023-04-22 07:00:07,https://firebasestorage.googleapis.com/v0/b/steady-copilot-206205.appspot.com/o/goods%2Fb47632ca-1e70-40b9-1957-c45f7f384393%2Fb47632ca-1e70-40b9-1957-c45f7f384393_front_angle_1000.jpg?alt=media&token=8aeaf6ea-8450-4925-802b-52b715f367b7,https://firebasestorage.googleapis.com/v0/b/steady-copilot-206205.appspot.com/o/goods%2Fb47632ca-1e70-40b9-1957-c45f7f384393%2Fb47632ca-1e70-40b9-1957-c45f7f384393_front_angle_1000.png?alt=media&token=c34b9fc9-10ee-4615-8c19-1044fea6b9e8,https://firebasestorage.googleapis.com/v0/b/steady-copilot-206205.appspot.com/o/goods%2Fb47632ca-1e70-40b9-1957-c45f7f384393%2Fb47632ca-1e70-40b9-1957-c45f7f384393_front_angle_250.jpg?alt=media&token=c52f037c-c5ef-42e0-9a84-afb2400c0ed9,https://firebasestorage.googleapis.com/v0/b/steady-copilot-206205.appspot.com/o/goods%2Fb47632ca-1e70-40b9-1957-c45f7f384393%2Fb47632ca-1e70-40b9-1957-c45f7f384393_front_angle_250.png?alt=media&token=4e7ef1dc-5ed5-44b9-9abf-ea1c5faa6f2e,,,,,,,,,,,,,,,,,,,,,,,,,,,,,,,,,,,,,,,,,,,,,,,,,,,,,,,,,,,,,,,,,,,,,,,,,,,,,,,,,,,,,,,,,,,,,,,,,,,,,,,,,,,,,,,,,,,,,,,,,,,,,,,,,,,,,,,,,,,,,,,,,,,,,,,,,,,,,,,,,,,,,,,,,,,,,,,,,,,,,,,,,,,,,,,,,,,,,,,,,,,,,,,,,,,,,,,,,,,,,,,,,,,,,,,,,,,,,,,,,,,,,,,,,,,,,,,,,,,,,,,,,,,,,,,,,,,,,,,,,,,,,,,,,,,,,,,,,,,,,,,,,,,,,,,,,,,,,,,,,,,,,,,,,,,,,,,,,,,,,,,,,,,,,,,,,,,,,,,,,,,,,,,,,,,,,,,,,,,,,,,,,,,,,,,,,,,,,,,,,,,,,,,,,,,,,,,,,,,,,,,,,,,,,,,,재질 :: steel(아연도금),# 숯불구이용(다용도),,,,,식품용 인증,,,,,,,,,,,,,,,
8809213895029,10260401,전문스포츠/레저>캠핑>캠핑조리/취사용품>바비큐용품,레디큐 바비큐태망 다용도망석쇠 대 560 x 410,레디큐 바비큐 망석쇠(대),BARBECUE GRIDIRON,,레디큐 바비큐 망석쇠(대),,,"구분=제조/생산|:|이름=ANPING JINYUAN METAL CO., LTD|:|주소=
구분=제조/생산|:|이름=WEIFANG XINYUAN BARIUM CO., LTD|:|주소=
구분=수입판매|:|이름=(주)화성연료|:|주소=경북 칠곡군 지천면 지천로 433",수입제품,제조국=중국,(주)화성연료,레디큐|:|READYQ|:|Hwasung Fuel,단일,규격=대(560 x 410),,1.0,,230.0,41.0,56.0,0.2,,기타유형,,종이,N,N,"[[취급상 주의사항]]
# 구이조리시 석쇠를 맨손으로 만지지 마십시오.(화상주의)",구입처 또는 본사,054-972-2467 ((주)화성연료),"# 레디큐와 함께하는 행복한 바비큐 요리!
# Good Choice",# 레디큐는 바베큐의 시작을 알리는 숯&그릴 전문 브랜드입니다.,,2023-03-27 14:53:07,2023-04-21 07:00:06,https://firebasestorage.googleapis.com/v0/b/steady-copilot-206205.appspot.com/o/goods%2F7e6e12b7-a957-4c0a-64ba-9d1e518a02d2%2F7e6e12b7-a957-4c0a-64ba-9d1e518a02d2_front_angle_1000.jpg?alt=media&token=a18a570f-74b6-4ee3-8a1d-967387542e11,https://firebasestorage.googleapis.com/v0/b/steady-copilot-206205.appspot.com/o/goods%2F7e6e12b7-a957-4c0a-64ba-9d1e518a02d2%2F7e6e12b7-a957-4c0a-64ba-9d1e518a02d2_front_angle_1000.png?alt=media&token=a79cfc45-3ffa-4f41-a32b-093a817e1427,https://firebasestorage.googleapis.com/v0/b/steady-copilot-206205.appspot.com/o/goods%2F7e6e12b7-a957-4c0a-64ba-9d1e518a02d2%2F7e6e12b7-a957-4c0a-64ba-9d1e518a02d2_front_angle_250.jpg?alt=media&token=8a627c89-49d5-42ee-949d-2b87c5bee247,https://firebasestorage.googleapis.com/v0/b/steady-copilot-206205.appspot.com/o/goods%2F7e6e12b7-a957-4c0a-64ba-9d1e518a02d2%2F7e6e12b7-a957-4c0a-64ba-9d1e518a02d2_front_angle_250.png?alt=media&token=ba90f043-1e70-4a71-be22-3a5e8beb3b18,,,,,,,,,,,,,,,,,,,,,,,,,,,,,,,,,,,,,,,,,,,,,,,,,,,,,,,,,,,,,,,,,,,,,,,,,,,,,,,,,,,,,,,,,,,,,,,,,,,,,,,,,,,,,,,,,,,,,,,,,,,,,,,,,,,,,,,,,,,,,,,,,,,,,,,,,,,,,,,,,,,,,,,,,,,,,,,,,,,,,,,,,,,,,,,,,,,,,,,,,,,,,,,,,,,,,,,,,,,,,,,,,,,,,,,,,,,,,,,,,,,,,,,,,,,,,,,,,,,,,,,,,,,,,,,,,,,,,,,,,,,,,,,,,,,,,,,,,,,,,,,,,,,,,,,,,,,,,,,,,,,,,,,,,,,,,,,,,,,,,,,,,,,,,,,,,,,,,,,,,,,,,,,,,,,,,,,,,,,,,,,,,,,,,,,,,,,,,,,,,,,,,,,,,,,,,,,,,,,,,,,,,,,,,,,,재질 :: steel(아연도금),# 숯불구이용(다용도),,,,,식품용 인증,,,,,,,,,,,,,,,
8809213891038,10260401,전문스포츠/레저>캠핑>캠핑조리/취사용품>바비큐용품,화성연료 캠핑엔 바베큐 그릴 대 4~5인용 560 x 345 x 250(H),캠핑엔 바베큐그릴 대(大),,,캠핑엔 바베큐그릴 대(大),,,"구분=업소/업자|:|이름=(주)화성연료 본사·공장|:|주소=경북 칠곡군 지천면 창평리 646번지
구분=제조/생산|:|이름=(주)화성연료|:|주소=",국내제품,원산지=대한민국(국산),(주)화성연료,화성연료|:|Hwasung Fuel,단일,사이즈=560 x 345 x 250(H)|:|규격=560 x 345 x 250(H),,1.0,,3610.0,56.0,35.0,14.0,,육면체형,,,N,N,"[[주의사항]]
# 지정된 그릴이나 용기에 꼭 사용하십시오.
#근접시 화상의 우려가 있으니 주의 하십시오.",본사 및 구입처,"054-972-2467 ((주)화성연료 본사·공장), 054-972-4628 (FAX, (주)화성연료 본사·공장)",# 언제 어디서나~맛있는 바베큐 타임~!,,,2023-03-27 16:16:05,2023-04-21 07:00:06,https://firebasestorage.googleapis.com/v0/b/steady-copilot-206205.appspot.com/o/goods%2F8a896d5e-5504-47ee-06e3-4ec2a7364f80%2F8a896d5e-5504-47ee-06e3-4ec2a7364f80_front_angle_1000.jpg?alt=media&token=ab256e30-1ccd-4179-b3fd-c7e765dcbfcc,https://firebasestorage.googleapis.com/v0/b/steady-copilot-206205.appspot.com/o/goods%2F8a896d5e-5504-47ee-06e3-4ec2a7364f80%2F8a896d5e-5504-47ee-06e3-4ec2a7364f80_front_angle_1000.png?alt=media&token=02518d95-3e1a-4596-885b-e35d8a07d271,https://firebasestorage.googleapis.com/v0/b/steady-copilot-206205.appspot.com/o/goods%2F8a896d5e-5504-47ee-06e3-4ec2a7364f80%2F8a896d5e-5504-47ee-06e3-4ec2a7364f80_front_angle_250.jpg?alt=media&token=e5939494-e12a-4e18-9cfb-6de828f6aa31,https://firebasestorage.googleapis.com/v0/b/steady-copilot-206205.appspot.com/o/goods%2F8a896d5e-5504-47ee-06e3-4ec2a7364f80%2F8a896d5e-5504-47ee-06e3-4ec2a7364f80_front_angle_250.png?alt=media&token=0dc1ea6c-8b4f-49ca-ae63-a06ddf972e15,,,,,,,,,,,,,,,,,,,,,,,,,,,,,,,,,,,,,,,,,,,,,,,,,,,,,,,,,,,,,,,,,,,,,,,,,,,,,,,,,,,,,,,,,,,,,,,,,,,,,,,,,,,,,,,,,,,,,,,,,,,,,,,,,,,,,,,,,,,,,,,,,,,,,,,,,,,,,,,,,,,,,,,,,,,,,,,,,,,,,,,,,,,,,,,,,,,,,,,,,,,,,,,,,,,,,,,,,,,,,,,,,,,,,,,,,,,,,,,,,,,,,,,,,,,,,,,,,,,,,,,,,,,,,,,,,,,,,,,,,,,,,,,,,,,,,,,,,,,,,,,,,,,,,,,,,,,,,,,,,,,,,,,,,,,,,,,,,,,,,,,,,,,,,,,,,,,,,,,,,,,,,,,,,,,,,,,,,,,,,,,,,,,,,,,,,,,,,,,,,,,,,,,,,,,,,,,,,,,,,,,,,,,,"[[숯불 붙이는 방법]]
#1 라이터 또는 토치 등을 이용하여 점화탄에 불을 붙입니다. (점화탄 불꽃에 주의하시고, 점화탄을 집게로 잡고 불을 붙이면 더욱 안전합니다.)
#2 점화탄에 불을 옮겨 붙인 후, 참숯을 점화탄 주위로 놓아 주세요.
#3 10~20분 후 참숯이 빨갛게 불이 붙으면 요리를 시작하시면 됩니다.",,,,"재질 ::
본체(철판)-분체도장,
석쇠(steel)-크롬도금",# 숯불 바베큐 구이용,,,,,,,,,,,,,,,,,,,,
8809213891021,10260401,전문스포츠/레저>캠핑>캠핑조리/취사용품>바비큐용품,화성연료 캠핑엔 바베큐 그릴 소 2~3인용 360 x 320 x 240(H),드럼 바베큐그릴 소(小),,,드럼 바베큐그릴 소(小),,,"구분=업소/업자|:|이름=(주)화성연료 본사·공장|:|주소=경북 칠곡군 지천면 창평리 646번지
구분=제조/생산|:|이름=(주)화성연료|:|주소=",국내제품,원산지=대한민국(국산),(주)화성연료,화성연료|:|Hwasung Fuel,단일,사이즈=360 x 320 x 240(H)|:|규격=360 x 320 x 240(H),,1.0,,2300.0,39.0,33.0,14.5,,육면체형,,,N,N,"[[주의사항]]
# 지정된 그릴이나 용기에 꼭 사용하십시오.
#근접시 화상의 우려가 있으니 주의 하십시오.",본사 및 구입처,"054-972-2467 ((주)화성연료 본사·공장), 054-972-4628 (FAX, (주)화성연료 본사·공장)",# 언제 어디서나~맛있는 바베큐 타임~!,,,2023-03-27 16:22:31,2023-04-22 07:00:07,https://firebasestorage.googleapis.com/v0/b/steady-copilot-206205.appspot.com/o/goods%2F92a15e21-ff89-4503-232d-f4ea5fd03d41%2F92a15e21-ff89-4503-232d-f4ea5fd03d41_front_angle_1000.jpg?alt=media&token=698c727e-9ad4-414b-954d-ecb28e269093,https://firebasestorage.googleapis.com/v0/b/steady-copilot-206205.appspot.com/o/goods%2F92a15e21-ff89-4503-232d-f4ea5fd03d41%2F92a15e21-ff89-4503-232d-f4ea5fd03d41_front_angle_1000.png?alt=media&token=84e1a85b-6c1e-471d-9f35-9a16201917a9,https://firebasestorage.googleapis.com/v0/b/steady-copilot-206205.appspot.com/o/goods%2F92a15e21-ff89-4503-232d-f4ea5fd03d41%2F92a15e21-ff89-4503-232d-f4ea5fd03d41_front_angle_250.jpg?alt=media&token=f12faf40-0388-4ca4-976c-38a844829bf9,https://firebasestorage.googleapis.com/v0/b/steady-copilot-206205.appspot.com/o/goods%2F92a15e21-ff89-4503-232d-f4ea5fd03d41%2F92a15e21-ff89-4503-232d-f4ea5fd03d41_front_angle_250.png?alt=media&token=43f2aa61-b4cf-4e4b-ad17-9c938951a107,,,,,,,,,,,,,,,,,,,,,,,,,,,,,,,,,,,,,,,,,,,,,,,,,,,,,,,,,,,,,,,,,,,,,,,,,,,,,,,,,,,,,,,,,,,,,,,,,,,,,,,,,,,,,,,,,,,,,,,,,,,,,,,,,,,,,,,,,,,,,,,,,,,,,,,,,,,,,,,,,,,,,,,,,,,,,,,,,,,,,,,,,,,,,,,,,,,,,,,,,,,,,,,,,,,,,,,,,,,,,,,,,,,,,,,,,,,,,,,,,,,,,,,,,,,,,,,,,,,,,,,,,,,,,,,,,,,,,,,,,,,,,,,,,,,,,,,,,,,,,,,,,,,,,,,,,,,,,,,,,,,,,,,,,,,,,,,,,,,,,,,,,,,,,,,,,,,,,,,,,,,,,,,,,,,,,,,,,,,,,,,,,,,,,,,,,,,,,,,,,,,,,,,,,,,,,,,,,,,,,,,,,,,,"[[숯불 붙이는 방법]]
#1 라이터 또는 토치 등을 이용하여 점화탄에 불을 붙입니다. (점화탄 불꽃에 주의하시고, 점화탄을 집게로 잡고 불을 붙이면 더욱 안전합니다.)
#2 점화탄에 불을 옮겨 붙인 후, 참숯을 점화탄 주위로 놓아 주세요.
#3 10~20분 후 참숯이 빨갛게 불이 붙으면 요리를 시작하시면 됩니다.",,,,"재질 ::
본체(철판)-분체도장,
석쇠(steel)-크롬도금",# 숯불 바베큐 구이용,,,,,,,,,,,,,,,,,,,,
8809213891250,10260401,전문스포츠/레저>캠핑>캠핑조리/취사용품>바비큐용품,화성연료 캠핑엔 바베큐 그릴 중 3-4인용 450 x 315 x 245(H),캠핑엔 바베큐 중(中),,,캠핑엔 바베큐 중(中),,,"구분=업소/업자|:|이름=(주)화성연료 본사·공장|:|주소=경북 칠곡군 지천면 창평리 646번지
구분=제조/생산|:|이름=(주)화성연료|:|주소=",국내제품,원산지=대한민국(국산),(주)화성연료,화성연료|:|Hwasung Fuel|:|PREMIUM Camping & Grill,단일,사이즈=450 x 315 x 245(H)|:|규격=450 x 315 x 245(H),,1.0,,2750.0,47.0,34.0,14.0,,육면체형,,,N,N,"[[주의사항]]
# 지정된 그릴이나 용기에 꼭 사용하십시오.
#근접시 화상의 우려가 있으니 주의 하십시오.",본사 및 구입처,"054-972-2467 ((주)화성연료 본사·공장), 054-972-4628 (FAX, (주)화성연료 본사·공장)",# 언제 어디서나~맛있는 바베큐 타임~!,,,2023-03-27 16:26:49,2023-04-22 07:00:07,https://firebasestorage.googleapis.com/v0/b/steady-copilot-206205.appspot.com/o/goods%2F61173185-0984-4412-26b0-12dbd1ad710c%2F61173185-0984-4412-26b0-12dbd1ad710c_front_angle_1000.jpg?alt=media&token=010787af-d705-48b5-97f4-0cbec9cae4f1,https://firebasestorage.googleapis.com/v0/b/steady-copilot-206205.appspot.com/o/goods%2F61173185-0984-4412-26b0-12dbd1ad710c%2F61173185-0984-4412-26b0-12dbd1ad710c_front_angle_1000.png?alt=media&token=4cb0f935-a216-4494-9aa8-8dadfe4acf5a,https://firebasestorage.googleapis.com/v0/b/steady-copilot-206205.appspot.com/o/goods%2F61173185-0984-4412-26b0-12dbd1ad710c%2F61173185-0984-4412-26b0-12dbd1ad710c_front_angle_250.jpg?alt=media&token=0a5a881a-d34d-4748-96bf-83a4d7ac403b,https://firebasestorage.googleapis.com/v0/b/steady-copilot-206205.appspot.com/o/goods%2F61173185-0984-4412-26b0-12dbd1ad710c%2F61173185-0984-4412-26b0-12dbd1ad710c_front_angle_250.png?alt=media&token=e7a20bc7-ebc9-40cf-be9c-e9fd52462506,,,,,,,,,,,,,,,,,,,,,,,,,,,,,,,,,,,,,,,,,,,,,,,,,,,,,,,,,,,,,,,,,,,,,,,,,,,,,,,,,,,,,,,,,,,,,,,,,,,,,,,,,,,,,,,,,,,,,,,,,,,,,,,,,,,,,,,,,,,,,,,,,,,,,,,,,,,,,,,,,,,,,,,,,,,,,,,,,,,,,,,,,,,,,,,,,,,,,,,,,,,,,,,,,,,,,,,,,,,,,,,,,,,,,,,,,,,,,,,,,,,,,,,,,,,,,,,,,,,,,,,,,,,,,,,,,,,,,,,,,,,,,,,,,,,,,,,,,,,,,,,,,,,,,,,,,,,,,,,,,,,,,,,,,,,,,,,,,,,,,,,,,,,,,,,,,,,,,,,,,,,,,,,,,,,,,,,,,,,,,,,,,,,,,,,,,,,,,,,,,,,,,,,,,,,,,,,,,,,,,,,,,,,,"[[숯불 붙이는 방법]]
#1 라이터 또는 토치 등을 이용하여 점화탄에 불을 붙입니다. (점화탄 불꽃에 주의하시고, 점화탄을 집게로 잡고 불을 붙이면 더욱 안전합니다.)
#2 점화탄에 불을 옮겨 붙인 후, 참숯을 점화탄 주위로 놓아 주세요.
#3 10~20분 후 참숯이 빨갛게 불이 붙으면 요리를 시작하시면 됩니다.",,,,"재질 ::
본체(철판)-분체도장,
석쇠(steel)-크롬도금",# 숯불 바베큐 구이용,,,,,식품용 인증,,,,,,,,,,,,,,,
8809213895180,10260401,전문스포츠/레저>캠핑>캠핑조리/취사용품>바비큐용품,레디큐 석쇠그릴 3P세트 대 (560 × 410mm),석쇠그릴 3P세트(대),BARBECUE GRILL 3P,,석쇠그릴 3P세트(대),,,"구분=제조/생산|:|이름=WEIFANG XINYUAN BARIUM CO., LTD, ANPING JINYUAN METAL CO., LTD 外|:|주소=
구분=수입판매|:|이름=(주)화성연료|:|주소=경북 칠곡군 지천면 지천로 433",국내제품,제조국=대한민국(국산),(주)화성연료,레디큐,단일,규격=대 (560 × 410mm),,1.0,,663.0,56.5,41.0,0.8,,평면형,,종이,N,N,"[[취급상 주의사항]]
# 구이 조리시 석쇠를 맨손으로 만지지 마십시오.(화상주의)",구입처 또는 본사,054-972-2467 ((주)화성연료),"# 레디큐 바베큐의 시작!
# READY
# 레디큐와 함께하는 행복한 바비큐요리!","# Good Choice
_ Hwasung Fuel Company
# 레디큐는 바베큐의 시작을 알리는 숯&그릴 전문 브랜드입니다.",,2023-06-12 11:49:27,2023-06-21 07:00:06,https://firebasestorage.googleapis.com/v0/b/steady-copilot-206205.appspot.com/o/goods%2F6457571e-df39-4755-e1de-a1d0235ba293%2F6457571e-df39-4755-e1de-a1d0235ba293_front_angle_1000.jpg?alt=media&token=25cbe5cc-f95e-47a1-8fa5-d2f9b8cac82d,https://firebasestorage.googleapis.com/v0/b/steady-copilot-206205.appspot.com/o/goods%2F6457571e-df39-4755-e1de-a1d0235ba293%2F6457571e-df39-4755-e1de-a1d0235ba293_front_angle_1000.png?alt=media&token=83b8296b-c907-4509-bf3e-e8ea09bdbf5b,https://firebasestorage.googleapis.com/v0/b/steady-copilot-206205.appspot.com/o/goods%2F6457571e-df39-4755-e1de-a1d0235ba293%2F6457571e-df39-4755-e1de-a1d0235ba293_front_angle_250.jpg?alt=media&token=31573277-1c62-46dc-af5a-60c96b3d249f,https://firebasestorage.googleapis.com/v0/b/steady-copilot-206205.appspot.com/o/goods%2F6457571e-df39-4755-e1de-a1d0235ba293%2F6457571e-df39-4755-e1de-a1d0235ba293_front_angle_250.png?alt=media&token=689a26f0-de5a-4507-8d08-3da55f41b3cf,,,,,,,,,,,,,,,,,,,,,,,,,,,,,,,,,,,,,,,,,,,,,,,,,,,,,,,,,,,,,,,,,,,,,,,,,,,,,,,,,,,,,,,,,,,,,,,,,,,,,,,,,,,,,,,,,,,,,,,,,,,,,,,,,,,,,,,,,,,,,,,,,,,,,,,,,,,,,,,,,,,,,,,,,,,,,,,,,,,,,,,,,,,,,,,,,,,,,,,,,,,,,,,,,,,,,,,,,,,,,,,,,,,,,,,,,,,,,,,,,,,,,,,,,,,,,,,,,,,,,,,,,,,,,,,,,,,,,,,,,,,,,,,,,,,,,,,,,,,,,,,,,,,,,,,,,,,,,,,,,,,,,,,,,,,,,,,,,,,,,,,,,,,,,,,,,,,,,,,,,,,,,,,,,,,,,,,,,,,,,,,,,,,,,,,,,,,,,,,,,,,,,,,,,,,,,,,,,,,,,,,,,,,,,,,,재질 :: steel(아연도금),# 숯불구이용(다용도),,,,,식품용 인증,,,,,,,,,,,,,,,
8801775803917,10269999,전문스포츠/레저>캠핑>기타캠핑용품>기타캠핑용품,코멕스 아이스탱크 10L (밀리터리그린),밀리터리 아이스탱크 10,MILITARY ICE TANK 10,,코멕스 아이스탱크 10L (밀리터리그린),,,구분=제조/판매|:|이름=(주)코멕스산업|:|주소=서울시 금천구 가산디지털 1로 168 우림라이온스밸리 B동 10층,국내제품,제조국=대한민국(국산),(주)코멕스산업,코멕스|:|COMAX,단일,용량=10L (뚜껑포함),,1.0,,1510.0,33.5,24.0,30.5,,육면체형,,,N,N,"[[사용상 주의사항]]
# 화기 근처에 가까이하지 마십시오. 
# 강한 충격을 주지 마십시오
# 직사광선, 자동차의 트렁크 속에서는 보냉 효력이 떨어집니다.
# 안전을 위해 뚜껑은 언제나 꼭 닫아 주십시오. 
# 보냉 중에는 뚜껑을 자주 열지 마십시오
# 아이스박스 세척 시 아이스박스 안으로 물이 들어가지 않도록 주의 바랍니다.
# 드라이아이스를 넣어 사용하지 마십시오.
# 아이스팩 사용 시 내용물 넣은 후 상단에 올려주세요
# 음식물의 보냉용으로 사용하십시오
# 용도 외에는 사용하지 마십시오 (음식물 보관용)",구입처 및 본사,080-676-1004,,# 보냉효력 : 8시간 후 15℃이하,,2023-07-06 17:43:27,2023-07-21 07:00:07,https://firebasestorage.googleapis.com/v0/b/steady-copilot-206205.appspot.com/o/goods%2F7a2aab4c-be3f-4caf-09cc-3aa30c46a7ab%2F7a2aab4c-be3f-4caf-09cc-3aa30c46a7ab_front_angle_1000.jpg?alt=media&token=ad293d59-7d71-4228-8024-d0f9eef97417,https://firebasestorage.googleapis.com/v0/b/steady-copilot-206205.appspot.com/o/goods%2F7a2aab4c-be3f-4caf-09cc-3aa30c46a7ab%2F7a2aab4c-be3f-4caf-09cc-3aa30c46a7ab_front_angle_1000.png?alt=media&token=92294423-86ea-4297-8b7f-b5a77b8e118f,https://firebasestorage.googleapis.com/v0/b/steady-copilot-206205.appspot.com/o/goods%2F7a2aab4c-be3f-4caf-09cc-3aa30c46a7ab%2F7a2aab4c-be3f-4caf-09cc-3aa30c46a7ab_front_angle_250.jpg?alt=media&token=88290939-6169-4bef-b9d3-6f9a07c35c82,https://firebasestorage.googleapis.com/v0/b/steady-copilot-206205.appspot.com/o/goods%2F7a2aab4c-be3f-4caf-09cc-3aa30c46a7ab%2F7a2aab4c-be3f-4caf-09cc-3aa30c46a7ab_front_angle_250.png?alt=media&token=765d157b-44eb-41f4-a9bd-7ef3680ba016,,,,,,,,,,,,,,,,,,,,,,,,,,,,,,,,,,,,,,,,,,,,,,,,,,,,,,,,,,,,,,,,,,,,,,,,,,,,,,,,,,,,,,,,,,,,,,,,,,,,,,,,,,,,,,,,,,,,,,,,,,,,,,,,,,,,,,,,,,,,,,,,,,,,,,,,,,,,,,,,,,,,,,,,,,,,,,,,,,,,,,,,,,,,,,,,,,,,,,,,,,,,,,,,,,,,,,,,,,,,,,,,,,,,,,,,,,,,,,,,,,,,,,,,,,그린,,,,,,,,,,,,,,,,,,,,,,,,,,,,,,,,,,,,,,,,,,,,,,,,,,,,,,,,,,,,,,,,,,,,,,,,,,,,,,,,,,,,,,,,,,,,,,,,,,,,,,,,,,,,,,,,,,,,,,,,,,,,,,,,,,,,,,,,,,,,,,,,,,,,,,,,,,,,,,,,,,,,,,,,,,,,,,,,,,,,,,"재질 :: 폴리에틸렌, 폴리프로필렌, 발포 폴리스티렌",,,,,,,,,,,,,,,,,,,,,
