GTIN,상품분류코드,상품분류명,상품명(대표),상품명(국문),상품명(영문),상품명(기타),품목명,모델명,제품번호,회사정보,수입 상품 구분,국가정보,브랜드 소유회사,브랜드명,상품 단위,규격정보,상품 구성,포장단위별 수량,순중량(Net Weight),총중량(Gross Weight),가로(cm),세로(cm),높이(cm),과세형태,상품 형태,상품 포장 재질,분리배출표시,성인용 상품 여부,어린이용 상품 여부,보관 취급 주의사항,AS책임자(반품/교환주소),전화번호(교환문의),마케팅 문구,기타,원재료 전체텍스트,등록일시,수정일시,보정이미지 1000 JPG,보정이미지 1000 PNG,썸네일 250 JPG,썸네일 250 PNG,영양성분,부가기능(138677),렌즈색상(138768),자외선 차단기능(138769),렌즈종류(138770),선글라스종류(138771),길이(138773),주요소재(138774),장식(138775),주요소재(138776),종류(138777),갑피(138778),스마트폰 수납(138779),주요소재(138780),사이즈(138781),수하물규격(138782),솔(밑창) 재질(138783),주요소재(캐리어)(138784),종류(138785),부가특징(138786),부츠종류(138788),노트북수납(138789),토스타일(138790),프레임소재(138813),프레임형태(138814),종류(138815),헤어색상(138818),가발 종류(138819),아웃솔(138820),색상(138821),부가기능(138822),패턴(138830),주요소재(138832),안감(138840),주요소재(신발)(138844),굽높이(cm)(138958),모자 종류(138997),최소연령(139040),성별/연령(139132),색상(139546),부가기능(139553),최대 기압방수(139554),케이스 소재(139555),장식(139556),버클(139557),쿼츠 종류(139559),무브먼트(139560),글래스 소재(139561),케이스 모양(139562),밴드 소재(139563),스타일(139564),종류(139566),방식(139567),발목높이(139602),주요특징(139603),캐릭터명(139786),손 구분(139830),아이템(139836),장식(139859),아이템(139860),길이(139861),굽타입(139862),용도(139865),제품 소재(140698),세탁방법(140702),KC인증번호(140740),사용방법(140746),KC인증 필 유무(140856),사용연령(140864),KC인증정보(140870),재질/원료/성분명(140878),용도(140902),홈페이지 주소(140903),내열온도(140905),내냉온도(140906),영업신고(허가)번호(140921),인증(140933),품질보증기간(140940),종류(140952),제조년월(140958),섬유제품 취급에 관한 표시(140959),섬유의 조성 및 혼용율(140962),제품특징(140963),사용용도(140964),가격(140966)
8809404601095,11020303,패션잡화>남성신발>스니커즈/슬립온/슬리퍼>슬리퍼,형제 PVC 쿠션왕 삼선 슬리퍼 260mm,PVC 쿠션왕 삼선 슬리퍼 260mm,Slipper,,삼선슬리퍼,,,"구분=제조/생산|:|이름=형제|:|주소=
구분=판매|:|이름=형제|:|주소=",국내제품,제조국=대한민국(국산),형제,,단일,(규격)=260mm,,1,,510.0,42.0,12.8,7.0,,기타유형,,비닐류(PP),N,N,"[[주의사항]]
# 화기주의, 미끄럼 주의",,,,,,2022-04-22 16:01:40,2022-06-29 09:38:41,https://firebasestorage.googleapis.com/v0/b/steady-copilot-206205.appspot.com/o/goods%2F1113e0c7-1b50-4d76-74a7-6c820d398967%2F1113e0c7-1b50-4d76-74a7-6c820d398967_front_angle_1000.jpg?alt=media&token=04401c25-5fda-4f1f-b38c-32ae5742662e,https://firebasestorage.googleapis.com/v0/b/steady-copilot-206205.appspot.com/o/goods%2F1113e0c7-1b50-4d76-74a7-6c820d398967%2F1113e0c7-1b50-4d76-74a7-6c820d398967_front_angle_1000.png?alt=media&token=9deb2939-52da-48ea-ab96-353110154b6d,https://firebasestorage.googleapis.com/v0/b/steady-copilot-206205.appspot.com/o/goods%2F1113e0c7-1b50-4d76-74a7-6c820d398967%2F1113e0c7-1b50-4d76-74a7-6c820d398967_front_angle_250.jpg?alt=media&token=ee3c8062-af36-4914-900d-44fed1f80bd8,https://firebasestorage.googleapis.com/v0/b/steady-copilot-206205.appspot.com/o/goods%2F1113e0c7-1b50-4d76-74a7-6c820d398967%2F1113e0c7-1b50-4d76-74a7-6c820d398967_front_angle_250.png?alt=media&token=61230a5b-0acf-43f7-a04e-9efdb992fb89,,,,,,,,,,,,,,,,,,,,,,,,,,,,,,,,,,,PVC,,,,,블랙,,,,,,,,,,,,,,,,,,,,,,,,,,,,,,,재질 :: PVC,,,,,,,,,,,,,,
8809404601071,11060508,패션잡화>여성신발>샌들/슬리퍼>슬리퍼,진양 PVC 쿠션왕 삼선 슬리퍼 240mm,PVC 쿠션왕 삼선 슬리퍼 240mm,,,PVC 쿠션왕 삼선 슬리퍼,,,구분=제조/생산|:|이름=주식회사 진양|:|주소=경기도 양주시 은현면 그루고개로 306-21,국내제품,제조국=대한민국(국산),주식회사 진양,,단일,규격=240mm,,1,,443.0,37.0,17.5,6.5,,기타유형,,비닐류(PP),N,N,"[[주의사항]]
# 기름 및 물기가 많은 곳에서는 미끄럼에 주의하시기 바랍니다.
# 직사광선, 화기, 열기 등에 장시간 노출시킬 경우 제품에 변형이 생길 수 있습니다.
# 본 제품은 상표등록제품으로 무단복제시 법적 처벌을 받을 수 있습니다.",,031-765-2215,,"# 재질 : PVC
# 사용연령 : 만 14세 이상
# 내열·내냉온도 : 100℃~-40℃",,2022-04-22 16:05:09,2022-06-29 09:41:05,https://firebasestorage.googleapis.com/v0/b/steady-copilot-206205.appspot.com/o/goods%2F632ae656-f7d7-4823-c67c-2b8d66a4fe09%2F632ae656-f7d7-4823-c67c-2b8d66a4fe09_front_angle_1000.jpg?alt=media&token=1f0ce100-914b-479f-a5eb-57b053c0ad6b,https://firebasestorage.googleapis.com/v0/b/steady-copilot-206205.appspot.com/o/goods%2F632ae656-f7d7-4823-c67c-2b8d66a4fe09%2F632ae656-f7d7-4823-c67c-2b8d66a4fe09_front_angle_1000.png?alt=media&token=2dce13a1-b065-411f-9640-96bb50fc5ef3,https://firebasestorage.googleapis.com/v0/b/steady-copilot-206205.appspot.com/o/goods%2F632ae656-f7d7-4823-c67c-2b8d66a4fe09%2F632ae656-f7d7-4823-c67c-2b8d66a4fe09_front_angle_250.jpg?alt=media&token=7b106f00-fb70-4cab-b8ce-d8cba6c9579f,https://firebasestorage.googleapis.com/v0/b/steady-copilot-206205.appspot.com/o/goods%2F632ae656-f7d7-4823-c67c-2b8d66a4fe09%2F632ae656-f7d7-4823-c67c-2b8d66a4fe09_front_angle_250.png?alt=media&token=21212c34-67be-43a2-8cff-39cd2d8b4c2a,,,,,,,,,,,,,,,,,,,,,,,,,,,,,,,,,,,PVC,,,,,,,,,,,,,,,,,,,,,,,,,,,,,,,,,N,,,,,,,,,,,,,,,,,
8809404601088,11060508,패션잡화>여성신발>샌들/슬리퍼>슬리퍼,진양 PVC 쿠션왕 삼선 슬리퍼 250mm,PVC 쿠션왕 삼선 슬리퍼 250mm,,,PVC 쿠션왕 삼선 슬리퍼,,,구분=제조/생산|:|이름=주식회사 진양|:|주소=경기도 양주시 은현면 그루고개로 306-21,국내제품,제조국=대한민국(국산),주식회사 진양,,단일,규격=250mm,,1,,511.0,38.8,12.8,7.5,,기타유형,,비닐류(PP),N,N,"[[주의사항]]
# 기름 및 물기가 많은 곳에서는 미끄럼에 주의하시기 바랍니다.
# 직사광선, 화기, 열기 등에 장시간 노출시킬 경우 제품에 변형이 생길 수 있습니다.
# 본 제품은 상표등록제품으로 무단복제시 법적 처벌을 받을 수 있습니다.",,031-765-2215,,"# 재질 : PVC
# 사용연령 : 만 14세 이상
# 내열·내냉온도 : 100℃~-40℃",,2022-04-22 16:06:50,2022-06-29 09:42:32,https://firebasestorage.googleapis.com/v0/b/steady-copilot-206205.appspot.com/o/goods%2Fe9e31060-9af7-4c52-a4d6-4b8196a0c1b7%2Fe9e31060-9af7-4c52-a4d6-4b8196a0c1b7_front_angle_1000.jpg?alt=media&token=1a10ddcc-2e73-411e-a13f-259341213736,https://firebasestorage.googleapis.com/v0/b/steady-copilot-206205.appspot.com/o/goods%2Fe9e31060-9af7-4c52-a4d6-4b8196a0c1b7%2Fe9e31060-9af7-4c52-a4d6-4b8196a0c1b7_front_angle_1000.png?alt=media&token=38beacf7-17a6-4d30-b40e-1465206fa478,https://firebasestorage.googleapis.com/v0/b/steady-copilot-206205.appspot.com/o/goods%2Fe9e31060-9af7-4c52-a4d6-4b8196a0c1b7%2Fe9e31060-9af7-4c52-a4d6-4b8196a0c1b7_front_angle_250.jpg?alt=media&token=f74abbc6-58b9-48c3-8576-f89a3d465105,https://firebasestorage.googleapis.com/v0/b/steady-copilot-206205.appspot.com/o/goods%2Fe9e31060-9af7-4c52-a4d6-4b8196a0c1b7%2Fe9e31060-9af7-4c52-a4d6-4b8196a0c1b7_front_angle_250.png?alt=media&token=d7d35e3c-6c7f-4c4d-909a-8ae477846d8c,,,,,,,,,,,,,,,,,,,,,,,,,,,,,,,,,,,PVC,,,,,,,,,,,,,,,,,,,,,,,,,,,,,,,,,N,,,,,,,,,,,,,,,,,
8809404601101,11020303,패션잡화>남성신발>스니커즈/슬립온/슬리퍼>슬리퍼,형제 PVC 쿠션왕 삼선 슬리퍼 260mm,PVC 쿠션왕 삼선 슬리퍼 270mm,,,삼선슬리퍼,,,"구분=제조/생산|:|이름=형제|:|주소=
구분=판매|:|이름=형제|:|주소=",국내제품,제조국=대한민국(국산),형제,,단일,(규격)=270mm,,1,,655.0,40.4,14.0,6.3,,기타유형,,비닐류(PP),N,N,"[[주의사항]]
# 화기주의
# 미끄럼 주의",,,,,,2022-04-22 16:09:03,2022-06-29 09:44:06,https://firebasestorage.googleapis.com/v0/b/steady-copilot-206205.appspot.com/o/goods%2F6522aff4-7e64-43f3-4fb0-2738ab4c97cf%2F6522aff4-7e64-43f3-4fb0-2738ab4c97cf_front_angle_1000.jpg?alt=media&token=59733b39-3fcf-4868-9080-7f5c59bf0bfe,https://firebasestorage.googleapis.com/v0/b/steady-copilot-206205.appspot.com/o/goods%2F6522aff4-7e64-43f3-4fb0-2738ab4c97cf%2F6522aff4-7e64-43f3-4fb0-2738ab4c97cf_front_angle_1000.png?alt=media&token=a47f1a85-9e00-48a5-9f24-6337d73b6e16,https://firebasestorage.googleapis.com/v0/b/steady-copilot-206205.appspot.com/o/goods%2F6522aff4-7e64-43f3-4fb0-2738ab4c97cf%2F6522aff4-7e64-43f3-4fb0-2738ab4c97cf_front_angle_250.jpg?alt=media&token=e4f68750-4caa-4dbe-a249-78bc295f0083,https://firebasestorage.googleapis.com/v0/b/steady-copilot-206205.appspot.com/o/goods%2F6522aff4-7e64-43f3-4fb0-2738ab4c97cf%2F6522aff4-7e64-43f3-4fb0-2738ab4c97cf_front_angle_250.png?alt=media&token=d1264321-8906-460a-9d3d-cc63539e086e,,,,,,,,,,,,,,,,,,,,,,,,,,,,,,,,,,,PVC,,,,,블랙,,,,,,,,,,,,,,,,,,,,,,,,,,,,,,,재질 :: PVC,,,,,,,,,,,,,,
8809404601118,11020303,패션잡화>남성신발>스니커즈/슬립온/슬리퍼>슬리퍼,진양 PVC 쿠션왕 삼선 슬리퍼 280mm,PVC 쿠션왕 삼선 슬리퍼 280mm,,,PVC 쿠션왕 삼선 슬리퍼,,,구분=제조/생산|:|이름=주식회사 진양|:|주소=경기도 양주시 은현면 그루고개로 306-21,국내제품,제조국=대한민국(국산),주식회사 진양,,단일,규격=280mm,,1,,562.0,41.2,11.0,6.5,,기타유형,,비닐류(PP),N,N,"[[주의사항]]
# 기름 및 물기가 많은 곳에서는 미끄럼에 주의하시기 바랍니다.
# 직사광선, 화기, 열기 등에 장시간 노출시킬 경우 제품에 변형이 생길 수 있습니다.
# 본 제품은 상표등록제품으로 무단복제시 법적 처벌을 받을 수 있습니다.",,031-765-2215,,"# 재질 : PVC
# 사용연령 : 만 14세 이상
# 내열·내냉온도 : 100℃~-40℃",,2022-04-22 16:11:04,2022-06-29 09:45:46,https://firebasestorage.googleapis.com/v0/b/steady-copilot-206205.appspot.com/o/goods%2Fb9de1bb4-a411-473b-eb02-f6d8f9cf5c84%2Fb9de1bb4-a411-473b-eb02-f6d8f9cf5c84_front_angle_1000.jpg?alt=media&token=dc45fd75-c130-4435-b88c-fed7cd0f9ac0,https://firebasestorage.googleapis.com/v0/b/steady-copilot-206205.appspot.com/o/goods%2Fb9de1bb4-a411-473b-eb02-f6d8f9cf5c84%2Fb9de1bb4-a411-473b-eb02-f6d8f9cf5c84_front_angle_1000.png?alt=media&token=62a1ef8b-1e53-4739-ba5a-da41cdf39c6c,https://firebasestorage.googleapis.com/v0/b/steady-copilot-206205.appspot.com/o/goods%2Fb9de1bb4-a411-473b-eb02-f6d8f9cf5c84%2Fb9de1bb4-a411-473b-eb02-f6d8f9cf5c84_front_angle_250.jpg?alt=media&token=a39a5698-abb5-4a07-a17e-e1ec4d4d4e9d,https://firebasestorage.googleapis.com/v0/b/steady-copilot-206205.appspot.com/o/goods%2Fb9de1bb4-a411-473b-eb02-f6d8f9cf5c84%2Fb9de1bb4-a411-473b-eb02-f6d8f9cf5c84_front_angle_250.png?alt=media&token=ebf66ded-c134-4ef9-bdb4-be972338922b,,,,,,,,,,,,,,,,,,,,,,,,,,,,,,,,,,,PVC,,,,,블랙,,,,,,,,,,,,,,,,,,,,,,,,,,,,,,,재질 :: PVC,,,,,,,,,,,,,,
8809013610570,11080102,패션잡화>장갑>장갑/암워머/토시>암워머/토시,후디스 토시 (작업용 보조소매) 일반용 20cm x 40cm,토시(작업용 보조소매),,,토시(작업용 보조소매),,,구분=업소/업자|:|이름=한국후디스|:|주소=부산광역시 진구 연지동 50-15,국내제품,제조국=대한민국(국산),한국후디스,후디스|:|FOODIS,단일,규격=일반용 약 20cm(가로) x 약40cm(세로),,1,,50.0,13.8,1.5,38.8,,봉지형,포장재질 :: 폴리프로필렌(포장내면),비닐류(PP),N,N,,,,# 특제품,"# 포장단위 : 1켤레(2짝)
# 한국후디스
_ HankookFoodis Co., Ltd.",,2023-06-26 15:43:27,2023-07-08 07:00:07,https://firebasestorage.googleapis.com/v0/b/steady-copilot-206205.appspot.com/o/goods%2Fd450b3e2-7ec9-4fed-24e0-5e07babe02a8%2Fd450b3e2-7ec9-4fed-24e0-5e07babe02a8_front_angle_1000.jpg?alt=media&token=045db91f-6b25-4b76-82d5-4035c09c0350,https://firebasestorage.googleapis.com/v0/b/steady-copilot-206205.appspot.com/o/goods%2Fd450b3e2-7ec9-4fed-24e0-5e07babe02a8%2Fd450b3e2-7ec9-4fed-24e0-5e07babe02a8_front_angle_1000.png?alt=media&token=a76df6d3-2ea2-4784-86cf-a08b2f168663,https://firebasestorage.googleapis.com/v0/b/steady-copilot-206205.appspot.com/o/goods%2Fd450b3e2-7ec9-4fed-24e0-5e07babe02a8%2Fd450b3e2-7ec9-4fed-24e0-5e07babe02a8_front_angle_250.jpg?alt=media&token=414eadfa-ce17-42bd-82ea-9f923008d0c9,https://firebasestorage.googleapis.com/v0/b/steady-copilot-206205.appspot.com/o/goods%2Fd450b3e2-7ec9-4fed-24e0-5e07babe02a8%2Fd450b3e2-7ec9-4fed-24e0-5e07babe02a8_front_angle_250.png?alt=media&token=97d2da8c-6495-4694-b799-ba2719e7820a,,,,,,,,,,,,,,,,,,,,,,,,,,,,,,화이트;스카이블루,,스트라이프,,,,,,,,,,,,,,,,,,,,,,,,,왼손;오른손,,,,,,,,,,,N,,,"재질 :: C.V.A원단 (면, 폴리에스텔 혼합)","# 사무실, 학교, 미술학원, 붓, 펜글씨학원 및 작업상 옷이 더럽혀질 일을 많이 하시는분",http://www.gofoodis.co.kr,,,,,,,,,,# 고급 나염원단을 소재로 만든 후디스 토시는 깔끔한 사무실 및 작업실에서는 멋진패션으로도 가치를 나타냅니다.,,
8809404601064,11060508,패션잡화>여성신발>샌들/슬리퍼>슬리퍼,PVC 쿠션왕 삼선 슬리퍼 230mm,PVC 쿠션왕 삼선 슬리퍼 230mm,,,,,,구분=제조/생산|:|이름=주식회사 진양|:|주소=경기도 양주시 은현면 그루고개로 306-21,국내제품,원산지=,주식회사 진양,,단일,규격=230mm,,1,,400.0,38.5,16.2,6.5,,기타유형,,비닐류(PP),N,N,"[[주의사항]]
# 기름 및 물기가 많은 곳에서는 미끄럼에 주의하시기 바랍니다.
# 직사광선, 화기, 열기 등에 장시간 노출시킬 경우 제품에 변형이 생길 수 있습니다.
# 본 제품은 상표등록제품으로 무단복제시 법적 처벌을 받을 수 있습니다.",,,,"# KING
_ KOREA HOUSE",,2023-11-22 14:06:13,2023-12-09 07:00:06,https://firebasestorage.googleapis.com/v0/b/steady-copilot-206205.appspot.com/o/goods%2F3c093f54-85bb-4bdb-cad0-3cfb8def24d8%2F3c093f54-85bb-4bdb-cad0-3cfb8def24d8_front_angle_1000.jpg?alt=media&token=e4d88cb4-3924-4fc2-93ff-cf645c2d25ad,https://firebasestorage.googleapis.com/v0/b/steady-copilot-206205.appspot.com/o/goods%2F3c093f54-85bb-4bdb-cad0-3cfb8def24d8%2F3c093f54-85bb-4bdb-cad0-3cfb8def24d8_front_angle_1000.png?alt=media&token=e13ac542-6c76-4323-a61a-65aa58c89cc9,https://firebasestorage.googleapis.com/v0/b/steady-copilot-206205.appspot.com/o/goods%2F3c093f54-85bb-4bdb-cad0-3cfb8def24d8%2F3c093f54-85bb-4bdb-cad0-3cfb8def24d8_front_angle_250.jpg?alt=media&token=11bfef47-b2bf-4c16-bca4-95a2316da51f,https://firebasestorage.googleapis.com/v0/b/steady-copilot-206205.appspot.com/o/goods%2F3c093f54-85bb-4bdb-cad0-3cfb8def24d8%2F3c093f54-85bb-4bdb-cad0-3cfb8def24d8_front_angle_250.png?alt=media&token=48cf0eb5-5ba9-48c2-b092-f7e86ec75a59,,,,,,,,,,,,,,,,,,,,,,,,,,,,,,,,,,,PVC,,,,,,,,,,,,,,,,,,,,,,,,,,,,,,,,,N,,,재질 :: PVC,,,100.0,-40.0,,,,,,,,,,
8809404600920,11060508,패션잡화>여성신발>샌들/슬리퍼>슬리퍼,KOREA HOUSE EVA 쿠션왕 통삼선 슬리퍼 240mm,EVA 쿠션왕 통삼선 슬리퍼 240mm,EVA Cushion King 3L Slipper,,EVA 쿠션왕 통삼선 슬리퍼 240mm,,,"구분=제조/생산|:|이름=FUZHOU PROSPEROUS YEAR I/E CO.,LTD.|:|주소=
구분=수입판매|:|이름=케이티무역(주) KㆍT TRADING CO.,LTD.|:|주소=경기도 광주시 곤지암읍 경충대로 187-26",수입제품,원산지=중국,"케이티무역(주) KㆍT TRADING CO.,LTD.",KOREA HOUSE,단일,규격=240(mm),,1,,190.0,39.8,19.7,9.0,,기타유형,,비닐류(PE),N,N,"[[기타 주의사항]]
# 기름이나 물기가 많은 곳에서 미끄럼에 주의하십시오.
# 직사광선에 장시간 노출시킬 경우 제품에 변형이 생길 수 있습니다.
# 본 상품은 상표등록제품으로 무단복제시 법적 처벌을 받을 수 있습니다.
# 본 상품은 디자인등록제품으로 무단복제시 법적 처벌을 받을 수 있습니다.",,"031-765-2215 (전화), 031-765-2216 (팩스) (케이티무역(주))",,# 사용연령 : 만 14세 이상 사용권장,,2023-11-22 14:25:37,2023-12-09 07:00:06,https://firebasestorage.googleapis.com/v0/b/steady-copilot-206205.appspot.com/o/goods%2Fd5b1d1be-68be-430d-d559-00348de44424%2Fd5b1d1be-68be-430d-d559-00348de44424_front_angle_1000.jpg?alt=media&token=e8a8eb2c-851e-4ac2-9aff-30efe4aef425,https://firebasestorage.googleapis.com/v0/b/steady-copilot-206205.appspot.com/o/goods%2Fd5b1d1be-68be-430d-d559-00348de44424%2Fd5b1d1be-68be-430d-d559-00348de44424_front_angle_1000.png?alt=media&token=a04733cf-a850-4adc-a949-45ecc4a57dd9,https://firebasestorage.googleapis.com/v0/b/steady-copilot-206205.appspot.com/o/goods%2Fd5b1d1be-68be-430d-d559-00348de44424%2Fd5b1d1be-68be-430d-d559-00348de44424_front_angle_250.jpg?alt=media&token=9a3d663b-e8e2-449d-8df2-ad7cef6ed0ad,https://firebasestorage.googleapis.com/v0/b/steady-copilot-206205.appspot.com/o/goods%2Fd5b1d1be-68be-430d-d559-00348de44424%2Fd5b1d1be-68be-430d-d559-00348de44424_front_angle_250.png?alt=media&token=2ef283f1-0ff1-46e4-acf7-60efaf39e033,,,,,,,,,,,,,,,,,,,,,,,,,,,,,,,,,,,EVA,,,,,,,,,,,,,,,,,,,,,,,,,,,,,,,,,N,,,재질 :: EVA,,"www.kt01.co.kr, www.ekttrading.com",,,,,,,,,,,,
8809404600937,11060508,패션잡화>여성신발>샌들/슬리퍼>슬리퍼,KOREA HOUSE EVA 쿠션왕 통삼선 슬리퍼 250mm,EVA 쿠션왕 통삼선 슬리퍼 250mm,EVA Cushion King 3L Slipper,,EVA 쿠션왕 통삼선 슬리퍼 250mm,,,"구분=제조/생산|:|이름=FUZHOU PROSPEROUS YEAR I/E CO.,LTD.|:|주소=
구분=수입판매|:|이름=케이티무역(주) KㆍT TRADING CO.,LTD.|:|주소=경기도 광주시 곤지암읍 경충대로 187-26",수입제품,원산지=중국,"케이티무역(주) KㆍT TRADING CO.,LTD.",KOREA HOUSE,단일,규격=250(mm),,1,,200.0,42.7,20.8,9.0,,기타유형,,비닐류(PE),N,N,"[[기타 주의사항]]
# 기름이나 물기가 많은 곳에서 미끄럼에 주의하십시오.
# 직사광선에 장시간 노출시킬 경우 제품에 변형이 생길 수 있습니다.
# 본 상품은 상표등록제품으로 무단복제시 법적 처벌을 받을 수 있습니다.
# 본 상품은 디자인등록제품으로 무단복제시 법적 처벌을 받을 수 있습니다.",,"031-765-2215 (전화), 031-765-2216 (팩스) (케이티무역(주))",,# 사용연령 : 만 14세 이상 사용권장,,2023-11-22 14:29:24,2023-12-09 07:00:06,https://firebasestorage.googleapis.com/v0/b/steady-copilot-206205.appspot.com/o/goods%2F4d2db771-03f8-48aa-d9f9-fb49976bd426%2F4d2db771-03f8-48aa-d9f9-fb49976bd426_front_angle_1000.jpg?alt=media&token=b7b3f3cc-2590-436a-be1d-cb9d701ad854,https://firebasestorage.googleapis.com/v0/b/steady-copilot-206205.appspot.com/o/goods%2F4d2db771-03f8-48aa-d9f9-fb49976bd426%2F4d2db771-03f8-48aa-d9f9-fb49976bd426_front_angle_1000.png?alt=media&token=54ca4e7e-6c3d-4490-85da-4f476b8e9d2c,https://firebasestorage.googleapis.com/v0/b/steady-copilot-206205.appspot.com/o/goods%2F4d2db771-03f8-48aa-d9f9-fb49976bd426%2F4d2db771-03f8-48aa-d9f9-fb49976bd426_front_angle_250.jpg?alt=media&token=53483d54-f0c6-4a0c-8394-31e71120640f,https://firebasestorage.googleapis.com/v0/b/steady-copilot-206205.appspot.com/o/goods%2F4d2db771-03f8-48aa-d9f9-fb49976bd426%2F4d2db771-03f8-48aa-d9f9-fb49976bd426_front_angle_250.png?alt=media&token=5fe30452-1144-41b3-bca7-46bcc2ad99d0,,,,,,,,,,,,,,,,,,,,,,,,,,,,,,,,,,,EVA,,,,,,,,,,,,,,,,,,,,,,,,,,,,,,,,,N,,,재질 :: EVA,,"www.kt01.co.kr, www.ekttrading.com",,,,,,,,,,,,
8809404600944,11020303,패션잡화>남성신발>스니커즈/슬립온/슬리퍼>슬리퍼,KOREA HOUSE EVA 쿠션왕 통삼선 슬리퍼 260mm,EVA 쿠션왕 통삼선 슬리퍼 260mm,EVA Cushion King 3L Slipper,,EVA 쿠션왕 통삼선 슬리퍼 260mm,,,"구분=제조/생산|:|이름=FUZHOU PROSPEROUS YEAR I/E CO.,LTD.|:|주소=
구분=수입판매|:|이름=케이티무역(주) KㆍT TRADING CO.,LTD.|:|주소=경기도 광주시 곤지암읍 경충대로 187-26",수입제품,원산지=중국,"케이티무역(주) KㆍT TRADING CO.,LTD.",KOREA HOUSE,단일,규격=260(mm),,1,,210.0,43.2,20.8,8.7,,기타유형,,비닐류(PE),N,N,"[[기타 주의사항]]
# 기름이나 물기가 많은 곳에서 미끄럼에 주의하십시오.
# 직사광선에 장시간 노출시킬 경우 제품에 변형이 생길 수 있습니다.
# 본 상품은 상표등록제품으로 무단복제시 법적 처벌을 받을 수 있습니다.
# 본 상품은 디자인등록제품으로 무단복제시 법적 처벌을 받을 수 있습니다.",,"031-765-2215 (전화), 031-765-2216 (팩스) (케이티무역(주))",,# 사용연령 : 만 14세 이상 사용권장,,2023-11-22 14:43:59,2023-12-09 07:00:06,https://firebasestorage.googleapis.com/v0/b/steady-copilot-206205.appspot.com/o/goods%2F896623f1-69d6-4ca4-c3bc-42ea1ac89539%2F896623f1-69d6-4ca4-c3bc-42ea1ac89539_front_angle_1000.jpg?alt=media&token=5c296f5d-0c4a-421d-8ce5-d11144f1d2b2,https://firebasestorage.googleapis.com/v0/b/steady-copilot-206205.appspot.com/o/goods%2F896623f1-69d6-4ca4-c3bc-42ea1ac89539%2F896623f1-69d6-4ca4-c3bc-42ea1ac89539_front_angle_1000.png?alt=media&token=c0fe830f-190e-43b7-aa4f-e0210b13d069,https://firebasestorage.googleapis.com/v0/b/steady-copilot-206205.appspot.com/o/goods%2F896623f1-69d6-4ca4-c3bc-42ea1ac89539%2F896623f1-69d6-4ca4-c3bc-42ea1ac89539_front_angle_250.jpg?alt=media&token=3f8110ae-9a88-4219-af85-73cee2997439,https://firebasestorage.googleapis.com/v0/b/steady-copilot-206205.appspot.com/o/goods%2F896623f1-69d6-4ca4-c3bc-42ea1ac89539%2F896623f1-69d6-4ca4-c3bc-42ea1ac89539_front_angle_250.png?alt=media&token=14c682f2-75b2-4e72-9644-8f9b3f0b076d,,,,,,,,,,,,,,,,,,,,,,,,,,,,,,,,,,,EVA,,,,,블랙,,,,,,,,,,,,,,,,,,,,,,,,,,,,N,,,재질 :: EVA,,"www.kt01.co.kr, www.ekttrading.com",,,,,,,,,,,,
8809404600968,11020303,패션잡화>남성신발>스니커즈/슬립온/슬리퍼>슬리퍼,KOREA HOUSE EVA 쿠션왕 통삼선 슬리퍼 270mm,EVA 쿠션왕 통삼선 슬리퍼 270mm,EVA Cushion King 3L Slipper,,EVA 쿠션왕 통삼선 슬리퍼 270mm,,,"구분=제조/생산|:|이름=FUZHOU PROSPEROUS YEAR I/E CO.,LTD.|:|주소=
구분=수입판매|:|이름=케이티무역(주) KㆍT TRADING CO.,LTD.|:|주소=경기도 광주시 곤지암읍 경충대로 187-26",수입제품,원산지=중국,"케이티무역(주) KㆍT TRADING CO.,LTD.",KOREA HOUSE,단일,규격=270(mm),,1,,230.0,43.8,21.8,9.8,,기타유형,,비닐류(PE),N,N,"[[기타 주의사항]]
# 기름이나 물기가 많은 곳에서 미끄럼에 주의하십시오.
# 직사광선에 장시간 노출시킬 경우 제품에 변형이 생길 수 있습니다.
# 본 상품은 상표등록제품으로 무단복제시 법적 처벌을 받을 수 있습니다.
# 본 상품은 디자인등록제품으로 무단복제시 법적 처벌을 받을 수 있습니다.",,"031-765-2215 (전화), 031-765-2216 (팩스) (케이티무역(주))",,# 사용연령 : 만 14세 이상 사용권장,,2023-11-22 14:46:26,2023-12-09 07:00:06,https://firebasestorage.googleapis.com/v0/b/steady-copilot-206205.appspot.com/o/goods%2F801e1482-bd26-4888-9e6f-080830144718%2F801e1482-bd26-4888-9e6f-080830144718_front_angle_1000.jpg?alt=media&token=2d58cbad-1381-43c4-8a61-f464d41d76f2,https://firebasestorage.googleapis.com/v0/b/steady-copilot-206205.appspot.com/o/goods%2F801e1482-bd26-4888-9e6f-080830144718%2F801e1482-bd26-4888-9e6f-080830144718_front_angle_1000.png?alt=media&token=e9564b44-6113-40f0-822a-022bfa834754,https://firebasestorage.googleapis.com/v0/b/steady-copilot-206205.appspot.com/o/goods%2F801e1482-bd26-4888-9e6f-080830144718%2F801e1482-bd26-4888-9e6f-080830144718_front_angle_250.jpg?alt=media&token=18fc4998-e51f-4f3b-8444-655cf4970384,https://firebasestorage.googleapis.com/v0/b/steady-copilot-206205.appspot.com/o/goods%2F801e1482-bd26-4888-9e6f-080830144718%2F801e1482-bd26-4888-9e6f-080830144718_front_angle_250.png?alt=media&token=a6942566-b17e-4ca8-844e-3662f416c967,,,,,,,,,,,,,,,,,,,,,,,,,,,,,,,,,,,EVA,,,,,블랙,,,,,,,,,,,,,,,,,,,,,,,,,,,,N,,,재질 :: EVA,,"www.kt01.co.kr, www.ekttrading.com",,,,,,,,,,,,
8809404600975,11020303,패션잡화>남성신발>스니커즈/슬립온/슬리퍼>슬리퍼,KOREA HOUSE EVA 쿠션왕 통삼선 슬리퍼 280mm,EVA 쿠션왕 통삼선 슬리퍼 280mm,EVA Cushion King 3L Slipper,,EVA 쿠션왕 통삼선 슬리퍼 280mm,,,"구분=제조/생산|:|이름=FUZHOU PROSPEROUS YEAR I/E CO.,LTD.|:|주소=
구분=수입판매|:|이름=케이티무역(주) KㆍT TRADING CO.,LTD.|:|주소=경기도 광주시 곤지암읍 경충대로 187-26",수입제품,원산지=중국,"케이티무역(주) KㆍT TRADING CO.,LTD.",KOREA HOUSE,단일,규격=280(mm),,1,,230.0,43.5,21.8,9.1,,기타유형,,비닐류(PE),N,N,"[[기타 주의사항]]
# 기름이나 물기가 많은 곳에서 미끄럼에 주의하십시오.
# 직사광선에 장시간 노출시킬 경우 제품에 변형이 생길 수 있습니다.
# 본 상품은 상표등록제품으로 무단복제시 법적 처벌을 받을 수 있습니다.
# 본 상품은 디자인등록제품으로 무단복제시 법적 처벌을 받을 수 있습니다.",,"031-765-2215 (전화), 031-765-2216 (팩스) (케이티무역(주))",,# 사용연령 : 만 14세 이상 사용권장,,2023-11-22 14:50:35,2023-12-09 07:00:06,https://firebasestorage.googleapis.com/v0/b/steady-copilot-206205.appspot.com/o/goods%2F0ebe672c-d439-4d27-aa04-1c2b6a0941ba%2F0ebe672c-d439-4d27-aa04-1c2b6a0941ba_front_angle_1000.jpg?alt=media&token=ef4c0c1e-cff5-4016-97d8-2e4f7e89decd,https://firebasestorage.googleapis.com/v0/b/steady-copilot-206205.appspot.com/o/goods%2F0ebe672c-d439-4d27-aa04-1c2b6a0941ba%2F0ebe672c-d439-4d27-aa04-1c2b6a0941ba_front_angle_1000.png?alt=media&token=3bab5b1f-05e0-458c-8cca-e56ee053a6ab,https://firebasestorage.googleapis.com/v0/b/steady-copilot-206205.appspot.com/o/goods%2F0ebe672c-d439-4d27-aa04-1c2b6a0941ba%2F0ebe672c-d439-4d27-aa04-1c2b6a0941ba_front_angle_250.jpg?alt=media&token=f497487a-c389-4bce-bb45-c05b31f9dc66,https://firebasestorage.googleapis.com/v0/b/steady-copilot-206205.appspot.com/o/goods%2F0ebe672c-d439-4d27-aa04-1c2b6a0941ba%2F0ebe672c-d439-4d27-aa04-1c2b6a0941ba_front_angle_250.png?alt=media&token=74d7ee83-6592-4bf4-89bc-3516fe764ebd,,,,,,,,,,,,,,,,,,,,,,,,,,,,,,,,,,,EVA,,,,,블랙,,,,,,,,,,,,,,,,,,,,,,,,,,,,N,,,재질 :: EVA,,"www.kt01.co.kr, www.ekttrading.com",,,,,,,,,,,,
8809019690323,11160101,패션잡화>유니섹스신발>유니섹스신발류>실내화,코리아트 지압화 FREE SIZE,코리아트 지압화,KORIArt SLIPPER,,코리아트 지압화,,,구분=수입|:|이름=(주)코텍스|:|주소=부산광역시 강서구 봉림동 653-6,수입제품,원산지=중국,(주)코텍스,KORIArt,단일,,,1,,220.0,19.0,40.8,5.8,,기타유형,,비닐류(PP),N,N,"[[주의사항]]
# 화기에 가까이 두지 말것",구입처,051-866-5211,"# Best of Best!!
# HAND MADE
# 가정용품 전문메이커 두헌산업의 코리아트 지압화는 엄선된 재료와 엄격한 품질관리를 거쳐 생산되는 깨끗하고 위생적인 고급 지압화입니다. 가정용품의 선택시에는 품질이 뛰어나고 경제적인 코리아트 제품을 권해 드립니다.",,,2023-11-22 17:49:36,2023-12-09 07:00:06,https://firebasestorage.googleapis.com/v0/b/steady-copilot-206205.appspot.com/o/goods%2Fc81b0555-4d02-4bd1-6b01-69eba3dd1178%2Fc81b0555-4d02-4bd1-6b01-69eba3dd1178_front_angle_1000.jpg?alt=media&token=34ee4c65-02f1-4c95-82b4-34b79ef7c77a,https://firebasestorage.googleapis.com/v0/b/steady-copilot-206205.appspot.com/o/goods%2Fc81b0555-4d02-4bd1-6b01-69eba3dd1178%2Fc81b0555-4d02-4bd1-6b01-69eba3dd1178_front_angle_1000.png?alt=media&token=819ba8f6-e4eb-45b8-9ffc-d8b0d0c38e35,https://firebasestorage.googleapis.com/v0/b/steady-copilot-206205.appspot.com/o/goods%2Fc81b0555-4d02-4bd1-6b01-69eba3dd1178%2Fc81b0555-4d02-4bd1-6b01-69eba3dd1178_front_angle_250.jpg?alt=media&token=c83d6640-be8d-4cb2-bf24-d7d70d7f28a4,https://firebasestorage.googleapis.com/v0/b/steady-copilot-206205.appspot.com/o/goods%2Fc81b0555-4d02-4bd1-6b01-69eba3dd1178%2Fc81b0555-4d02-4bd1-6b01-69eba3dd1178_front_angle_250.png?alt=media&token=6a5ef6a8-f3fe-4a45-8725-c01f8879f810,,,,,,,,,,,,,,,,,,,,,,,,,,,,,,,,,,,,,,,,,,,,,,,,,,,,,,,,,,,,,,,,,,,,N,,,"재질 :: 면, T/C, E.V.A.",,,,,,,,,,,,,,
8809264799055,11160101,패션잡화>유니섹스신발>유니섹스신발류>실내화,coucouciel 거실화 진 레빗,거실화,,,거실화,,,구분=제조/생산|:|이름=S.Y.C|:|주소=,국내제품,제조국=대한민국(국산),S.Y.C,coucouciel|:|꾸꾸씨엘,단일,,,1,,250.0,26.2,33.2,6.5,,기타유형,,비닐류(PP),N,N,,,,"# ""꾸꾸씨엘""과 함께하는 행복한 공간","# coucouciel™
_ style your space
# 접착방법 : 봉제 및 고압축식",,2023-11-23 09:22:27,2023-12-13 07:00:06,https://firebasestorage.googleapis.com/v0/b/steady-copilot-206205.appspot.com/o/goods%2F63e3f5ec-c53d-4d83-c4bd-f816e07ee6c7%2F63e3f5ec-c53d-4d83-c4bd-f816e07ee6c7_front_angle_1000.jpg?alt=media&token=f4d454b3-5d46-41b4-b111-1114f7cf7035,https://firebasestorage.googleapis.com/v0/b/steady-copilot-206205.appspot.com/o/goods%2F63e3f5ec-c53d-4d83-c4bd-f816e07ee6c7%2F63e3f5ec-c53d-4d83-c4bd-f816e07ee6c7_front_angle_1000.png?alt=media&token=88a1b3ca-0cfc-4daf-a38a-de89e5a2b843,https://firebasestorage.googleapis.com/v0/b/steady-copilot-206205.appspot.com/o/goods%2F63e3f5ec-c53d-4d83-c4bd-f816e07ee6c7%2F63e3f5ec-c53d-4d83-c4bd-f816e07ee6c7_front_angle_250.jpg?alt=media&token=3c711981-5256-4a77-ac0d-f2e34221fd87,https://firebasestorage.googleapis.com/v0/b/steady-copilot-206205.appspot.com/o/goods%2F63e3f5ec-c53d-4d83-c4bd-f816e07ee6c7%2F63e3f5ec-c53d-4d83-c4bd-f816e07ee6c7_front_angle_250.png?alt=media&token=f2406870-c871-4400-8e68-0ac5df2b9963,,,,,,,,,,,,,,,,,,,,,,,,,,,,,,,,,,,,,,,,,,,,,,,,,,,,,,,,,,,,,,,,,,,,N,,,"재질 :: 상피-면, 창재료-레자및EVA",,,,,,,,,,,,,,
8809158525555,11160101,패션잡화>유니섹스신발>유니섹스신발류>실내화,SUNG MOON 라인점보 실내화,라인점보,INDDOR SLIPPER,,라인점보,,,구분=제조/판매|:|이름=성문 인터내셔날|:|주소=인천 서구 가좌동 178-334,수입제품,제조국=중국,성문 인터내셔날,SUNG MOON|:|성문,단일,,,1,,120.0,27.5,34.3,7.5,,기타유형,,"비닐류(PP),플라스틱(PVC)",N,N,,,,"# Beauty House Wares
# Our company is made beauty house wares only SUNG MOON
# INDOOR SLIPPER
_ SUNG MOON",# HAND MADE,,2023-11-23 09:40:46,2023-12-13 07:00:06,https://firebasestorage.googleapis.com/v0/b/steady-copilot-206205.appspot.com/o/goods%2F3aca14af-e626-4d04-5dd4-b7b904ac7944%2F3aca14af-e626-4d04-5dd4-b7b904ac7944_front_angle_1000.jpg?alt=media&token=f8fcd3bb-9068-4d72-883e-29d61190840c,https://firebasestorage.googleapis.com/v0/b/steady-copilot-206205.appspot.com/o/goods%2F3aca14af-e626-4d04-5dd4-b7b904ac7944%2F3aca14af-e626-4d04-5dd4-b7b904ac7944_front_angle_1000.png?alt=media&token=e0838c8f-2b1c-450e-9d7f-7e28c8969297,https://firebasestorage.googleapis.com/v0/b/steady-copilot-206205.appspot.com/o/goods%2F3aca14af-e626-4d04-5dd4-b7b904ac7944%2F3aca14af-e626-4d04-5dd4-b7b904ac7944_front_angle_250.jpg?alt=media&token=9f14fa89-8f75-4d5f-9b51-c1ed737d8569,https://firebasestorage.googleapis.com/v0/b/steady-copilot-206205.appspot.com/o/goods%2F3aca14af-e626-4d04-5dd4-b7b904ac7944%2F3aca14af-e626-4d04-5dd4-b7b904ac7944_front_angle_250.png?alt=media&token=e4655cd1-b6e5-41ab-8905-e9f805147d5d,,,,,,,,,,,,,,,,,,,,,,,,,,,,,,,,,,,,,,,,,,,,,,,,,,,,,,,,,,,,,,,,,,,,N,,,"재질 :: T/C, 면, EVA 자가드, 옥스포드, PVC",,,,,,,,,,,,,,
8809220073007,11160101,패션잡화>유니섹스신발>유니섹스신발류>실내화,천지 거실화,거실화,,,거실화,,,구분=제조/판매|:|이름=천지|:|주소=부산광역시 사상구 새벽시장로 92-25,국내제품,제조국=대한민국(국산),천지,천지,단일,,,1,,,,,,,기타유형,,비닐류(PP),N,N,,구입처 및 당사,051-322-2394 (천지),,,,2023-11-23 10:17:55,2023-12-13 07:00:06,https://firebasestorage.googleapis.com/v0/b/steady-copilot-206205.appspot.com/o/goods%2Fe287890d-32e0-42a2-a3ee-09a1ef0eaebe%2Fe287890d-32e0-42a2-a3ee-09a1ef0eaebe_front_angle_1000.jpg?alt=media&token=226b0c52-2685-4e4a-8089-2f5a58dbb8d3,https://firebasestorage.googleapis.com/v0/b/steady-copilot-206205.appspot.com/o/goods%2Fe287890d-32e0-42a2-a3ee-09a1ef0eaebe%2Fe287890d-32e0-42a2-a3ee-09a1ef0eaebe_front_angle_1000.png?alt=media&token=339c704f-35fb-4dbf-8eb3-a57175a6242d,https://firebasestorage.googleapis.com/v0/b/steady-copilot-206205.appspot.com/o/goods%2Fe287890d-32e0-42a2-a3ee-09a1ef0eaebe%2Fe287890d-32e0-42a2-a3ee-09a1ef0eaebe_front_angle_250.jpg?alt=media&token=110eb03b-0f70-4eeb-bf7f-210f430dea27,https://firebasestorage.googleapis.com/v0/b/steady-copilot-206205.appspot.com/o/goods%2Fe287890d-32e0-42a2-a3ee-09a1ef0eaebe%2Fe287890d-32e0-42a2-a3ee-09a1ef0eaebe_front_angle_250.png?alt=media&token=4ecb66d2-f72e-475d-a719-1fc167984b3a,,,,,,,,,,,,,,,,,,,,,,,,,,,,,,,,,,,,,,,,,,,,,,,,,,,,,,,,,,,,,,,,,,,,N,,,"재질 :: EVA, 스폰지, 폴리에스터",,,80.0,-20.0,,,,,,,,,,
8809823520373,11060508,패션잡화>여성신발>샌들/슬리퍼>슬리퍼,프리미엄 다용도 말랑말랑 슬리퍼 블루 (여성용),프리미엄 다용도 말랑말랑 슬리퍼 (여성용),,,프리미엄 다용도 말랑말랑 슬리퍼 (여성용),,,구분=제조/판매|:|이름=케이티무역(주)|:|주소=경기도 광주시 곤지암읍 경충대로 187-26,국내제품,제조국=대한민국(국산),케이티무역(주),,단일,,,1,,250.0,25.0,35.0,9.5,,기타유형,,비닐류(PP),N,N,"[[기타 주의사항]]
#1 본 제품은 상표 등록 제품으로 무단 복제시 법적 처벌을 받을 수 있습니다.
#2 물기가 있는 곳에서 사용하실 경우 미끄러울 수 있으니 주의하십시오.",,031-765-2215 (케이티무역(주)),"# -실내·실외 공용-
# 여성용 프리사이즈
# 최고급 EVA 소재로 가볍고 부드러워 발이 편해요.",,,2023-11-23 10:38:17,2023-12-13 07:00:06,https://firebasestorage.googleapis.com/v0/b/steady-copilot-206205.appspot.com/o/goods%2F73630e79-3814-4ede-2f45-41cf764aa5fa%2F73630e79-3814-4ede-2f45-41cf764aa5fa_front_angle_1000.jpg?alt=media&token=34867e2b-b0a5-4f32-a392-7687d013a1cf,https://firebasestorage.googleapis.com/v0/b/steady-copilot-206205.appspot.com/o/goods%2F73630e79-3814-4ede-2f45-41cf764aa5fa%2F73630e79-3814-4ede-2f45-41cf764aa5fa_front_angle_1000.png?alt=media&token=94e02a62-9dbe-4616-b5d9-726ef5128f21,https://firebasestorage.googleapis.com/v0/b/steady-copilot-206205.appspot.com/o/goods%2F73630e79-3814-4ede-2f45-41cf764aa5fa%2F73630e79-3814-4ede-2f45-41cf764aa5fa_front_angle_250.jpg?alt=media&token=b9b0db78-6aa8-4a7d-b26b-6af65ac12017,https://firebasestorage.googleapis.com/v0/b/steady-copilot-206205.appspot.com/o/goods%2F73630e79-3814-4ede-2f45-41cf764aa5fa%2F73630e79-3814-4ede-2f45-41cf764aa5fa_front_angle_250.png?alt=media&token=f19a6c2d-e30c-45b5-a619-495c056b6eeb,,,,,,,,,,,,,,,,,,,,,,,,,,,,,,,,,,,EVA,,,,여성용,,,,,,,,,,,,,,,,,,,,,,,,,,,,,N,,,재질 :: EVA,,,,,,,,,,,,,,
8809000131521,11100606,패션잡화>패션소품>스타킹>팬티스타킹,스타킹월드 월드 써포트 팬티스타킹 살구 M-L,월드 써포트 팬티스타킹 살구,World-support,,월드 써포트 팬티스타킹,,WD-36009,구분=제조/생산|:|이름=(주)스타킹월드|:|주소=경기도 안산시 단원구 신단로 163번길 65-1,국내제품,제조국=대한민국(국산),(주)스타킹월드,스타킹월드,단일,사이즈=M-L,,1,,37.0,13.4,0.3,21.3,,평면형,,,N,N,"[[기타 주의사항]]
# 제품을 뒤집어 손세탁 하시면 제품 수명을 연장 시킬 수 있습니다.
# 짙은 색상의 제품은 반드시 분리해서 세탁하여 주십시오.",,031-495-4507,"# 고탄력 팬티 스타킹
# 색상 살구
# 유혹의 시선이 새로워진다",,,2022-04-25 10:28:00,2022-06-29 16:24:55,https://firebasestorage.googleapis.com/v0/b/steady-copilot-206205.appspot.com/o/goods%2F58a5e556-f977-490c-e068-da1749daa66c%2F58a5e556-f977-490c-e068-da1749daa66c_front_angle_1000.jpg?alt=media&token=3531a0f6-d228-4e16-aedd-eafd1cb3e1cd,https://firebasestorage.googleapis.com/v0/b/steady-copilot-206205.appspot.com/o/goods%2F58a5e556-f977-490c-e068-da1749daa66c%2F58a5e556-f977-490c-e068-da1749daa66c_front_angle_1000.png?alt=media&token=d3650df0-2698-4c74-a619-ee6991aac137,https://firebasestorage.googleapis.com/v0/b/steady-copilot-206205.appspot.com/o/goods%2F58a5e556-f977-490c-e068-da1749daa66c%2F58a5e556-f977-490c-e068-da1749daa66c_front_angle_250.jpg?alt=media&token=8b393428-94e9-48e0-8c2b-2a93d5c02c36,https://firebasestorage.googleapis.com/v0/b/steady-copilot-206205.appspot.com/o/goods%2F58a5e556-f977-490c-e068-da1749daa66c%2F58a5e556-f977-490c-e068-da1749daa66c_front_angle_250.png?alt=media&token=f48fdf12-471f-4b5c-96ee-78dcc925aa37,,,,,,,,,,,,,,,,,,,,,,,,,,,,,,,,,,,,,,,,,,,,,,,,,,,,,,,,,,,,,,,,,,,,Y,,,,,www.stocking.co.kr,,,,,,,,햇빛/옷걸이에 걸어서 건조;손으로 짜면 안됨;드라이클리닝 불가함;물온도 30℃로 세탁/세탁기 사용 불가/손세탁 약하게 가능/중성세제 사용;불꽃주의;손세탁 가능,"# 나일론, 폴리우레탄",,,
8809158525784,11160101,패션잡화>유니섹스신발>유니섹스신발류>실내화,SUNG MOON 큰하트 거실화,거실화,INDOOR SLIPPER,,스틱카,,,"구분=제조/판매|:|이름=성문 인터내셔날|:|주소=인천 서구 가좌동 178-334
구분=수입판매|:|이름=성문인터내셔날|:|주소=경기도 김포시 통진읍 마송리 388",수입제품,제조국=중국,성문 인터내셔날,SUNG MOON,단일,,,1,,154.0,27.5,32.0,8.0,,봉지형,,비닐류(PP),N,N,,"구입처, 경기도 김포시 통진읍 마송리 388",031-997-6083,"# Our company is made beauty house wares only SUNG MOON
# Beauty House Wares","# 품질보중서
_1 본 제품은 엄격한 품질관리와 공정관리를 거쳐 생산되었으며 외관, 규격, 물성 검사에서 합격한 제품입니다.
_2 제품의 수명을 연장시키기 위하여 본 제품에 표시되어 있는 섬유혼용율, 치수, 세탁방법을 사용 전에 반드시 확인하십시오.
_3 피해보상 또는 수선을 원하실 때에는 영수증과 품질 보증서를 지참하여 본 제품 구입점 또는 본사로 연락하여 주십시오.",,2023-03-09 13:28:16,2023-03-23 07:00:07,https://firebasestorage.googleapis.com/v0/b/steady-copilot-206205.appspot.com/o/goods%2Fad49b8e4-d848-4df9-cd60-bd8acb0e2f03%2Fad49b8e4-d848-4df9-cd60-bd8acb0e2f03_front_angle_1000.jpg?alt=media&token=c8363be4-c213-4325-8541-f46a3f24f174,https://firebasestorage.googleapis.com/v0/b/steady-copilot-206205.appspot.com/o/goods%2Fad49b8e4-d848-4df9-cd60-bd8acb0e2f03%2Fad49b8e4-d848-4df9-cd60-bd8acb0e2f03_front_angle_1000.png?alt=media&token=a1c0b98a-1a6c-4944-b490-9e960b65f080,https://firebasestorage.googleapis.com/v0/b/steady-copilot-206205.appspot.com/o/goods%2Fad49b8e4-d848-4df9-cd60-bd8acb0e2f03%2Fad49b8e4-d848-4df9-cd60-bd8acb0e2f03_front_angle_250.jpg?alt=media&token=208cb5d7-35a9-419a-aad4-c507af196a41,https://firebasestorage.googleapis.com/v0/b/steady-copilot-206205.appspot.com/o/goods%2Fad49b8e4-d848-4df9-cd60-bd8acb0e2f03%2Fad49b8e4-d848-4df9-cd60-bd8acb0e2f03_front_angle_250.png?alt=media&token=92e792ee-9730-460d-ae16-3f4738cfd9cb,,,,,,,,,,,,,,,,,,,,,,,,,,,,,,,,,,,PVC,,,,,,,,,,,,,,,,,,,,,,,,,,,,,,,,,Y,,,"재질 :: T/C, 면, EVA 자가드, 옥스포드, PVC",,,,,,,,,2022년 08월,,,,,
8809229320829,11100501,패션잡화>패션소품>스카프>롱,ide@34 스마캡(요술스카프) 53cm x 24cm,스마캡(요술스카프),,,스마캡(요술스카프),,,구분=판매|:|이름=아이디어 상사|:|주소=서울시 강서구 화곡동 885-3,국내제품,제조국=대한민국(국산),아이디어 상사,ide@34,단일,사이즈=53 x 24,,1,,45.5,18.2,28.0,0.3,,평면형,,종이,N,N,,판매원 및 구입처,02-2693-8952 (아이디어 상사),"# 늘리고, 당기고 비틀어서 자유롭게 연출하는 - 스마캡 멀티 스카프
# TV홈쇼핑
_ 국내홈쇼핑 히트상품!
# 야외 활동시 언제 어디서나 쓰이는 다목적 장신구 바람, 비, 태양에도 견뎌낼 수 있는 편리함
# 내구성 빠른 건조력과 변형되지 않는 소재로 만들어 졌습니다.
# 땀배출기능
# 보온기능",,,2023-03-10 14:58:53,2023-03-22 07:00:07,https://firebasestorage.googleapis.com/v0/b/steady-copilot-206205.appspot.com/o/goods%2F89cd630f-01cf-4a08-f631-72653ebe2963%2F89cd630f-01cf-4a08-f631-72653ebe2963_front_angle_1000.jpg?alt=media&token=7069d3ea-5868-49e7-b81b-2a076b754ca3,https://firebasestorage.googleapis.com/v0/b/steady-copilot-206205.appspot.com/o/goods%2F89cd630f-01cf-4a08-f631-72653ebe2963%2F89cd630f-01cf-4a08-f631-72653ebe2963_front_angle_1000.png?alt=media&token=bf149aed-a160-4d05-aa0f-8deb287d8783,https://firebasestorage.googleapis.com/v0/b/steady-copilot-206205.appspot.com/o/goods%2F89cd630f-01cf-4a08-f631-72653ebe2963%2F89cd630f-01cf-4a08-f631-72653ebe2963_front_angle_250.jpg?alt=media&token=86153d6b-40f3-4cca-abf1-f681874af763,https://firebasestorage.googleapis.com/v0/b/steady-copilot-206205.appspot.com/o/goods%2F89cd630f-01cf-4a08-f631-72653ebe2963%2F89cd630f-01cf-4a08-f631-72653ebe2963_front_angle_250.png?alt=media&token=0e60b0ef-adde-422b-b6f9-175199bfc8da,,,,,,,롱,,,,,,,,,,,,,,,,,,,,,,,블루;화이트;오렌지,,플라워,,,,,,,,,,,,,,,,,,,,,,,,,,,,,,,,,,,,N,,,,,,,,,,,,,"기계 건조 할 수 없음;다림질 할 수 없음;드라이클리닝 불가함;산소, 염소계 표백제로 표백할 수 없음;손세탁 가능",,,,
8809178208414,11020303,패션잡화>남성신발>스니커즈/슬립온/슬리퍼>슬리퍼,EVA 슬리퍼 시리즈 270,EVA슬리퍼시리즈,Cozy EVA slipper,,EVA슬리퍼시리즈,,,구분=제조/판매|:|이름=(주)동신씨앤티|:|주소=,국내제품,제조국=대한민국(국산),(주)동신씨앤티,,단일,규격=Free|:|(규격)=270,,1,,372.5,19.5,38.0,6.0,,봉지형,,비닐류(PP),N,N,"[[주의사항]]
# 화기 근처에 두지마시고, 사용시 미끄러짐에 주의하세요",,053-615-1089 ((주)동신씨앤티),"# 친환경EVA소재
# EVA소재를 사용하여 가볍고 미끄럼을 줄여줍니다.
# a place that is cosy is small, comfortable, and warm: The living room was warm and cosy.
# a situation that is cosy is comfortable and friendly: a cosy chat
# having a close connection or relactionship, especially one you do not approve of: He was accused of being too cosy with some clients
# ""최고의 소재 _ The Best Materials!""
# ""멋진 디자인 _ The Most fantastic Design!""
# ""가벼운 착용감 _ The Most comfortable Slippers!""",,,2023-03-17 09:08:36,2023-04-08 07:00:07,https://firebasestorage.googleapis.com/v0/b/steady-copilot-206205.appspot.com/o/goods%2Fbea67640-5d4a-4d9c-9b56-0211dc075270%2Fbea67640-5d4a-4d9c-9b56-0211dc075270_front_angle_1000.jpg?alt=media&token=b412db69-c611-4c32-b8d9-0d63aaf96412,https://firebasestorage.googleapis.com/v0/b/steady-copilot-206205.appspot.com/o/goods%2Fbea67640-5d4a-4d9c-9b56-0211dc075270%2Fbea67640-5d4a-4d9c-9b56-0211dc075270_front_angle_1000.png?alt=media&token=813580f7-f6fe-4231-befa-32bab06681f2,https://firebasestorage.googleapis.com/v0/b/steady-copilot-206205.appspot.com/o/goods%2Fbea67640-5d4a-4d9c-9b56-0211dc075270%2Fbea67640-5d4a-4d9c-9b56-0211dc075270_front_angle_250.jpg?alt=media&token=06434d2d-1ad0-4e6e-8776-a29a3635a58c,https://firebasestorage.googleapis.com/v0/b/steady-copilot-206205.appspot.com/o/goods%2Fbea67640-5d4a-4d9c-9b56-0211dc075270%2Fbea67640-5d4a-4d9c-9b56-0211dc075270_front_angle_250.png?alt=media&token=504ca027-d19d-4966-9350-73bbd75da9a7,,,,,,,,,,,,,,,,,,,,,,,,,,,,,,,,,,,EVA,,,,,블랙;오렌지;화이트,,,,,,,,,,,,,,,,,,,,,,,,,,,,Y,,,재질 :: EVA / PVC,,www.slippers.kr,,,,,,,,,,,,
8809353915816,11160101,패션잡화>유니섹스신발>유니섹스신발류>실내화,유니언포그니 실내화,실내화,,,실내화,,,구분=제조/판매|:|이름=선한실내화|:|주소=인천광역시 서구 원창로 89번길 13-1(원창동),국내제품,제조국=대한민국(국산),선한실내화,유니언포그니,단일,,,1,,,,,,,봉지형,,비닐류(PP),N,N,,구입처 및 본사,032-888-5545,"# 층간소음 방지효과
# LOVE",# 42,,2023-03-17 09:50:42,2023-04-08 07:00:07,https://firebasestorage.googleapis.com/v0/b/steady-copilot-206205.appspot.com/o/goods%2Fb060e89c-8cb1-4a34-6047-133a49f12d0e%2Fb060e89c-8cb1-4a34-6047-133a49f12d0e_front_angle_1000.jpg?alt=media&token=a49df092-7457-48d8-911c-738eaa5b403b,https://firebasestorage.googleapis.com/v0/b/steady-copilot-206205.appspot.com/o/goods%2Fb060e89c-8cb1-4a34-6047-133a49f12d0e%2Fb060e89c-8cb1-4a34-6047-133a49f12d0e_front_angle_1000.png?alt=media&token=fd42a225-b52e-47ce-bd3c-afd4fc4da033,https://firebasestorage.googleapis.com/v0/b/steady-copilot-206205.appspot.com/o/goods%2Fb060e89c-8cb1-4a34-6047-133a49f12d0e%2Fb060e89c-8cb1-4a34-6047-133a49f12d0e_front_angle_250.jpg?alt=media&token=6bfcc3cc-e111-4a61-a16e-0a9c5af1a200,https://firebasestorage.googleapis.com/v0/b/steady-copilot-206205.appspot.com/o/goods%2Fb060e89c-8cb1-4a34-6047-133a49f12d0e%2Fb060e89c-8cb1-4a34-6047-133a49f12d0e_front_angle_250.png?alt=media&token=79fd2fd9-bfea-4363-b503-dcf2ef9f2dc1,,,,,,,,,,,,,,,,,,,,,,,,,,,,,,,,,,,EVA,,,,,,,,,,,,,,,,,,,,,,,,,,,,,,,,,N,,,"재질 :: EVA, 스폰지, 폴리에스터",,,80.0,-20.0,,,,,,,,,,
8805095152137,11160101,패션잡화>유니섹스신발>유니섹스신발류>실내화,arnaldo bassini 심플거실화 BLUE 270MM,AB.심플거실화,,,AB.심플거실화,,,구분=제조/판매|:|이름=성문 인터내셔날|:|주소=인천광역시 서구 봉수대로 183번길 19,수입제품,제조국=중국,성문 인터내셔날,arnaldo bassini|:|ab,단일,(규격)=270MM,,1,,162.0,27.5,33.5,8.5,,봉지형,,비닐류(PP),N,N,"[[취급시 주의사항]]
#1 건조시 직사광선이나 화기를 피한 응달에서 완전 건조 후 착화하여 주십시오.
#2 착화 전 필히 신발 내 이물질을 확인, 제거 후 착화하여 주십시오.
#3 기름이 있는 곳에서는 착화를 피해 주십시오.

[[기타 주의사항]]
# 본 제품은 (주)명신에프엔에스의 동의없이 인터넷 판매 및 가격 변경을 절대 할 수 없습니다.", 본사 및 구입처,032-574-9063,,"# 품질경영 및 공산품안전관리법에 의한 표시
_1 소비자 피해유형 : 시접 부족으로 박음질이 잘못 되어진 것, 보상기준 : 수리
_2 소비자 피해유형 : 겉감, 안감, 인쇄 상표 등 모든 착색 부분에서 물이 빠져 색이 번진 것, 보상기준 : 교환
_3 소비자 피해유형 : 겉감이 뜯어진 것, 보상기준 : 수리
_4 소비자 피해유형 : 치수가 틀린 것 (미사용시), 보상기준 : 교환",,2023-03-17 10:05:29,2023-04-06 07:00:07,https://firebasestorage.googleapis.com/v0/b/steady-copilot-206205.appspot.com/o/goods%2F21e82f8a-4259-4076-291e-45cce202df98%2F21e82f8a-4259-4076-291e-45cce202df98_front_angle_1000.jpg?alt=media&token=a9226651-ad14-4114-b489-55d90f1d3bf6,https://firebasestorage.googleapis.com/v0/b/steady-copilot-206205.appspot.com/o/goods%2F21e82f8a-4259-4076-291e-45cce202df98%2F21e82f8a-4259-4076-291e-45cce202df98_front_angle_1000.png?alt=media&token=afe48a7f-9a93-4e80-832b-c117be9f826a,https://firebasestorage.googleapis.com/v0/b/steady-copilot-206205.appspot.com/o/goods%2F21e82f8a-4259-4076-291e-45cce202df98%2F21e82f8a-4259-4076-291e-45cce202df98_front_angle_250.jpg?alt=media&token=e7cab270-123c-4914-bbf7-9b0e5316a861,https://firebasestorage.googleapis.com/v0/b/steady-copilot-206205.appspot.com/o/goods%2F21e82f8a-4259-4076-291e-45cce202df98%2F21e82f8a-4259-4076-291e-45cce202df98_front_angle_250.png?alt=media&token=3add215a-589b-40ff-b146-8183c1da0791,,,,,,,,,,,,,,,,,,,,,,,,,,,,,,,,,,,,,,,,,,,,,,,,,,,,,,,,,,,,,,,,,,,,Y,,,"갑피 : 폴리에스터100%, 안감 : 폴리엩스터100%, 창 : 합성고무",,,,,,,,,,,,,,
8805095154339,11160101,패션잡화>유니섹스신발>유니섹스신발류>실내화,arnaldo bassini 플라워 거실화 PINK 270MM,AB. 플라워 거실화,,,AB. 플라워 거실화,,,"구분=판매|:|이름=성문인터내셔날|:|주소=인천광역시 서구 봉수대로 183번길 19
구분=수입|:|이름=(주)명신에프엔에스|:|주소=",수입제품,제조국=중국,성문인터내셔날,arnaldo bassini|:|ab,단일,(규격)=270MM,,1,,122.5,27.5,33.0,7.5,,봉지형,,비닐류(PP),N,N,,,032-574-9063,,,,2023-03-17 10:09:08,2023-04-04 07:00:07,https://firebasestorage.googleapis.com/v0/b/steady-copilot-206205.appspot.com/o/goods%2Fe5893b19-be24-4ebc-39c1-2d021f283ee3%2Fe5893b19-be24-4ebc-39c1-2d021f283ee3_front_angle_1000.jpg?alt=media&token=d059e32e-3b52-4e21-a957-31f70a07f0f0,https://firebasestorage.googleapis.com/v0/b/steady-copilot-206205.appspot.com/o/goods%2Fe5893b19-be24-4ebc-39c1-2d021f283ee3%2Fe5893b19-be24-4ebc-39c1-2d021f283ee3_front_angle_1000.png?alt=media&token=cb43b3a5-6bb6-4880-8431-3e4966e0b6a7,https://firebasestorage.googleapis.com/v0/b/steady-copilot-206205.appspot.com/o/goods%2Fe5893b19-be24-4ebc-39c1-2d021f283ee3%2Fe5893b19-be24-4ebc-39c1-2d021f283ee3_front_angle_250.jpg?alt=media&token=1138363a-2206-4fcc-bdd4-e2e7ec444ea6,https://firebasestorage.googleapis.com/v0/b/steady-copilot-206205.appspot.com/o/goods%2Fe5893b19-be24-4ebc-39c1-2d021f283ee3%2Fe5893b19-be24-4ebc-39c1-2d021f283ee3_front_angle_250.png?alt=media&token=e93b0ec4-b876-4130-929d-1000267e149a,,,,,,,,,,,,,,,,,,,,,,,,,,,,,,,,,,,,,,,,,,,,,,,,,,,,,,,,,,,,,,,,,,,,Y,,,"재질 :: T/C, 면, EVA, 자가드, 옥스포드, PVC",,,,,,,,,,,,,,
8805095138308,11160101,패션잡화>유니섹스신발>유니섹스신발류>실내화,arnaldo bassini 라인캘리 거실화 GRAY 270mm,AB.라인캘리거실화,,,,,,"구분=판매|:|이름=성문인터네셔날|:|주소=인천광역시 서구 봉수대로 183번길 19
구분=수입|:|이름=(주)명신에프엔에스|:|주소=",국내제품,제조국=대한민국(국산),성문인터네셔날,arnaldo bassini,단일,(규격)=270mm,,1,,215.0,27.5,34.5,9.0,,봉지형,,,N,N,"[[취급시 주의사항]]
#1 건조시 직사광선이나 화기를 피한 응달에서 완전 건조 후 착화하여 주십시오.
#2 착화 전 필히 신발 내 이물질을 확인, 제거 후 착화하여 주십시오.
#3 기름이 있는 곳에서는 착화를 피해 주십시오.

[[기타 주의사항]]
# 본 제품은 (주)명신에프엔에스의 동의없이 인터넷 판매 및 가격 변경을 절대 할 수 없습니다.",본사 및 구입처,032-574-9063 (성문인터네셔날),,"# ⓒSINCE 1881
# 소비자 피해 유형
_1 시접 부족으로 박음질이 잘못 되어진 것 : 수리 ○
_2 겉감, 안감, 인쇄 상표 등 모든 착색 부분에서 물이 빠져 색이 번진 것 : 교환 ○
_3 겉감이 뜯어진 것 : 수리 ○
_4 치수가 틀린 것 (미사용시) : 교환 ○",,2023-03-20 10:58:53,2023-04-12 07:00:07,https://firebasestorage.googleapis.com/v0/b/steady-copilot-206205.appspot.com/o/goods%2F3868aa4f-2e19-46ea-e5de-20509c456510%2F3868aa4f-2e19-46ea-e5de-20509c456510_front_angle_1000.jpg?alt=media&token=c776d6ee-1f63-471d-89f2-a995b8a1dc03,https://firebasestorage.googleapis.com/v0/b/steady-copilot-206205.appspot.com/o/goods%2F3868aa4f-2e19-46ea-e5de-20509c456510%2F3868aa4f-2e19-46ea-e5de-20509c456510_front_angle_1000.png?alt=media&token=a396f554-3d9f-4ab8-b072-c934916958ff,https://firebasestorage.googleapis.com/v0/b/steady-copilot-206205.appspot.com/o/goods%2F3868aa4f-2e19-46ea-e5de-20509c456510%2F3868aa4f-2e19-46ea-e5de-20509c456510_front_angle_250.jpg?alt=media&token=07f20142-df5e-44f0-bc20-4588f70f0f51,https://firebasestorage.googleapis.com/v0/b/steady-copilot-206205.appspot.com/o/goods%2F3868aa4f-2e19-46ea-e5de-20509c456510%2F3868aa4f-2e19-46ea-e5de-20509c456510_front_angle_250.png?alt=media&token=400d51b9-3be7-462a-859d-9e7382ba9c56,,,,,,,,,,,,,,,,,,,,,,,,,,,,,,,,,,,패브릭/면,,,,,,,,,,,,,,,,,,,,,,,,,,,,,,,,,Y,,,,,,,,,,,,2017년 02월,그늘/바닥에 뉘어서 건조;드라이클리닝 불가함;물온도 30℃로 세탁/세탁기 사용 불가/손세탁 약하게 가능/중성세제 사용;염소계 표백제로 표백할 수 없음;불꽃주의,"# 재료의 종류
_ 갑피 : 면100%
_ 안감 : 면100%
_ 창 : 합성고무",,,
8809184756206,11160101,패션잡화>유니섹스신발>유니섹스신발류>실내화,러브하트 실내화,실내화,,,실내화,,,구분=제조/판매|:|이름=선한실내화|:|주소=인천광역시 서구 원창로 89번길 13-1(원창동),국내제품,제조국=대한민국(국산),선한실내화,,단일,,,1,,100.5,27.0,32.5,7.0,,봉지형,,비닐류(PP),N,N,,구입처 및 본사,032-888-5545,"# 층간소음 방지효과
# Love",,,2023-03-20 11:08:39,2023-04-13 07:00:07,https://firebasestorage.googleapis.com/v0/b/steady-copilot-206205.appspot.com/o/goods%2Ffe852af8-5bee-479e-ccc4-f9482eb66bf1%2Ffe852af8-5bee-479e-ccc4-f9482eb66bf1_front_angle_1000.jpg?alt=media&token=7ac0d0a4-34a0-4fc9-8908-de5dfaeda50d,https://firebasestorage.googleapis.com/v0/b/steady-copilot-206205.appspot.com/o/goods%2Ffe852af8-5bee-479e-ccc4-f9482eb66bf1%2Ffe852af8-5bee-479e-ccc4-f9482eb66bf1_front_angle_1000.png?alt=media&token=a20112f8-e0ae-46e7-b4f4-067b8fdc6473,https://firebasestorage.googleapis.com/v0/b/steady-copilot-206205.appspot.com/o/goods%2Ffe852af8-5bee-479e-ccc4-f9482eb66bf1%2Ffe852af8-5bee-479e-ccc4-f9482eb66bf1_front_angle_250.jpg?alt=media&token=d8db8a31-7792-47b7-8367-ac531f936033,https://firebasestorage.googleapis.com/v0/b/steady-copilot-206205.appspot.com/o/goods%2Ffe852af8-5bee-479e-ccc4-f9482eb66bf1%2Ffe852af8-5bee-479e-ccc4-f9482eb66bf1_front_angle_250.png?alt=media&token=fd5a55f7-316e-43c2-8fce-200f440d2d68,,,,,,,,,,,,,,,,,,,,,,,,,,,,,,,,,,,EVA,,,,,,,,,,,,,,,,,,,,,,,,,,,,,,,,,N,,,"재질 :: EVA, 스폰지, 폴리에스터",,,80.0,-20.0,,,,,,,,,,
8806354161204,11150201,패션잡화>양말>남성양말>일반남성양말,Carlo Rossi 황토 발가락 양말 26cm,황토 발가락 양말,,,,,,구분=제조/생산|:|이름=에이스 섬유|:|주소=,국내제품,제조국=대한민국(국산),에이스 섬유,Carlo Rossi,단일,"치수=신체치수 : 발길이26cm, 제품치수 : 발길이26cm",,1,,43.0,12.0,2.3,22.0,,기타유형,,,N,N,"[[세탁시 주의사항]]
# 세탁은 더운물 (약30℃)을 사용해서 때묻은 부분을 가볍게 씻으세요.
# 세제는 중성세제를 사용하세요.
# 손으로 짜는 경우에는 약하게 짜십시오.
# 건조시에는 고무부분을 위(上)로 하여 그늘에서 건조 시키십시오.",,,"# 발이 편한 양말
# 綿
# 무좀방지
# 뒤꿈치 있음
# 단목
_ 목이짧아편안함","# 호칭 : 26
# 상품등록 제0543543호",,2023-05-30 16:01:19,2023-06-08 07:00:06,https://firebasestorage.googleapis.com/v0/b/steady-copilot-206205.appspot.com/o/goods%2Fe8b1dd32-585b-45bc-38de-65873608af2c%2Fe8b1dd32-585b-45bc-38de-65873608af2c_front_angle_1000.jpg?alt=media&token=c772dd20-56f8-4a83-a38f-b8cf3bb38ece,https://firebasestorage.googleapis.com/v0/b/steady-copilot-206205.appspot.com/o/goods%2Fe8b1dd32-585b-45bc-38de-65873608af2c%2Fe8b1dd32-585b-45bc-38de-65873608af2c_front_angle_1000.png?alt=media&token=a2991e56-6388-47d2-a8fd-a78f2b14f806,https://firebasestorage.googleapis.com/v0/b/steady-copilot-206205.appspot.com/o/goods%2Fe8b1dd32-585b-45bc-38de-65873608af2c%2Fe8b1dd32-585b-45bc-38de-65873608af2c_front_angle_250.jpg?alt=media&token=f9c49935-3caf-446c-ab8f-9d899490e0f3,https://firebasestorage.googleapis.com/v0/b/steady-copilot-206205.appspot.com/o/goods%2Fe8b1dd32-585b-45bc-38de-65873608af2c%2Fe8b1dd32-585b-45bc-38de-65873608af2c_front_angle_250.png?alt=media&token=cf1b58d6-7deb-421f-934f-4eb50e356d6a,,,,,,,,,,,,,,,,,,,,,,,,,,,,,,,,,,,,,,,,,,,,,,,,,,,,,,,,,,,,,,,,,,,,N,,,,,,,,,,,,,그늘/옷걸이에 걸어서 건조;손으로 짜면 안됨;물온도 30℃로 세탁/세탁기 사용 불가/손세탁 약하게 가능/중성세제 사용;염소계 표백제로 표백할 수 없음,"면, 나일론, 폴리우레탄",# 황토 성분을 원사에 적용한 제품으로 세균활동을 억제하여 무좀방지 효과와 습도 조절기능이 뛰어납니다.,,4500.0
8806354198996,11150201,패션잡화>양말>남성양말>일반남성양말,Carlo Rossi 스포츠 양말 (장목) 26cm,스포츠 양말 (장목),sports socks,,,,,구분=업소/업자|:|이름=|:|주소=,국내제품,제조국=대한민국(국산),,Carlo Rossi,단일,치수=신체치수(발직선길이) : 26cm,,1,,58.0,11.5,2.0,25.0,,기타유형,,,N,N,"[[취급시 주의사항]]
# 세제는 중성세제를 사용하시고 락스 등의 표백제는 사용을 금합니다.",,,# 활동이 편한 스포츠 양말,"# Socks for man
# 호칭 : 26",,2023-05-30 16:13:36,2023-06-06 07:00:06,https://firebasestorage.googleapis.com/v0/b/steady-copilot-206205.appspot.com/o/goods%2F6dc65058-c359-4fb1-d8b6-eadaa805c3fa%2F6dc65058-c359-4fb1-d8b6-eadaa805c3fa_front_angle_1000.jpg?alt=media&token=561cdd03-8e96-45ae-9e11-2ed0e2671e52,https://firebasestorage.googleapis.com/v0/b/steady-copilot-206205.appspot.com/o/goods%2F6dc65058-c359-4fb1-d8b6-eadaa805c3fa%2F6dc65058-c359-4fb1-d8b6-eadaa805c3fa_front_angle_1000.png?alt=media&token=e85cbde2-d1c6-47a8-bfa4-5c6f2968df1f,https://firebasestorage.googleapis.com/v0/b/steady-copilot-206205.appspot.com/o/goods%2F6dc65058-c359-4fb1-d8b6-eadaa805c3fa%2F6dc65058-c359-4fb1-d8b6-eadaa805c3fa_front_angle_250.jpg?alt=media&token=7c853c00-afec-42c2-ab8d-04a2e8f72577,https://firebasestorage.googleapis.com/v0/b/steady-copilot-206205.appspot.com/o/goods%2F6dc65058-c359-4fb1-d8b6-eadaa805c3fa%2F6dc65058-c359-4fb1-d8b6-eadaa805c3fa_front_angle_250.png?alt=media&token=68daecb6-e398-4714-be65-14c458404a7e,,,,,,,,,,,,,,,,,,,,,,,,,,,,,,,,,,,,,,,남성용,,,,,,,,,,,,,,,,,,,,,,,,,,,,,N,,,,,,,,,,,,,"손으로 약하게 짬;다림질 할 수 없음;드라이클리닝 불가함;염소계 표백제로 표백할 수 없음;불꽃주의;물온도 40℃로 세탁/세탁기, 손세탁 가능/중성세제 사용","면, 폴리에스터, 폴리우레탄(자수사제외)",,,
8808682507082,11150201,패션잡화>양말>남성양말>일반남성양말,Carlo Rossi 스니커즈 26cm,스니커즈,SNICKERS,,,CR-2003,,구분=제조/생산|:|이름=에이스 섬유|:|주소=,국내제품,제조국=대한민국(국산),에이스 섬유,Carlo Rossi|:|Carlo Rossi PERUGIAㆍITALIA,단일,"치수=신체치수 발길이 26cm, 제품치수 발길이 26cm",,1,,31.0,11.0,1.5,18.0,,기타유형,,,N,N,,,,,"# MEN'S
# 호칭
_ 260
# 상품등록 제0543543호",,2023-05-30 16:27:48,2023-06-06 07:00:06,https://firebasestorage.googleapis.com/v0/b/steady-copilot-206205.appspot.com/o/goods%2F5c00d4dd-fb75-4565-f271-618e9d8b2cb7%2F5c00d4dd-fb75-4565-f271-618e9d8b2cb7_front_angle_1000.jpg?alt=media&token=aefe0e2c-229d-4fed-80dd-18fbba60cdea,https://firebasestorage.googleapis.com/v0/b/steady-copilot-206205.appspot.com/o/goods%2F5c00d4dd-fb75-4565-f271-618e9d8b2cb7%2F5c00d4dd-fb75-4565-f271-618e9d8b2cb7_front_angle_1000.png?alt=media&token=93c92937-e071-48a2-bca6-ecb4a0578aa7,https://firebasestorage.googleapis.com/v0/b/steady-copilot-206205.appspot.com/o/goods%2F5c00d4dd-fb75-4565-f271-618e9d8b2cb7%2F5c00d4dd-fb75-4565-f271-618e9d8b2cb7_front_angle_250.jpg?alt=media&token=16ae28c4-944f-4359-b130-891834b8776d,https://firebasestorage.googleapis.com/v0/b/steady-copilot-206205.appspot.com/o/goods%2F5c00d4dd-fb75-4565-f271-618e9d8b2cb7%2F5c00d4dd-fb75-4565-f271-618e9d8b2cb7_front_angle_250.png?alt=media&token=69ad6d13-b9cb-4103-9d71-75b6d8211bea,,,,,,,,,,,,,,,,,,,,,,,,,,,,,,,,,,,,,,,남성용,,,,,,,,,,,,,,,,,,,,,,,,,,,,,Y,,,,,,,,,,,,,"그늘/옷걸이에 걸어서 건조;손으로 짜면 안됨;염소계 표백제로 표백할 수 없음;물온도 40℃로 세탁/세탁기, 손세탁 가능/중성세제 사용","면, 폴리우레탄, 기타",,,
8808682507020,11150101,패션잡화>양말>여성양말>일반여성양말,Carlo Rossi 여성 양말 24cm,여성 양말,WOOMEN'S SOCKS,,,CR-2003,,구분=제조/생산|:|이름=에이스 섬유|:|주소=,국내제품,제조국=대한민국(국산),에이스 섬유,Carlo Rossi|:|Carlo Rossi PERUGIAㆍITALIA,단일,"치수=신체치수 발길이 24cm, 제품치수 발길이 24cm",,1,,24.5,11.2,1.3,24.0,,기타유형,,,N,N,,,,# we take great pride in our reputation for quality and excellent value,"# 호칭
_ 240
# 상품등록 제0543543호",,2023-05-30 16:35:59,2023-06-06 07:00:06,https://firebasestorage.googleapis.com/v0/b/steady-copilot-206205.appspot.com/o/goods%2F935b0140-f6cb-4c00-31e5-7a181f78cd6e%2F935b0140-f6cb-4c00-31e5-7a181f78cd6e_front_angle_1000.jpg?alt=media&token=de9352ec-0e18-4071-9584-f98cf88d439f,https://firebasestorage.googleapis.com/v0/b/steady-copilot-206205.appspot.com/o/goods%2F935b0140-f6cb-4c00-31e5-7a181f78cd6e%2F935b0140-f6cb-4c00-31e5-7a181f78cd6e_front_angle_1000.png?alt=media&token=98df58be-0f52-4a14-9841-c55d525a2395,https://firebasestorage.googleapis.com/v0/b/steady-copilot-206205.appspot.com/o/goods%2F935b0140-f6cb-4c00-31e5-7a181f78cd6e%2F935b0140-f6cb-4c00-31e5-7a181f78cd6e_front_angle_250.jpg?alt=media&token=2eca57ac-8aa0-4358-b2cc-9bda5d6e4cfc,https://firebasestorage.googleapis.com/v0/b/steady-copilot-206205.appspot.com/o/goods%2F935b0140-f6cb-4c00-31e5-7a181f78cd6e%2F935b0140-f6cb-4c00-31e5-7a181f78cd6e_front_angle_250.png?alt=media&token=ac9c5c18-43cb-48b2-9fa2-ee2d6e4b5a59,,,,,,,,,,,,,,,,,,,,,,,,,,,,,,,,,,,,,,,여성용,,,,,,,,,,,,,,,,,,,,,,,,,,,,,Y,,,,,,,,,,,,,"그늘/옷걸이에 걸어서 건조;손으로 짜면 안됨;염소계 표백제로 표백할 수 없음;물온도 40℃로 세탁/세탁기, 손세탁 가능/중성세제 사용","면, 폴리우레탄, 기타",,,
8806354111018,11150201,패션잡화>양말>남성양말>일반남성양말,Carlo Rossi 황토 양말 26cm,황토 양말,,,,CR-2003,,구분=제조/생산|:|이름=ACE 섬유|:|주소=,국내제품,제조국=대한민국(국산),ACE 섬유,Carlo Rossi,단일,"치수=신체치수 발길이 26cm, 제품치수 발길이 26cm",,1,,41.5,11.0,1.2,28.0,,기타유형,,,N,N,,,,"# Well-Being
# 고급면
_ 고신축","# 호칭
_ 260
# 상품등록 제0504386호",,2023-05-30 16:46:37,2023-06-06 07:00:06,https://firebasestorage.googleapis.com/v0/b/steady-copilot-206205.appspot.com/o/goods%2F8caeb5ce-007a-4b7e-f3ce-cea231e6af82%2F8caeb5ce-007a-4b7e-f3ce-cea231e6af82_front_angle_1000.jpg?alt=media&token=600443ca-eef6-4613-994c-26d531d20694,https://firebasestorage.googleapis.com/v0/b/steady-copilot-206205.appspot.com/o/goods%2F8caeb5ce-007a-4b7e-f3ce-cea231e6af82%2F8caeb5ce-007a-4b7e-f3ce-cea231e6af82_front_angle_1000.png?alt=media&token=9c04cfe7-b1ca-4cdd-b922-398c434aac77,https://firebasestorage.googleapis.com/v0/b/steady-copilot-206205.appspot.com/o/goods%2F8caeb5ce-007a-4b7e-f3ce-cea231e6af82%2F8caeb5ce-007a-4b7e-f3ce-cea231e6af82_front_angle_250.jpg?alt=media&token=d409c15f-0331-46d2-9a5d-7c56816d0dbe,https://firebasestorage.googleapis.com/v0/b/steady-copilot-206205.appspot.com/o/goods%2F8caeb5ce-007a-4b7e-f3ce-cea231e6af82%2F8caeb5ce-007a-4b7e-f3ce-cea231e6af82_front_angle_250.png?alt=media&token=75651f70-c2a9-42c7-ba42-e57b4a87674d,,,,,,,,,,,,,,,,,,,,,,,,,,,,,,,,,,,,,,,,,,,,,,,,,,,,,,,,,,,,,,,,,,,,Y,,,,,,,,,,,,,"그늘/옷걸이에 걸어서 건조;손으로 약하게 짬;물온도 30℃로 세탁/세탁기, 손세탁 약하게 세탁/중성세제 사용;염소계 표백제로 표백할 수 없음","면, 폴리우레탄, 기타",,,4500.0
8806354161105,11150201,패션잡화>양말>남성양말>일반남성양말,Carlo Rossi Well Being 황토 발가락양말 26cm,황토 발가락양말,,,,,,구분=제조/생산|:|이름=에이스 섬유|:|주소=,국내제품,제조국=대한민국(국산),에이스 섬유,Carlo Rossi|:|Well Being,단일,"치수=신체치수 : 발길이26cm, 제품치수 : 발길이26cm",,1,,64.0,11.5,2.0,25.3,,기타유형,,,N,N,"[[세탁시 주의사항]]
# 세탁은 더운물 (약30℃)을 사용해서 때묻은 부분을 가볍게 씻으세요.
# 염소, 산소계 표백제는 사용하지 마십시오.
# 물에 담가 두지 마십시오.
# 충분히 행군후 뉘어서 건조시켜 주십시오.
# 삶아빨지 마십시오.
# 손으로 짜는 경우에는 약하게 짜십시오.
# 건조시에는 고무부분을 위(上)로 하여 그늘에서 건조 시키십시오.",,,"# 발이 편한 양말
# 뒷꿈치 있음
# 綿
# 무좀예방
# 발이 편한 황토 발가락양말","# 호칭 : 26
# 상품등록 제0543543호",,2023-05-30 16:57:20,2023-06-06 07:00:06,https://firebasestorage.googleapis.com/v0/b/steady-copilot-206205.appspot.com/o/goods%2F959c311d-a862-4047-1a31-18252b336842%2F959c311d-a862-4047-1a31-18252b336842_front_angle_1000.jpg?alt=media&token=21afa5b7-15a9-4355-9f5e-010649ae7f04,https://firebasestorage.googleapis.com/v0/b/steady-copilot-206205.appspot.com/o/goods%2F959c311d-a862-4047-1a31-18252b336842%2F959c311d-a862-4047-1a31-18252b336842_front_angle_1000.png?alt=media&token=4d8b7dd5-4e3a-4f26-91b0-709c94148466,https://firebasestorage.googleapis.com/v0/b/steady-copilot-206205.appspot.com/o/goods%2F959c311d-a862-4047-1a31-18252b336842%2F959c311d-a862-4047-1a31-18252b336842_front_angle_250.jpg?alt=media&token=d4fb6ff5-837a-4235-8ce4-205cecc0459a,https://firebasestorage.googleapis.com/v0/b/steady-copilot-206205.appspot.com/o/goods%2F959c311d-a862-4047-1a31-18252b336842%2F959c311d-a862-4047-1a31-18252b336842_front_angle_250.png?alt=media&token=401c4dd9-8e82-48e8-893a-468af28afd46,,,,,,,,,,,,,,,,,,,,,,,,,,,,,,,,,,,,,,,,,,,,,,,,,,,,,,,,,,,,,,,,,,,,Y,,,,,,,,,,,,,그늘/옷걸이에 걸어서 건조;손으로 짜면 안됨;물온도 30℃로 세탁/세탁기 사용 불가/손세탁 약하게 가능/중성세제 사용;염소계 표백제로 표백할 수 없음,"면, 폴리에스텔, 폴리우레탄","# 무좀방지 및 습진제거
# 발가락 사이의 땀 흡수가 잘됩니다.
# 최고급 순면사로 편직되어 발이 포근합니다.",,4500.0
8806354111025,11150201,패션잡화>양말>남성양말>일반남성양말,Carlo Rossi 참숯 양말 26cm,참숯 양말,,,,CR-2003,,구분=제조/생산|:|이름=ACE 섬유|:|주소=,국내제품,제조국=대한민국(국산),ACE 섬유,Carlo Rossi,단일,"치수=신체치수 발길이 26cm, 제품치수 발길이 26cm",,1,,43.0,11.0,1.5,28.0,,기타유형,,,N,N,,,,"# 고급면
_ 고신축","# 호칭
_ 260
# 상품등록 제0504386호",,2023-05-31 10:44:46,2023-06-08 07:00:06,https://firebasestorage.googleapis.com/v0/b/steady-copilot-206205.appspot.com/o/goods%2Fce121a62-337a-49b3-fd61-a9d80572d5df%2Fce121a62-337a-49b3-fd61-a9d80572d5df_front_angle_1000.jpg?alt=media&token=b9911b3e-5eba-4bd2-9d36-03e4dc23e79d,https://firebasestorage.googleapis.com/v0/b/steady-copilot-206205.appspot.com/o/goods%2Fce121a62-337a-49b3-fd61-a9d80572d5df%2Fce121a62-337a-49b3-fd61-a9d80572d5df_front_angle_1000.png?alt=media&token=ab7bd12c-edf3-42b5-9f1b-5004f6cfec0c,https://firebasestorage.googleapis.com/v0/b/steady-copilot-206205.appspot.com/o/goods%2Fce121a62-337a-49b3-fd61-a9d80572d5df%2Fce121a62-337a-49b3-fd61-a9d80572d5df_front_angle_250.jpg?alt=media&token=dee35cda-1080-4726-8d8b-728e22ce89a5,https://firebasestorage.googleapis.com/v0/b/steady-copilot-206205.appspot.com/o/goods%2Fce121a62-337a-49b3-fd61-a9d80572d5df%2Fce121a62-337a-49b3-fd61-a9d80572d5df_front_angle_250.png?alt=media&token=0f59f792-de00-499c-9aa1-ae2c04a828b3,,,,,,,,,,,,,,,,,,,,,,,,,,,,,,,,,,,,,,,,,,,,,,,,,,,,,,,,,,,,,,,,,,,,N,,,,,,,,,,,,,"그늘/옷걸이에 걸어서 건조;손으로 약하게 짬;물온도 30℃로 세탁/세탁기, 손세탁 약하게 세탁/중성세제 사용;염소계 표백제로 표백할 수 없음","면, 폴리우레탄, 기타",,,4500.0
8809148550901,11100602,패션잡화>패션소품>스타킹>밴드스타킹,파티라 고탄력 밴드 스타킹 검정색 FREE,고탄력 밴드 스타킹-파티라,SUPPORT STOCKING,,,,KD 0922,구분=업소/업자|:|이름=(주)태창관동|:|주소=전북 익산시 약촌로8길 61-12,국내제품,제조국=대한민국(국산),(주)태창관동,파티라|:|PATIRA,단일,규격=FREE,,1,,26.0,12.2,0.2,18.8,,평면형,,종이,N,N,,,063-833-1631,"# 고탄력 원사를 사용하여 신축성과 착용감이 뛰어나며, 활동이 자유롭고 어떠한 체형에도 잘 어울립니다.",# LOT : 2013.04,,2023-05-31 11:08:56,2023-06-08 07:00:06,https://firebasestorage.googleapis.com/v0/b/steady-copilot-206205.appspot.com/o/goods%2F768f47a2-ae17-43f0-4889-97414644950a%2F768f47a2-ae17-43f0-4889-97414644950a_front_angle_1000.jpg?alt=media&token=315ea6f3-e2a3-42c6-8955-a38d11bdef28,https://firebasestorage.googleapis.com/v0/b/steady-copilot-206205.appspot.com/o/goods%2F768f47a2-ae17-43f0-4889-97414644950a%2F768f47a2-ae17-43f0-4889-97414644950a_front_angle_1000.png?alt=media&token=773a0489-b195-4d2d-b641-3cfd6dee80bf,https://firebasestorage.googleapis.com/v0/b/steady-copilot-206205.appspot.com/o/goods%2F768f47a2-ae17-43f0-4889-97414644950a%2F768f47a2-ae17-43f0-4889-97414644950a_front_angle_250.jpg?alt=media&token=5d39e7df-1b9a-4a89-a72e-7b076b9062a1,https://firebasestorage.googleapis.com/v0/b/steady-copilot-206205.appspot.com/o/goods%2F768f47a2-ae17-43f0-4889-97414644950a%2F768f47a2-ae17-43f0-4889-97414644950a_front_angle_250.png?alt=media&token=840eca49-fb5d-4cdb-824f-290ca790a148,,,,,,,,,,,,,,,,,,,,,,,,,,,,,,블랙,,,,,,,,,,,,,,,,,,,,,,,,,,,,,,,,,,,,,,Y,,,,,,,,,,,,,그늘/옷걸이에 걸어서 건조;손으로 짜면 안됨;물온도 30℃로 세탁/세탁기 사용 불가/손세탁 약하게 가능/중성세제 사용;염소계 표백제로 표백할 수 없음;불꽃주의,"나일론, 폴리우레탄",,,
8809000131415,11100602,패션잡화>패션소품>스타킹>밴드스타킹,월드 써포트 밴드스타킹 커피 M-L,월드 써포트 밴드스타킹,,,,,WD-36008,구분=업소/업자|:|이름=(주)스타킹월드|:|주소=경기도 안산시 단원구 원시동 727-6,국내제품,제조국=대한민국(국산),(주)스타킹월드,월드|:|WORLD,단일,규격=M-L,,1,,23.5,11.7,0.2,18.8,,평면형,,,N,N,,,031-495-4507,"# 고탄력 밴드 스타킹
# World-support
# 스타킹의 새로운 역사를 만들어 갑니다.
# 유혹의 시선이 새로워진다",,,2023-05-31 11:34:09,2023-06-08 07:00:06,https://firebasestorage.googleapis.com/v0/b/steady-copilot-206205.appspot.com/o/goods%2Fa7ebbf07-fcbc-417f-bad1-e9ee2f9a8dd2%2Fa7ebbf07-fcbc-417f-bad1-e9ee2f9a8dd2_front_angle_1000.jpg?alt=media&token=27af0400-67f7-426f-b535-69bd54a753cc,https://firebasestorage.googleapis.com/v0/b/steady-copilot-206205.appspot.com/o/goods%2Fa7ebbf07-fcbc-417f-bad1-e9ee2f9a8dd2%2Fa7ebbf07-fcbc-417f-bad1-e9ee2f9a8dd2_front_angle_1000.png?alt=media&token=f58b32f1-5156-49b9-b7c6-6c4fe8e535c7,https://firebasestorage.googleapis.com/v0/b/steady-copilot-206205.appspot.com/o/goods%2Fa7ebbf07-fcbc-417f-bad1-e9ee2f9a8dd2%2Fa7ebbf07-fcbc-417f-bad1-e9ee2f9a8dd2_front_angle_250.jpg?alt=media&token=8388574c-c502-424b-b74f-2921cb76a6c6,https://firebasestorage.googleapis.com/v0/b/steady-copilot-206205.appspot.com/o/goods%2Fa7ebbf07-fcbc-417f-bad1-e9ee2f9a8dd2%2Fa7ebbf07-fcbc-417f-bad1-e9ee2f9a8dd2_front_angle_250.png?alt=media&token=a524b2ff-19e7-4e28-8f39-5c74c6871c62,,,,,,,,,,,,,,,,,,,,,,,,,,,,,,브라운,,,,,,,,,,,,,,,,,,,,,,,,,,,,,,,,,,,,,,Y,,,,,,,,,,,,2010년 12월,그늘/옷걸이에 걸어서 건조;손으로 짜면 안됨;드라이클리닝 불가함;물온도 30℃로 세탁/세탁기 사용 불가/손세탁 약하게 가능/중성세제 사용;불꽃주의,"나일론, 폴리우레탄",,,
8809000131323,11100605,패션잡화>패션소품>스타킹>판타롱스타킹,월드 써포트 판타롱스타킹 살구 M-L,월드 써포트 판타롱스타킹,,,월드 써포트 판타롱스타킹,,WD-36007,구분=제조/생산|:|이름=(주)스타킹월드|:|주소=경기도 안산시 단원구 신단로 163번길 65-1,국내제품,제조국=대한민국(국산),(주)스타킹월드,월드|:|WORLD,단일,사이즈=M-L,,1,,14.5,9.7,0.3,14.8,,평면형,,,N,N,"[[기타 주의사항]]
# 짙은 색상의 제품은 반드시 분리해서 세탁하여 주십시오.",,031-495-4507,"# 고탄력 판타롱 스타킹
# World-support
# 유혹의 시선이 새로워진다",# 제품을 뒤집어 손세탁 하시면 제품 수명을 연장 시킬 수 있습니다.,,2023-05-31 11:51:06,2023-06-09 07:00:12,https://firebasestorage.googleapis.com/v0/b/steady-copilot-206205.appspot.com/o/goods%2Ff53d471d-d92a-4c7b-2eb5-60fd83d5b71e%2Ff53d471d-d92a-4c7b-2eb5-60fd83d5b71e_front_angle_1000.jpg?alt=media&token=8612dabb-46c0-4ffe-8c7c-cbe6813dedd3,https://firebasestorage.googleapis.com/v0/b/steady-copilot-206205.appspot.com/o/goods%2Ff53d471d-d92a-4c7b-2eb5-60fd83d5b71e%2Ff53d471d-d92a-4c7b-2eb5-60fd83d5b71e_front_angle_1000.png?alt=media&token=09d91679-da8e-4754-b97f-5a7de524de14,https://firebasestorage.googleapis.com/v0/b/steady-copilot-206205.appspot.com/o/goods%2Ff53d471d-d92a-4c7b-2eb5-60fd83d5b71e%2Ff53d471d-d92a-4c7b-2eb5-60fd83d5b71e_front_angle_250.jpg?alt=media&token=f3001247-4ab8-4521-b378-74aa31af99d7,https://firebasestorage.googleapis.com/v0/b/steady-copilot-206205.appspot.com/o/goods%2Ff53d471d-d92a-4c7b-2eb5-60fd83d5b71e%2Ff53d471d-d92a-4c7b-2eb5-60fd83d5b71e_front_angle_250.png?alt=media&token=4810e246-fac0-41e4-b950-96f033272ad4,,,,,,,,,,,,,,,,,,,,,,,,,,,,,,애프리콧,,,,,,,,,,,,,,,,,,,,,,,,,,,,,,,,,,,,,,Y,,,,,www.stocking.co.kr,,,,,,,2016년 10월,그늘/옷걸이에 걸어서 건조;손으로 짜면 안됨;드라이클리닝 불가함;물온도 30℃로 세탁/세탁기 사용 불가/손세탁 약하게 가능/중성세제 사용;불꽃주의,"나일론, 폴리우레탄",,,
8809000131330,11100605,패션잡화>패션소품>스타킹>판타롱스타킹,월드 써포트 판타롱스타킹 검정 M-L,월드 써포트 판타롱스타킹,,,월드 써포트 판타롱스타킹,,WD-36007,구분=제조/생산|:|이름=(주)스타킹월드|:|주소=경기도 안산시 단원구 신단로 163번길 65-1,국내제품,제조국=대한민국(국산),(주)스타킹월드,월드|:|WORLD,단일,사이즈=M-L,,1,,15.5,9.7,0.3,14.8,,평면형,,,N,N,"[[기타 주의사항]]
# 짙은 색상의 제품은 반드시 분리해서 세탁하여 주십시오.",,031-495-4507,"# 고탄력 판타롱 스타킹
# World-support
# 유혹의 시선이 새로워진다",# 제품을 뒤집어 손세탁 하시면 제품 수명을 연장 시킬 수 있습니다.,,2023-05-31 13:22:46,2023-06-08 07:00:06,https://firebasestorage.googleapis.com/v0/b/steady-copilot-206205.appspot.com/o/goods%2Fc3d7d0f0-4f65-4ad1-6a0a-48df1cca6ef4%2Fc3d7d0f0-4f65-4ad1-6a0a-48df1cca6ef4_front_angle_1000.jpg?alt=media&token=76795e3b-b5e0-4ab5-96e3-3b604614b793,https://firebasestorage.googleapis.com/v0/b/steady-copilot-206205.appspot.com/o/goods%2Fc3d7d0f0-4f65-4ad1-6a0a-48df1cca6ef4%2Fc3d7d0f0-4f65-4ad1-6a0a-48df1cca6ef4_front_angle_1000.png?alt=media&token=3b4d0d3d-7c9f-4183-bfe0-93618901863a,https://firebasestorage.googleapis.com/v0/b/steady-copilot-206205.appspot.com/o/goods%2Fc3d7d0f0-4f65-4ad1-6a0a-48df1cca6ef4%2Fc3d7d0f0-4f65-4ad1-6a0a-48df1cca6ef4_front_angle_250.jpg?alt=media&token=b3fbf379-571b-4fc4-a634-e6228db16ace,https://firebasestorage.googleapis.com/v0/b/steady-copilot-206205.appspot.com/o/goods%2Fc3d7d0f0-4f65-4ad1-6a0a-48df1cca6ef4%2Fc3d7d0f0-4f65-4ad1-6a0a-48df1cca6ef4_front_angle_250.png?alt=media&token=bd34c167-1039-491c-86ac-76830e24ddce,,,,,,,,,,,,,,,,,,,,,,,,,,,,,,블랙,,,,,,,,,,,,,,,,,,,,,,,,,,,,,,,,,,,,,,Y,,,,,www.stocking.co.kr,,,,,,,2016년 10월,그늘/옷걸이에 걸어서 건조;손으로 짜면 안됨;드라이클리닝 불가함;물온도 30℃로 세탁/세탁기 사용 불가/손세탁 약하게 가능/중성세제 사용;불꽃주의,"나일론, 폴리우레탄",,,
8809000131316,11100605,패션잡화>패션소품>스타킹>판타롱스타킹,월드 써포트 판타롱스타킹 커피 FREE,월드 써포트 판타롱스타킹,,,,,WD-36007,구분=업소/업자|:|이름=(주)스타킹월드|:|주소=경기도 안산시 단원구 원시동 727-6,국내제품,제조국=대한민국(국산),(주)스타킹월드,월드|:|WORLD,단일,규격=FREE,,1,,14.5,9.7,0.3,14.8,,평면형,,,N,N,,,031-495-4507,"# 스타킹의 새로운 역사를 만들어 갑니다.
# 고탄력 판타롱 스타킹
# World-support
# 유혹의 시선이 새로워진다",,,2023-05-31 13:31:48,2023-06-09 07:00:12,https://firebasestorage.googleapis.com/v0/b/steady-copilot-206205.appspot.com/o/goods%2Fe8c5d883-8203-40d0-b60c-c875b3a4c22f%2Fe8c5d883-8203-40d0-b60c-c875b3a4c22f_front_angle_1000.jpg?alt=media&token=ba6465bf-9357-4945-a45a-9a9832b84519,https://firebasestorage.googleapis.com/v0/b/steady-copilot-206205.appspot.com/o/goods%2Fe8c5d883-8203-40d0-b60c-c875b3a4c22f%2Fe8c5d883-8203-40d0-b60c-c875b3a4c22f_front_angle_1000.png?alt=media&token=f75508a4-cb87-4a0e-addd-713bcd96f40b,https://firebasestorage.googleapis.com/v0/b/steady-copilot-206205.appspot.com/o/goods%2Fe8c5d883-8203-40d0-b60c-c875b3a4c22f%2Fe8c5d883-8203-40d0-b60c-c875b3a4c22f_front_angle_250.jpg?alt=media&token=82d919c2-030a-46b9-98d0-b76404cd6d70,https://firebasestorage.googleapis.com/v0/b/steady-copilot-206205.appspot.com/o/goods%2Fe8c5d883-8203-40d0-b60c-c875b3a4c22f%2Fe8c5d883-8203-40d0-b60c-c875b3a4c22f_front_angle_250.png?alt=media&token=7474b65c-82ee-46f6-bccf-c331301aca10,,,,,,,,,,,,,,,,,,,,,,,,,,,,,,브라운,,,,,,,,,,,,,,,,,,,,,,,,,,,,,,,,,,,,,,Y,,,,,,,,,,,,2011년 04월,그늘/옷걸이에 걸어서 건조;손으로 짜면 안됨;드라이클리닝 불가함;물온도 30℃로 세탁/세탁기 사용 불가/손세탁 약하게 가능/중성세제 사용;불꽃주의,"나일론, 폴리우레탄",,,
8809000131422,11100602,패션잡화>패션소품>스타킹>밴드스타킹,월드 써포트 밴드스타킹 살구 M-L,월드 써포트 밴드스타킹,,,월드 써포트 밴드스타킹,,WD-36008,구분=제조/생산|:|이름=(주)스타킹월드|:|주소=경기도 안산시 단원구 원시동 727-6,국내제품,제조국=대한민국(국산),(주)스타킹월드,월드|:|WORLD,단일,사이즈=M-L,,1,,23.0,12.2,0.2,18.6,,평면형,,,N,N,"[[기타 주의사항]]
# 짙은 색상의 제품은 반드시 분리해서 세탁하여 주십시오.",,031-495-4507,"# 고탄력 밴드 스타킹
# World-support
# 유혹의 시선이 새로워진다",# 제품을 뒤집어 손세탁 하시면 제품 수명을 연장 시킬 수 있습니다.,,2023-05-31 13:42:19,2023-06-08 07:00:06,https://firebasestorage.googleapis.com/v0/b/steady-copilot-206205.appspot.com/o/goods%2F39a2c4d5-b473-4899-65b9-bcb2bad5f5fb%2F39a2c4d5-b473-4899-65b9-bcb2bad5f5fb_front_angle_1000.jpg?alt=media&token=ecfbd6f5-9142-49a3-b75e-379fe480facd,https://firebasestorage.googleapis.com/v0/b/steady-copilot-206205.appspot.com/o/goods%2F39a2c4d5-b473-4899-65b9-bcb2bad5f5fb%2F39a2c4d5-b473-4899-65b9-bcb2bad5f5fb_front_angle_1000.png?alt=media&token=32b8dae2-b463-414a-86f4-541cd737648c,https://firebasestorage.googleapis.com/v0/b/steady-copilot-206205.appspot.com/o/goods%2F39a2c4d5-b473-4899-65b9-bcb2bad5f5fb%2F39a2c4d5-b473-4899-65b9-bcb2bad5f5fb_front_angle_250.jpg?alt=media&token=03c43e82-abc0-4ece-8169-9eef805e177b,https://firebasestorage.googleapis.com/v0/b/steady-copilot-206205.appspot.com/o/goods%2F39a2c4d5-b473-4899-65b9-bcb2bad5f5fb%2F39a2c4d5-b473-4899-65b9-bcb2bad5f5fb_front_angle_250.png?alt=media&token=58c2e709-c982-490d-b4aa-464027ec46da,,,,,,,,,,,,,,,,,,,,,,,,,,,,,,애프리콧,,,,,,,,,,,,,,,,,,,,,,,,,,,,,,,,,,,,,,Y,,,,,www.stocking.co.kr,,,,,,,2012년 06월,그늘/옷걸이에 걸어서 건조;손으로 짜면 안됨;드라이클리닝 불가함;물온도 30℃로 세탁/세탁기 사용 불가/손세탁 약하게 가능/중성세제 사용;불꽃주의,"나일론, 폴리우레탄",,,
8809148551151,11100602,패션잡화>패션소품>스타킹>밴드스타킹,파티라 고탄력 밴드 스타킹 살구색 FREE,고탄력 밴드 스타킹-파티라,SUPPORT STOCKING,,,,KD 0922,구분=업소/업자|:|이름=(주)태창관동|:|주소=전북 익산시 약촌로8길 61-12,국내제품,제조국=대한민국(국산),(주)태창관동,파티라|:|PATIRA,단일,규격=FREE,,1,,26.5,12.4,0.2,21.4,,평면형,,종이,N,N,,,063-833-1631,"# 고탄력 원사를 사용하여 신축성과 착용감이 뛰어나며, 활동이 자유롭고 어떠한 체형에도 잘 어울립니다.",# LOT : 2017.06,,2023-05-31 14:04:59,2023-06-08 07:00:06,https://firebasestorage.googleapis.com/v0/b/steady-copilot-206205.appspot.com/o/goods%2F50cd8d02-61e6-4a3f-3039-bedb92410562%2F50cd8d02-61e6-4a3f-3039-bedb92410562_front_angle_1000.jpg?alt=media&token=25e33b25-e9e5-4793-9c11-1fe4bece937e,https://firebasestorage.googleapis.com/v0/b/steady-copilot-206205.appspot.com/o/goods%2F50cd8d02-61e6-4a3f-3039-bedb92410562%2F50cd8d02-61e6-4a3f-3039-bedb92410562_front_angle_1000.png?alt=media&token=4540da3b-190a-4c8d-8206-0ffe5cb30b32,https://firebasestorage.googleapis.com/v0/b/steady-copilot-206205.appspot.com/o/goods%2F50cd8d02-61e6-4a3f-3039-bedb92410562%2F50cd8d02-61e6-4a3f-3039-bedb92410562_front_angle_250.jpg?alt=media&token=7204032b-7846-4b04-b5b2-c251f1604e12,https://firebasestorage.googleapis.com/v0/b/steady-copilot-206205.appspot.com/o/goods%2F50cd8d02-61e6-4a3f-3039-bedb92410562%2F50cd8d02-61e6-4a3f-3039-bedb92410562_front_angle_250.png?alt=media&token=577a3498-a9d0-4e57-811a-d0d2ad3ccd7e,,,,,,,,,,,,,,,,,,,,,,,,,,,,,,애프리콧,,,,,,,,,,,,,,,,,,,,,,,,,,,,,,,,,,,,,,Y,,,,,,,,,,,,,그늘/옷걸이에 걸어서 건조;손으로 짜면 안됨;물온도 30℃로 세탁/세탁기 사용 불가/손세탁 약하게 가능/중성세제 사용;염소계 표백제로 표백할 수 없음;불꽃주의,"나일론, 폴리우레탄",,,
8809000131514,11100606,패션잡화>패션소품>스타킹>팬티스타킹,월드 써포트 팬티스타킹 커피 M-L,월드 써포트 팬티스타킹,,,월드 써포트 팬티스타킹,,WD-36009,구분=제조/생산|:|이름=(주)스타킹월드|:|주소=경기도 안산시 단원구 원시동 727-6,국내제품,제조국=대한민국(국산),(주)스타킹월드,월드|:|WORLD,단일,사이즈=M-L,,1,,38.5,13.9,0.5,21.4,,평면형,,,N,N,"[[기타 주의사항]]
# 짙은 색상의 제품은 반드시 분리해서 세탁하여 주십시오.",,031-495-4507,"# 고탄력 팬티 스타킹
# World-support
# 유혹의 시선이 새로워진다",# 제품을 뒤집어 손세탁 하시면 제품 수명을 연장 시킬 수 있습니다.,,2023-05-31 14:48:15,2023-06-09 07:00:12,https://firebasestorage.googleapis.com/v0/b/steady-copilot-206205.appspot.com/o/goods%2Fec5903ad-1887-4664-485f-8c7e5ccd44b9%2Fec5903ad-1887-4664-485f-8c7e5ccd44b9_front_angle_1000.jpg?alt=media&token=d5ba3823-1a27-4f81-83fe-5d8dd6bc17f4,https://firebasestorage.googleapis.com/v0/b/steady-copilot-206205.appspot.com/o/goods%2Fec5903ad-1887-4664-485f-8c7e5ccd44b9%2Fec5903ad-1887-4664-485f-8c7e5ccd44b9_front_angle_1000.png?alt=media&token=6da3302f-7cac-4c3d-8643-8ab184b49750,https://firebasestorage.googleapis.com/v0/b/steady-copilot-206205.appspot.com/o/goods%2Fec5903ad-1887-4664-485f-8c7e5ccd44b9%2Fec5903ad-1887-4664-485f-8c7e5ccd44b9_front_angle_250.jpg?alt=media&token=7a38f833-6a99-4497-8d11-6edfea578324,https://firebasestorage.googleapis.com/v0/b/steady-copilot-206205.appspot.com/o/goods%2Fec5903ad-1887-4664-485f-8c7e5ccd44b9%2Fec5903ad-1887-4664-485f-8c7e5ccd44b9_front_angle_250.png?alt=media&token=ff0a0588-989b-4f0a-8894-56fe087eda7b,,,,,,,,,,,,,,,,,,,,,,,,,,,,,,브라운,,,,,,,,,,,,,,,,,,,,,,,,,,,,,,,,,,,,,,Y,,,,,www.stocking.co.kr,,,,,,,2012년 06월,그늘/옷걸이에 걸어서 건조;손으로 짜면 안됨;드라이클리닝 불가함;물온도 30℃로 세탁/세탁기 사용 불가/손세탁 약하게 가능/중성세제 사용;불꽃주의,"나일론, 폴리우레탄",,,
8809589560026,11100606,패션잡화>패션소품>스타킹>팬티스타킹,볼로 고탄력 팬티스타킹 검정색 FREE,고탄력 팬티스타킹-볼로,SUPPORT PANTY STOCKING-VOLO,,,,KD 0323,구분=업소/업자|:|이름=(주)볼로|:|주소=전북 익산시 약촌로8길 61-12(어양동),국내제품,제조국=대한민국(국산),(주)볼로,볼로|:|VOLO,단일,규격=FREE,,1,,37.5,14.4,0.5,24.5,,평면형,,종이,N,N,,,063-838-8570,# 활동이 자유롭고 신축성과 착용감이 좋아 어떠한 체형에도 날씬하게 연출됩니다.,,,2023-05-31 15:13:38,2023-06-08 07:00:06,https://firebasestorage.googleapis.com/v0/b/steady-copilot-206205.appspot.com/o/goods%2Fbc7b1846-321f-4ef1-4ccc-0246f0631998%2Fbc7b1846-321f-4ef1-4ccc-0246f0631998_front_angle_1000.jpg?alt=media&token=6242a609-e8bc-4f6f-99c0-a448560c026c,https://firebasestorage.googleapis.com/v0/b/steady-copilot-206205.appspot.com/o/goods%2Fbc7b1846-321f-4ef1-4ccc-0246f0631998%2Fbc7b1846-321f-4ef1-4ccc-0246f0631998_front_angle_1000.png?alt=media&token=7ac8c56f-479b-4f9d-9b66-44359d5265c4,https://firebasestorage.googleapis.com/v0/b/steady-copilot-206205.appspot.com/o/goods%2Fbc7b1846-321f-4ef1-4ccc-0246f0631998%2Fbc7b1846-321f-4ef1-4ccc-0246f0631998_front_angle_250.jpg?alt=media&token=76ee9da4-e146-4372-9a25-dbe051636667,https://firebasestorage.googleapis.com/v0/b/steady-copilot-206205.appspot.com/o/goods%2Fbc7b1846-321f-4ef1-4ccc-0246f0631998%2Fbc7b1846-321f-4ef1-4ccc-0246f0631998_front_angle_250.png?alt=media&token=6dbe0070-03a2-4b5f-a237-7ebe75e2b089,,,,,,,,,,,,,,,,,,,,,,,,,,,,,,블랙,,,,,,,,,,,,,,,,,,,,,,,,,,,,,,,,,,,,,,Y,,,,,,,,,,,,,그늘/옷걸이에 걸어서 건조;손으로 짜면 안됨;물온도 30℃로 세탁/세탁기 사용 불가/손세탁 약하게 가능/중성세제 사용;염소계 표백제로 표백할 수 없음;불꽃주의,"나일론, 폴리우레탄",,,
8809589560002,11100606,패션잡화>패션소품>스타킹>팬티스타킹,볼로 고탄력 팬티스타킹 살구색 FREE,고탄력 팬티스타킹-볼로,SUPPORT PANTY STOCKING-VOLO,,,,KD 0323,구분=업소/업자|:|이름=(주)볼로|:|주소=전북 익산시 약촌로8길 61-12(어양동),국내제품,제조국=대한민국(국산),(주)볼로,볼로|:|VOLO,단일,규격=FREE,,1,,36.5,14.5,0.2,24.5,,평면형,,"종이,비닐류(PP)",N,N,,,063-838-8570,# 활동이 자유롭고 신축성과 착용감이 좋아 어떠한 체형에도 날씬하게 연출됩니다.,,,2023-05-31 15:26:16,2023-06-08 07:00:06,https://firebasestorage.googleapis.com/v0/b/steady-copilot-206205.appspot.com/o/goods%2F1a76cba8-d8b7-4c32-6b0d-03820ea2a0ee%2F1a76cba8-d8b7-4c32-6b0d-03820ea2a0ee_front_angle_1000.jpg?alt=media&token=e97561a0-37d8-439f-a26c-97cf6cb70b0b,https://firebasestorage.googleapis.com/v0/b/steady-copilot-206205.appspot.com/o/goods%2F1a76cba8-d8b7-4c32-6b0d-03820ea2a0ee%2F1a76cba8-d8b7-4c32-6b0d-03820ea2a0ee_front_angle_1000.png?alt=media&token=ed0d144e-3186-4fc6-b656-34dce0b9957e,https://firebasestorage.googleapis.com/v0/b/steady-copilot-206205.appspot.com/o/goods%2F1a76cba8-d8b7-4c32-6b0d-03820ea2a0ee%2F1a76cba8-d8b7-4c32-6b0d-03820ea2a0ee_front_angle_250.jpg?alt=media&token=3f1ace71-2e25-4a9d-8828-b85dbc55902c,https://firebasestorage.googleapis.com/v0/b/steady-copilot-206205.appspot.com/o/goods%2F1a76cba8-d8b7-4c32-6b0d-03820ea2a0ee%2F1a76cba8-d8b7-4c32-6b0d-03820ea2a0ee_front_angle_250.png?alt=media&token=b64d8dc7-97f4-429a-b3f3-3c32677674aa,,,,,,,,,,,,,,,,,,,,,,,,,,,,,,애프리콧,,,,,,,,,,,,,,,,,,,,,,,,,,,,,,,,,,,,,,Y,,,,,,,,,,,,,그늘/옷걸이에 걸어서 건조;손으로 짜면 안됨;물온도 30℃로 세탁/세탁기 사용 불가/손세탁 약하게 가능/중성세제 사용;염소계 표백제로 표백할 수 없음;불꽃주의,"나일론, 폴리우레탄",,,
8809534998799,11160101,패션잡화>유니섹스신발>유니섹스신발류>실내화,arnaldo bassini 다용도 세탁화 BLUE FREE,다용도 세탁화,,AB. 다용도 세탁화,다용도 세탁화,,,구분=수입|:|이름=(주)명신에프엔에스|:|주소=경기도 평택시 진위면 동천2길 14-21,수입제품,제조국=중국,(주)명신에프엔에스,arnaldo bassini,단일,사이즈=FREE,,1,,255.5,11.0,30.0,33.0,,기타유형,,,N,N,"[[취급 및 사용상 주의사항]]
# 오염제거는 엷게 푼 세제를 부드러운 헝겊에 묻혀서 닦아주십시오.
# 장시간 물에 담궈 두거나 세탁기 사용을 절대 금합니다. 
# 건조 시 직사광선이나 화기를 피한 응달에서 완전 건조 후 착화하여 주십시오.",구입처,,,"# 본 제품은 엄격한 품질관리와 공정관리를 거쳐 생산 되었으며 외관검사, 물성검사에서 합격한 제품입니다. ",,2023-06-12 10:34:22,2023-06-21 07:00:06,https://firebasestorage.googleapis.com/v0/b/steady-copilot-206205.appspot.com/o/goods%2F17a29298-baf1-4e6a-ddc3-b6a1969b83cf%2F17a29298-baf1-4e6a-ddc3-b6a1969b83cf_front_angle_1000.jpg?alt=media&token=5f8884c6-4410-4a61-b596-51ba5c8dc5f9,https://firebasestorage.googleapis.com/v0/b/steady-copilot-206205.appspot.com/o/goods%2F17a29298-baf1-4e6a-ddc3-b6a1969b83cf%2F17a29298-baf1-4e6a-ddc3-b6a1969b83cf_front_angle_1000.png?alt=media&token=2862a693-1b73-4b2d-9cf6-574ffe330d98,https://firebasestorage.googleapis.com/v0/b/steady-copilot-206205.appspot.com/o/goods%2F17a29298-baf1-4e6a-ddc3-b6a1969b83cf%2F17a29298-baf1-4e6a-ddc3-b6a1969b83cf_front_angle_250.jpg?alt=media&token=b6c14480-3ca6-4a7c-924d-35925647513a,https://firebasestorage.googleapis.com/v0/b/steady-copilot-206205.appspot.com/o/goods%2F17a29298-baf1-4e6a-ddc3-b6a1969b83cf%2F17a29298-baf1-4e6a-ddc3-b6a1969b83cf_front_angle_250.png?alt=media&token=64205508-6bf2-432f-aaab-8be4f4ebecb0,,,,,,,,,,,,,,,,,,,,,,,,,,,,,,,,,,,EVA,,,,,,,,,,,,,,,,,,,,,,,,,,,,,,,,,N,,,,,,,,,,,,2022년 03월,그늘/바닥에 뉘어서 건조;드라이클리닝 불가함;물온도 30℃로 세탁/세탁기 사용 불가/손세탁 약하게 가능/중성세제 사용;염소계 표백제로 표백할 수 없음;불꽃주의,"겉감 - EVA, 안감 - EVA, 바닥재 - EVA",,,
8809097807101,11100501,패션잡화>패션소품>스카프>롱,NASKA WELLSTAR 멀티스카프 50 x 25cm,멀티스카프,Multi Scarf,,멀티스카프,,KS013,구분=제조/생산|:|이름=리더스|:|주소=,국내제품,제조국=대한민국(국산),리더스,WELLSTAR|:|NASKA,단일,사이즈=50 x 25cm,,1,,47.0,14.6,1.5,19.7,,기타유형,,"비닐류(OTHER),비닐류(PVC)",N,N,,,,"# 남여공용/FREE
# 레져스포츠와 패션코디네이션의 조화
# 두건/마스크/밴드등 다양하게 활용가능
# UV 자외선 완벽 차단
_ 헤어밴드, 두건, 목도리, 손목/발목밴드, 머리끈, 마스크, 안대, 스카프등 멀티 패션소재로 자유롭게 연출할 수 있는 고기능성 패션아이템입니다.
_ 스포츠, 인라인, 스키, 스노보드, 등산, 모터스포츠, 바이크, 마라톤등 레져스포츠와 패션코디네이션을 위한 포인트 아이템으로 적합합니다.","# 피부무자극인증
# 여러가지 착용방법
_ 레져활동시 손목에 착용
# 용도 : 레져 야외 활동시",,2023-06-13 16:11:36,2023-06-24 07:00:07,https://firebasestorage.googleapis.com/v0/b/steady-copilot-206205.appspot.com/o/goods%2Fe3b6ceaa-65eb-45dc-b6d5-95ea9fe5317f%2Fe3b6ceaa-65eb-45dc-b6d5-95ea9fe5317f_front_angle_1000.jpg?alt=media&token=3f6a0f2f-1f21-46ae-af63-7acf9aaeba4a,https://firebasestorage.googleapis.com/v0/b/steady-copilot-206205.appspot.com/o/goods%2Fe3b6ceaa-65eb-45dc-b6d5-95ea9fe5317f%2Fe3b6ceaa-65eb-45dc-b6d5-95ea9fe5317f_front_angle_1000.png?alt=media&token=49e36cda-d37c-4fea-b295-47037f294f07,https://firebasestorage.googleapis.com/v0/b/steady-copilot-206205.appspot.com/o/goods%2Fe3b6ceaa-65eb-45dc-b6d5-95ea9fe5317f%2Fe3b6ceaa-65eb-45dc-b6d5-95ea9fe5317f_front_angle_250.jpg?alt=media&token=63a86855-c911-40a4-86b6-06ee0595ffb9,https://firebasestorage.googleapis.com/v0/b/steady-copilot-206205.appspot.com/o/goods%2Fe3b6ceaa-65eb-45dc-b6d5-95ea9fe5317f%2Fe3b6ceaa-65eb-45dc-b6d5-95ea9fe5317f_front_angle_250.png?alt=media&token=9e2d62a6-1824-41e0-b52a-f0003e00d732,,,,,,,,,,,,,,,,,,,,,,,,,,,,,,퍼플,,,,,,,,,남녀(성인)공용,,,,,,,,,,,,,,,,,,,,,,,,,,,,,Y,,,,,"www.naska.co.kr, www.wellstar.co.kr",,,,,,,,"손으로 약하게 짬;물온도 30℃로 세탁/세탁기, 손세탁 약하게 세탁/중성세제 사용;염소계 표백제로 표백할 수 없음",100% POLYEATER MICROFIBER,,,
8809158526750,11060508,패션잡화>여성신발>샌들/슬리퍼>슬리퍼,SUNG MOON 실내 실리퍼 리즈 샌들 250,리즈 샌들,,SM SHOES|:|INDOOR SLIPPER|:|SLIPER,,,,구분=제조/판매|:|이름=성문 인터내셔날|:|주소=경기도 김포시 통진읍 마송2로 104번길 132-72,수입제품,제조국=중국,성문 인터내셔날,SM|:|SUNG MOON,단일,(규격)=250,,1,,420.0,32.5,37.0,12.0,,봉지형,,비닐류(PP),N,N,,,,,# 제30-1203828호,,2023-07-06 13:16:42,2023-07-22 07:00:07,https://firebasestorage.googleapis.com/v0/b/steady-copilot-206205.appspot.com/o/goods%2Fcc385b32-4ac7-4090-f5eb-2705ed44745f%2Fcc385b32-4ac7-4090-f5eb-2705ed44745f_front_angle_1000.jpg?alt=media&token=8533f30d-4607-4202-8949-a13b1ba648d6,https://firebasestorage.googleapis.com/v0/b/steady-copilot-206205.appspot.com/o/goods%2Fcc385b32-4ac7-4090-f5eb-2705ed44745f%2Fcc385b32-4ac7-4090-f5eb-2705ed44745f_front_angle_1000.png?alt=media&token=9af884f1-ac8a-42f2-ac04-d2a8bc0eebe1,https://firebasestorage.googleapis.com/v0/b/steady-copilot-206205.appspot.com/o/goods%2Fcc385b32-4ac7-4090-f5eb-2705ed44745f%2Fcc385b32-4ac7-4090-f5eb-2705ed44745f_front_angle_250.jpg?alt=media&token=2c05271f-89df-462f-ab4a-370dcf3a3bca,https://firebasestorage.googleapis.com/v0/b/steady-copilot-206205.appspot.com/o/goods%2Fcc385b32-4ac7-4090-f5eb-2705ed44745f%2Fcc385b32-4ac7-4090-f5eb-2705ed44745f_front_angle_250.png?alt=media&token=19c325ba-a760-408b-b7b4-93e3e6992efe,,,,,,,,,,,,,,,,,,,,,,,,,,,,,,,,,,,,,,,,,,,,,,,,,,,,,,로우탑,,,,,,,,,,,,,,N,,,"재질 :: T/C, 면, EVA, 자가드, 옥스퍼드, PVC",,,,,,,,,,,,,,
8805095463745,11160101,패션잡화>유니섹스신발>유니섹스신발류>실내화,arnaldo bassini 후니 거실화_BK 285mm (±1cm),후니 거실화,,,ab. 후니 거실화_BK,,,구분=수입|:|이름=(주)명신에프엔에스|:|주소=경기도 평택시 진위면 동천2길 14-21,수입제품,제조국=중국,(주)명신에프엔에스,arnaldo bassini|:|ab,단일,사이즈=285mm (±1cm),,1,,170.0,28.0,35.0,8.5,,봉지형,,비닐류(PP),N,N,"[[취급 및 사용상 주의사항]]
# 본 제품은 접착이 되어 있는 제품으로 세탁 시 탈색 및 제품 변형이 있을 수 있으니 가급적 세탁을 하지 마십시오.
# 오염제거는 엷게 푼 세제를 부드러운 헝겊에 묻혀서 닦아주십시오,
# 장시간 물에 담궈 두거나 세탁기 사용을 절대 금합니다.",구입처,031-666-3272 ((주)명신에프엔에스),,"# 본 제품은 엄격한 품질관리와 공정관리를 거쳐 생산 되었으며 외관검사, 물성검사에서 합격한 제품입니다.",,2023-07-06 14:12:09,2023-07-22 07:00:07,https://firebasestorage.googleapis.com/v0/b/steady-copilot-206205.appspot.com/o/goods%2Fbbed0881-b1c6-4f04-5289-fc4bb266c29e%2Fbbed0881-b1c6-4f04-5289-fc4bb266c29e_front_angle_1000.jpg?alt=media&token=546abb46-0213-4109-8d22-0f30d06b3cc3,https://firebasestorage.googleapis.com/v0/b/steady-copilot-206205.appspot.com/o/goods%2Fbbed0881-b1c6-4f04-5289-fc4bb266c29e%2Fbbed0881-b1c6-4f04-5289-fc4bb266c29e_front_angle_1000.png?alt=media&token=60e8f8c9-05c1-45d0-9baf-be327917a9e8,https://firebasestorage.googleapis.com/v0/b/steady-copilot-206205.appspot.com/o/goods%2Fbbed0881-b1c6-4f04-5289-fc4bb266c29e%2Fbbed0881-b1c6-4f04-5289-fc4bb266c29e_front_angle_250.jpg?alt=media&token=3221e40a-3572-415a-b407-35b28edd1772,https://firebasestorage.googleapis.com/v0/b/steady-copilot-206205.appspot.com/o/goods%2Fbbed0881-b1c6-4f04-5289-fc4bb266c29e%2Fbbed0881-b1c6-4f04-5289-fc4bb266c29e_front_angle_250.png?alt=media&token=be9f47f8-855d-495e-824a-cee18bfcc130,,,,,,,,,,,,,,,,,,,,,,,,,,,,,,,,,,,,,,,,,,,,,,,,,,,,,,,,,,,,,,,,,,,,N,,,"가죽제품 재료의 종류 :: 겉감 - 인조가죽(합성가죽), 안감 - 면 55%, 폴리에스터 42%, 폴리우레탄 3%, 바닥재 - 합성고무",,,,,,,,,2019년 11월,그늘/바닥에 뉘어서 건조;드라이클리닝 불가함;물세탁 안됨;염소계 표백제로 표백할 수 없음;불꽃주의,,,,
8805095463752,11160101,패션잡화>유니섹스신발>유니섹스신발류>실내화,arnaldo bassini 후니 거실화_WH 265mm (±1cm),후니 거실화,,,ab. 후니 거실화_WH,,,구분=수입|:|이름=(주)명신에프엔에스|:|주소=경기도 평택시 진위면 동천2길 14-21,수입제품,제조국=중국,(주)명신에프엔에스,arnaldo bassini|:|ab,단일,사이즈=265mm (±1cm),,1,,150.0,28.0,33.5,10.0,,봉지형,,비닐류(PP),N,N,"[[취급 및 사용상 주의사항]]
# 본 제품은 접착이 되어 있는 제품으로 세탁 시 탈색 및 제품 변형이 있을 수 있으니 가급적 세탁을 하지 마십시오.
# 오염제거는 엷게 푼 세제를 부드러운 헝겊에 묻혀서 닦아주십시오,
# 장시간 물에 담궈 두거나 세탁기 사용을 절대 금합니다.",구입처,031-666-3272 ((주)명신에프엔에스),,"# 본 제품은 엄격한 품질관리와 공정관리를 거쳐 생산 되었으며 외관검사, 물성검사에서 합격한 제품입니다.",,2023-07-06 14:25:49,2023-07-22 07:00:07,https://firebasestorage.googleapis.com/v0/b/steady-copilot-206205.appspot.com/o/goods%2F76006cd2-327f-47d7-a156-810bf8aa6ff5%2F76006cd2-327f-47d7-a156-810bf8aa6ff5_front_angle_1000.jpg?alt=media&token=a9c93460-7588-4082-9037-55a88731ab43,https://firebasestorage.googleapis.com/v0/b/steady-copilot-206205.appspot.com/o/goods%2F76006cd2-327f-47d7-a156-810bf8aa6ff5%2F76006cd2-327f-47d7-a156-810bf8aa6ff5_front_angle_1000.png?alt=media&token=0ec2ab70-72e8-4345-bb88-736b4bb47812,https://firebasestorage.googleapis.com/v0/b/steady-copilot-206205.appspot.com/o/goods%2F76006cd2-327f-47d7-a156-810bf8aa6ff5%2F76006cd2-327f-47d7-a156-810bf8aa6ff5_front_angle_250.jpg?alt=media&token=1f1f988c-79f8-4fe3-b5fa-a4d32a0b8608,https://firebasestorage.googleapis.com/v0/b/steady-copilot-206205.appspot.com/o/goods%2F76006cd2-327f-47d7-a156-810bf8aa6ff5%2F76006cd2-327f-47d7-a156-810bf8aa6ff5_front_angle_250.png?alt=media&token=60bf381e-4955-4f21-a822-b6b262971c42,,,,,,,,,,,,,,,,,,,,,,,,,,,,,,,,,,,,,,,,,,,,,,,,,,,,,,,,,,,,,,,,,,,,N,,,"가죽제품 재료의 종류 :: 겉감 - 인조가죽(합성가죽), 안감 - 면 85%, 폴리에스터 14%, 레이온 1%, 바닥재 - 합성고무",,,,,,,,,2019년 11월,그늘/바닥에 뉘어서 건조;드라이클리닝 불가함;물세탁 안됨;염소계 표백제로 표백할 수 없음;불꽃주의,,,,
8809158525852,11160101,패션잡화>유니섹스신발>유니섹스신발류>실내화,SUNG MOON 뉴 청소거실화,뉴 청소거실화,,,,,,구분=제조/판매|:|이름=성문 인터내셔날|:|주소=인천 서구 가좌동 178-334,수입제품,제조국=중국,성문 인터내셔날,SUNG MOON|:|성문,단일,,,1,,120.0,27.3,31.0,8.0,,봉지형,,플라스틱(PVC),N,N,,,,"# Beauty House Wares
_ our company is made beauty house wares only
# Just For You",,,2023-07-06 14:36:15,2023-07-22 07:00:07,https://firebasestorage.googleapis.com/v0/b/steady-copilot-206205.appspot.com/o/goods%2F24549828-ecdd-49cf-d7a9-197b6dd0f351%2F24549828-ecdd-49cf-d7a9-197b6dd0f351_front_angle_1000.jpg?alt=media&token=ac31c33a-9385-4d91-acc5-7d7d4f627872,https://firebasestorage.googleapis.com/v0/b/steady-copilot-206205.appspot.com/o/goods%2F24549828-ecdd-49cf-d7a9-197b6dd0f351%2F24549828-ecdd-49cf-d7a9-197b6dd0f351_front_angle_1000.png?alt=media&token=d537d325-b695-47b5-a646-73caedae66b0,https://firebasestorage.googleapis.com/v0/b/steady-copilot-206205.appspot.com/o/goods%2F24549828-ecdd-49cf-d7a9-197b6dd0f351%2F24549828-ecdd-49cf-d7a9-197b6dd0f351_front_angle_250.jpg?alt=media&token=91a4df29-f799-4920-a8a3-1ee863da23ac,https://firebasestorage.googleapis.com/v0/b/steady-copilot-206205.appspot.com/o/goods%2F24549828-ecdd-49cf-d7a9-197b6dd0f351%2F24549828-ecdd-49cf-d7a9-197b6dd0f351_front_angle_250.png?alt=media&token=952a2e13-e3a4-4252-9e6e-8a6a4cbabe69,,,,,,,,,,,,,,,,,,,,,,,,,,,,,,,,,,,,,,,,,,,,,,,,,,,,,,,,,,,,,,,,,,,,N,,,"재질 :: T/C, 면, EVA 자가드, 옥스포드, PVC",,,,,,,,,,,,,,
8809285862257,11100802,패션잡화>패션소품>우산>자동우산,Cloudpillar 접이식 자동우산 2단 체크실버 발롱테리 (225),접이식 자동우산 2단,,,접이식자동우산,CP-203C,,"구분=제조/생산|:|이름=주식회사 영인레인|:|주소=
구분=수입|:|이름=주식회사 영인레인|:|주소=서울시 강서구 화곡2동 884-2",수입제품,제조국=베트남,주식회사 영인레인,Cloudpillar,단일,,,1,,380.0,9.0,45.0,5.0,,기타유형,,,N,N,"[[사용 및 보관상 주의사항]]
#1 우산을 펼 때 좌우로 흔들어 펴주세요.
#2 사용 후 그늘에 말려 보관하세요.
#3 습기가 많은 곳에 보관하지 마세요.",,02-2695-6044 (주식회사 영인레인),,,,2023-07-10 10:57:24,2023-08-09 07:00:07,https://firebasestorage.googleapis.com/v0/b/steady-copilot-206205.appspot.com/o/goods%2F445c4793-385b-47c3-a860-ce2b4108325e%2F445c4793-385b-47c3-a860-ce2b4108325e_front_angle_1000.jpg?alt=media&token=1c0f4551-72f3-4682-943a-91f60cbd8fbd,https://firebasestorage.googleapis.com/v0/b/steady-copilot-206205.appspot.com/o/goods%2F445c4793-385b-47c3-a860-ce2b4108325e%2F445c4793-385b-47c3-a860-ce2b4108325e_front_angle_1000.png?alt=media&token=27e9bba1-0fee-4535-a199-a613e64956b8,https://firebasestorage.googleapis.com/v0/b/steady-copilot-206205.appspot.com/o/goods%2F445c4793-385b-47c3-a860-ce2b4108325e%2F445c4793-385b-47c3-a860-ce2b4108325e_front_angle_250.jpg?alt=media&token=626755ae-e0af-4fa6-8532-513c99b5db37,https://firebasestorage.googleapis.com/v0/b/steady-copilot-206205.appspot.com/o/goods%2F445c4793-385b-47c3-a860-ce2b4108325e%2F445c4793-385b-47c3-a860-ce2b4108325e_front_angle_250.png?alt=media&token=5ff78e1c-1825-4a9e-b0e0-534bf83ac376,,,,,,,,,,,,,,,,,,,,,,,,,,,,,,실버;블루,,체크,,,,,,,,,,,,,,,,,,,,,,,,,,,,,,,,폴리에스터,,,,Y,,,,,,,,,,,,2018년 11월,,,,,
8809285862233,11100802,패션잡화>패션소품>우산>자동우산,Cloudpillar 접이식 자동우산 2단 실버 발롱테리 (223),접이식 자동우산 2단,,,접이식자동우산,CP-002E,,"구분=제조/생산|:|이름=주식회사 영인레인|:|주소=
구분=수입|:|이름=주식회사 영인레인|:|주소=서울시 강서구 화곡2동 884-2",수입제품,제조국=중국,주식회사 영인레인,Cloudpillar,단일,,,1,,330.0,8.0,46.0,5.0,,기타유형,,,N,N,"[[사용 및 보관상 주의사항]]
#1 우산을 펼 때 좌우로 흔들어 펴주세요.
#2 사용 후 그늘에 말려 보관하세요.
#3 습기가 많은 곳에 보관하지 마세요.
#4 우산의 중봉이 휘지 않도록 주의하세요.",, 02-2695-6002 (주식회사 영인레인),,,,2023-07-10 11:07:01,2023-08-09 07:00:07,https://firebasestorage.googleapis.com/v0/b/steady-copilot-206205.appspot.com/o/goods%2F455383ed-27f1-4574-b71e-a06b945d1f3a%2F455383ed-27f1-4574-b71e-a06b945d1f3a_front_angle_1000.jpg?alt=media&token=21999353-be0c-4ef5-8f56-9a99f17394a1,https://firebasestorage.googleapis.com/v0/b/steady-copilot-206205.appspot.com/o/goods%2F455383ed-27f1-4574-b71e-a06b945d1f3a%2F455383ed-27f1-4574-b71e-a06b945d1f3a_front_angle_1000.png?alt=media&token=955d7f4f-f57b-48f0-bfa2-63a9e85201d7,https://firebasestorage.googleapis.com/v0/b/steady-copilot-206205.appspot.com/o/goods%2F455383ed-27f1-4574-b71e-a06b945d1f3a%2F455383ed-27f1-4574-b71e-a06b945d1f3a_front_angle_250.jpg?alt=media&token=c1bfd8cc-fc62-4321-8bb6-c477fbd662f6,https://firebasestorage.googleapis.com/v0/b/steady-copilot-206205.appspot.com/o/goods%2F455383ed-27f1-4574-b71e-a06b945d1f3a%2F455383ed-27f1-4574-b71e-a06b945d1f3a_front_angle_250.png?alt=media&token=4ece4dac-1983-40c3-a0d3-d074f273714f,,,,,,,,,,,,,,,,,,,,,,,,,,,,,,실버;블랙,,,,,,,,,,,,,,,,,,,,,,,,,,,,,,,,,,폴리에스터,,,,Y,,,,,,,,,,,,,,,,,
8809468322059,11100802,패션잡화>패션소품>우산>자동우산,가파치 접이식 자동우산 2단 체크실버 58cm x 8K,2단 체크실버 (가파치),,2단체크실버(가파치),접이식자동우산,RH205 (C),,구분=수입|:|이름=레인하우스|:|주소=경북 경산시 와촌면 음양길 31,수입제품,원산지=중국,레인하우스,가파치|:|CAPACCI|:|Rain House|:|레인하우스,단일,,,1,,380.0,9.0,45.0,5.0,,기타유형,,,N,N,"[[사용 및 보관상 주의]]
#1 우산을 펼 때 좌우로 흔들어서 편다.
#2 사용 후 그늘에서 말려서 보관한다.
#3 습기가 많은 곳에 보관하지 말 것.

[[기타 주의사항]]
# 본 제품은 CAPACCI 상표의 라이센스 협약에 따라 레인하우스에서 제조, 판매하는 상품으로 디자인 복제 및 상품권 무단사용을 불허함.",구입판매점,053-813-6512 (레인하우스),,"# 살대 사이즈, 살수 : 58cm x 8K
# 교환기간 : 구입일로 부터 7일까지",,2023-07-10 11:50:34,2023-08-09 07:00:07,https://firebasestorage.googleapis.com/v0/b/steady-copilot-206205.appspot.com/o/goods%2F92aeaa20-1695-4fae-8bfb-f3088b5dbda1%2F92aeaa20-1695-4fae-8bfb-f3088b5dbda1_front_angle_1000.jpg?alt=media&token=6aa84241-0392-4291-9c79-67b87658bf6c,https://firebasestorage.googleapis.com/v0/b/steady-copilot-206205.appspot.com/o/goods%2F92aeaa20-1695-4fae-8bfb-f3088b5dbda1%2F92aeaa20-1695-4fae-8bfb-f3088b5dbda1_front_angle_1000.png?alt=media&token=2399260e-a445-4d21-9827-489dc2c1e707,https://firebasestorage.googleapis.com/v0/b/steady-copilot-206205.appspot.com/o/goods%2F92aeaa20-1695-4fae-8bfb-f3088b5dbda1%2F92aeaa20-1695-4fae-8bfb-f3088b5dbda1_front_angle_250.jpg?alt=media&token=3586e81b-ab38-40e2-8e97-a3e7e9b441f4,https://firebasestorage.googleapis.com/v0/b/steady-copilot-206205.appspot.com/o/goods%2F92aeaa20-1695-4fae-8bfb-f3088b5dbda1%2F92aeaa20-1695-4fae-8bfb-f3088b5dbda1_front_angle_250.png?alt=media&token=e6eb5eee-a844-4880-9244-ff5871191cfb,,,,,,,,,,,,,,,,,,,,,,,,,,,,,,버건디;골드,,체크,,,,,,,,,,,,,,,,,,,,,,,,,,,,,,,,폴리실버 100%,,,,Y,,,,,http://www.cyverwoosan.com,,,,,,,2017년 01월,,,,,
8809285863230,11100801,패션잡화>패션소품>우산>수동우산,Cloudpillar 접이식수동우산 3단 실버 A 발롱테리 (323)(80),접이식수동우산 3단,,,접이식수동우산,CP-004E,,"구분=제조/생산|:|이름=주식회사 영인레인|:|주소=
구분=수입|:|이름=주식회사 영인레인|:|주소=서울시 강서구 화곡2동 884-2",수입제품,제조국=중국,주식회사 영인레인,Cloudpillar,단일,,,1,,270.0,6.0,5.0,24.5,,기타유형,,,N,N,"[[사용 및 보관상 주의사항]]
#1 우산을 펼 때 좌우로 흔들어 펴주세요.
#2 사용 후 그늘에 말려 보관하세요.
#3 습기가 많은 곳에 보관하지 마세요.
#4 우산의 중봉이 휘지 않도록 주의하세요.",,02-2695-6002 (주식회사 영인레인),,,,2023-07-14 09:19:32,2023-08-11 07:00:07,https://firebasestorage.googleapis.com/v0/b/steady-copilot-206205.appspot.com/o/goods%2F5cb998cd-ee20-4c67-8fa3-b29d17799f6b%2F5cb998cd-ee20-4c67-8fa3-b29d17799f6b_front_angle_1000.jpg?alt=media&token=1614d072-3987-466f-84ef-a9957cd63157,https://firebasestorage.googleapis.com/v0/b/steady-copilot-206205.appspot.com/o/goods%2F5cb998cd-ee20-4c67-8fa3-b29d17799f6b%2F5cb998cd-ee20-4c67-8fa3-b29d17799f6b_front_angle_1000.png?alt=media&token=02093a14-c63a-49f7-8006-3288aa90e682,https://firebasestorage.googleapis.com/v0/b/steady-copilot-206205.appspot.com/o/goods%2F5cb998cd-ee20-4c67-8fa3-b29d17799f6b%2F5cb998cd-ee20-4c67-8fa3-b29d17799f6b_front_angle_250.jpg?alt=media&token=acacb3b5-bad7-440f-8ad7-42096a3e812c,https://firebasestorage.googleapis.com/v0/b/steady-copilot-206205.appspot.com/o/goods%2F5cb998cd-ee20-4c67-8fa3-b29d17799f6b%2F5cb998cd-ee20-4c67-8fa3-b29d17799f6b_front_angle_250.png?alt=media&token=a72916c5-5ce7-4817-965e-479661f27eae,,,,,,,,,,,,,,,,,,,,,,,,,,,,,,실버;블랙,,,,,,,,,,,,,,,,,,,,,,,,,,,,,,,,,,폴리에스터,,,,Y,,,,,,,,,,,,,,,,,
8809158526354,11160101,패션잡화>유니섹스신발>유니섹스신발류>실내화,아놀드 바시니 심플2 거실화 (FREE),아놀드 바시니 심플 거실화,,,AB.심플2 거실화,,,구분=수입판매|:|이름=성문인터내셔날|:|주소=인천광역시 서구 봉수대로 183번길 19,수입제품,원산지=중국,성문인터내셔날,AB|:|아놀도 바시니|:|arnaldo bassini,단일,규격=FREE,,1,,140.0,28.0,32.0,6.5,,봉지형,,비닐류(PP),N,N,"[[기타 주의사항]]
# 직사광선에 장시간 노출시킬 경우 제품에 변형이 생길 수 있습니다.
# 물기가 있는 곳에서 사용하실 경우 미끄러질 수 있으니 주의하십시오.
# 본 제품은 상표등록제품으로 무단복제시 법적 처벌을 받을 수 있습니다.
# 본 제품은 디자인등록제품으로 무단복제시 법적 처벌을 받을 수 있습니다. ",,032-574-9063 (성문인터내셔날),"# 층간소음방지
# 초경량 EVA소재
# 편안한 착화감",# Designed By Korea,,2023-07-17 13:12:34,2023-08-11 07:00:07,https://firebasestorage.googleapis.com/v0/b/steady-copilot-206205.appspot.com/o/goods%2F2a7501d0-cc4b-4347-2e92-ce06dbf4bdd7%2F2a7501d0-cc4b-4347-2e92-ce06dbf4bdd7_front_angle_1000.jpg?alt=media&token=7c7de4ac-2c71-4293-9ba3-ebe93c89fc9f,https://firebasestorage.googleapis.com/v0/b/steady-copilot-206205.appspot.com/o/goods%2F2a7501d0-cc4b-4347-2e92-ce06dbf4bdd7%2F2a7501d0-cc4b-4347-2e92-ce06dbf4bdd7_front_angle_1000.png?alt=media&token=32b53e05-e564-420a-be52-709f63445aeb,https://firebasestorage.googleapis.com/v0/b/steady-copilot-206205.appspot.com/o/goods%2F2a7501d0-cc4b-4347-2e92-ce06dbf4bdd7%2F2a7501d0-cc4b-4347-2e92-ce06dbf4bdd7_front_angle_250.jpg?alt=media&token=56776580-d4e1-4910-87fd-64bc340221b6,https://firebasestorage.googleapis.com/v0/b/steady-copilot-206205.appspot.com/o/goods%2F2a7501d0-cc4b-4347-2e92-ce06dbf4bdd7%2F2a7501d0-cc4b-4347-2e92-ce06dbf4bdd7_front_angle_250.png?alt=media&token=ab18a0be-364a-496c-ab14-7da26b7f0923,,,,,,,,,,,,,,,,,,,,,,,,,,,,,,,,,,,,,,,,,,,,,,,,,,,,,,,,,,,,,,,,,,,,Y,,,재질 :: EVA,,,,,,,,,,,,,,
